date,published_date,club,player,source,title,url,credibility_score,rumor_strength,rumor_count,source_diversity,max_credibility,avg_credibility,max_rumor_strength,avg_rumor_strength,season,direction,transfer_type,is_loan,age,position,market_value_eur,transfer_fee_eur,wage_eur_annual,fee_to_market,market_minus_fee_eur,transfer_quality,transfer_indicator,rumor_indicator,pre_stock_return_7d,pre_stock_return_30d,pre_stock_volatility_30d,pre_market_return_30d,stock_context_indicator,car_m1_p1,car_0_p1,car_0_p3,car_0_p7,target_car,target_label,label,split,actual_label,predicted_label,prediction_confidence,prob_negative,prob_neutral,prob_positive
2021-06-23,2021-06-23,Borussia Dortmund,Jadon Sancho,The Guardian / Fabrizio Romano,Manchester United increase offer for Jadon Sancho to £73m,https://www.theguardian.com/football/2021/jun/23/manchester-united-increase-offer-for-jadon-sancho-to-73m,0.95,0.7575,1,1,0.95,0.95,0.7575,0.7575,2021-22,out,permanent,0,21.0,Left Winger,100000000.0,85000000.0,,0.85,15000000.0,0.6362,0.5556,0.7426,-0.036071,0.064407,0.018892,0.034166,0.5979,-0.032513,-0.01497,-0.01426,-0.022579,-0.01426,neutral,neutral,train,neutral,neutral,1.0,0.0,1.0,0.0
2021-06-23,2021-06-23,Manchester United,Jadon Sancho,The Guardian / Fabrizio Romano,Manchester United increase offer for Jadon Sancho to £73m,https://www.theguardian.com/football/2021/jun/23/manchester-united-increase-offer-for-jadon-sancho-to-73m,0.95,0.7575,1,1,0.95,0.95,0.7575,0.7575,2021-22,in,permanent,0,21.0,Left Winger,100000000.0,85000000.0,,0.85,15000000.0,0.7337,0.6069,0.7426,-0.005806,-0.03567,0.012439,0.022721,0.5946,0.003992,0.010124,-0.001856,0.006974,-0.001856,neutral,neutral,train,neutral,neutral,1.0,0.0,1.0,0.0
2021-07-01,2021-07-01,Borussia Dortmund,Jadon Sancho,The Guardian / Ed Aarons | The Guardian / Fabrizio Romano and Jamie Jackson,Jadon Sancho set to join Manchester United after £73m deal agreed || ‘Huge ambitions and courage’: the unstoppable rise of Jadon Sancho ,https://www.theguardian.com/football/2021/jul/01/unstoppable-rise-of-jadon-sancho-manchester-united | https://www.theguardian.com/football/2021/jun/30/jadon-sancho-set-to-join-manchester-united-after-78m-deal-agreed,0.95,0.7575,2,2,0.95,0.895,0.7575,0.7218,2021-22,out,permanent,0,21.0,Left Winger,100000000.0,85000000.0,,0.85,15000000.0,0.6362,0.5556,0.7926,-0.01035,-0.008772,0.015087,0.027623,0.5963,0.002631,0.001922,0.008237,-0.047711,0.008237,neutral,neutral,train,neutral,neutral,1.0,0.0,1.0,0.0
2021-07-01,2021-07-01,Manchester United,Jadon Sancho,The Guardian / Ed Aarons | The Guardian / Fabrizio Romano and Jamie Jackson | kickoff.com | pressandjournal.co.uk,Manchester United agree deal with Borussia Dortmund for Jadon Sancho || Borussia Dortmund and Manchester United have confirmed Jadon Sancho || Jadon Sancho set to join Manchester United after £73m deal agreed || ‘Huge ambitions and courage’: the unstoppable rise of Jadon Sancho ,https://www.kickoff.com/news/articles/world-news/categories/news/english-premier-league/borussia-dortmund-and-manchester-united-have-confirmed-jadon-sancho-transfer-to-england/701580 | https://www.pressandjournal.co.uk/news/world/3278803/manchester-united-agree-deal-with-borussia-dortmund-for-jadon-sancho/ | https://www.theguardian.com/football/2021/jul/01/unstoppable-rise-of-jadon-sancho-manchester-united | https://www.theguardian.com/football/2021/jun/30/jadon-sancho-set-to-join-manchester-united-after-78m-deal-agreed,0.5,0.465,4,4,0.95,0.6975,0.7575,0.5934,2021-22,in,permanent,0,21.0,Left Winger,100000000.0,85000000.0,,0.85,15000000.0,0.7337,0.6069,0.9726,-0.014276,-0.027529,0.00951,0.044177,0.6123,0.007938,0.006339,-0.012291,-0.003595,-0.012291,neutral,neutral,train,neutral,neutral,1.0,0.0,1.0,0.0
2021-07-02,2021-07-02,Manchester United,Jadon Sancho,sportsmole.co.uk,Manchester United confirm Jadon Sancho agreement,https://www.sportsmole.co.uk/football/man-utd/transfer-talk/news/manchester-united-confirm-jadon-sancho-agreement_453554.html,0.5,0.675,1,1,0.5,0.5,0.675,0.675,2021-22,in,permanent,0,21.0,Left Winger,100000000.0,85000000.0,,0.85,15000000.0,0.7337,0.6069,0.6912,-0.011635,-0.018614,0.009601,0.038667,0.6158,-0.003735,-0.009798,-0.009297,0.002805,-0.009297,neutral,neutral,train,neutral,neutral,1.0,0.0,1.0,0.0
2021-07-23,2021-07-23,Borussia Dortmund,Jadon Sancho,The Guardian / Guardian sport | The Guardian / Jamie Jackson,"Jadon Sancho seals £73m Manchester United move from Dortmund || Jadon Sancho, the 'generational' player who could be a bargain for Manchester United | Jamie Jackson",https://www.theguardian.com/football/2021/jul/23/jadon-sancho-seals-73m-manchester-united-move-from-dortmund | https://www.theguardian.com/football/2021/jul/23/jadon-sancho-the-generational-player-who-could-be-a-bargain-for-manchester-united,0.84,0.686,2,2,0.84,0.84,0.686,0.686,2021-22,out,permanent,0,21.0,Left Winger,100000000.0,85000000.0,,0.85,15000000.0,0.6362,0.5556,0.7181,0.008237,-0.059908,0.015578,-0.011389,0.5671,-0.018006,-0.001309,-0.006112,0.00721,-0.006112,neutral,neutral,train,neutral,neutral,1.0,0.0,1.0,0.0
2021-07-23,2021-07-23,Manchester United,Jadon Sancho,The Guardian / Guardian sport | The Guardian / Jamie Jackson,"Jadon Sancho seals £73m Manchester United move from Dortmund || Jadon Sancho, the 'generational' player who could be a bargain for Manchester United | Jamie Jackson",https://www.theguardian.com/football/2021/jul/23/jadon-sancho-seals-73m-manchester-united-move-from-dortmund | https://www.theguardian.com/football/2021/jul/23/jadon-sancho-the-generational-player-who-could-be-a-bargain-for-manchester-united,0.84,0.686,2,2,0.84,0.84,0.686,0.686,2021-22,in,permanent,0,21.0,Left Winger,100000000.0,85000000.0,,0.85,15000000.0,0.7337,0.6069,0.7181,0.0493,0.003824,0.011561,0.030265,0.6686,0.012758,0.000601,0.022553,0.032156,0.022553,positive,positive,train,positive,positive,1.0,0.0,0.0,1.0
2022-01-13,2022-01-13,Juventus,Dušan Vlahović,The Guardian / Fabrizio Romano,Arsenal pushing to sign Juventus midfielder Arthur Melo on loan,https://www.theguardian.com/football/2022/jan/13/arsenal-pushing-to-sign-juventus-midfielder-arthur-melo-on-loan,0.95,0.7575,1,1,0.95,0.95,0.7575,0.7575,2021-22,in,permanent,0,22.0,Centre-Forward,70000000.0,85400000.0,,1.22,-15400000.0,0.6755,0.5044,0.7426,-0.102848,-0.215044,0.033076,0.073603,0.3759,0.010734,0.022363,0.042102,0.094287,0.042102,positive,positive,train,positive,positive,1.0,0.0,0.0,1.0
2022-01-25,2022-01-25,Juventus,Dušan Vlahović,The Guardian / Fabrizio Romano,Juventus strike €75m deal to sign Dusan Vlahovic from Fiorentina,https://www.theguardian.com/football/2022/jan/25/juventus-75m-deal-sign-dusan-vlahovic-from-fiorentina,0.95,0.9675,1,1,0.95,0.95,0.9675,0.9675,2021-22,in,permanent,0,22.0,Centre-Forward,70000000.0,85400000.0,,1.22,-15400000.0,0.6755,0.5044,0.8161,-0.002915,-0.181818,0.030387,-0.028029,0.4381,0.107563,0.094389,0.134715,0.080978,0.134715,positive,positive,train,positive,positive,1.0,0.0,0.0,1.0
2022-01-27,2022-01-27,Juventus,Dušan Vlahović,"The Guardian / Fabrizio Romano, Will Unwin, Jacob Steinberg and PA Media",Transfer roundup: Rangers seal Diallo loan as Juventus land €75m Vlahovic,https://www.theguardian.com/football/2022/jan/27/transfer-round-up-rangers-diallo-loan-manchester-united-nottingham-forest-reject-johnson-bid-brentford,0.95,0.7575,1,1,0.95,0.95,0.7575,0.7575,2021-22,in,permanent,0,22.0,Centre-Forward,70000000.0,85400000.0,,1.22,-15400000.0,0.6755,0.5044,0.7426,0.095376,-0.033163,0.032938,0.002335,0.6006,0.07937,0.040517,-0.014019,-0.008531,-0.014019,neutral,neutral,train,neutral,neutral,1.0,0.0,1.0,0.0
2022-01-30,2022-01-30,Juventus,Dušan Vlahović,The Guardian / Andy Hunter and Fabrizio Romano,Liverpool sign Luis Díaz for initial €40m and target Fulham’s Fabio Carvalho,https://www.theguardian.com/football/2022/jan/30/liverpool-luis-diaz-tottenham-kulusevski-bentancur-transfer-news,0.95,0.7575,1,1,0.95,0.95,0.7575,0.7575,2021-22,in,permanent,0,22.0,Centre-Forward,70000000.0,85400000.0,,1.22,-15400000.0,0.6755,0.5044,0.7426,0.092437,0.025776,0.032503,-0.008102,0.6222,-0.028485,-0.054779,-0.053603,0.00687,-0.053603,negative,negative,train,negative,negative,1.0,1.0,0.0,0.0
2022-01-31,2022-01-31,Juventus,Dušan Vlahović,The Guardian / PA Media and Guardian sport,Rangers sign Aaron Ramsey on loan from Juventus for rest of season,https://www.theguardian.com/football/2022/jan/31/rangers-sign-aaron-ramsey-on-loan-from-juventus-for-rest-of-season,0.84,0.686,1,1,0.84,0.84,0.686,0.686,2021-22,in,permanent,0,22.0,Centre-Forward,70000000.0,85400000.0,,1.22,-15400000.0,0.6755,0.5044,0.6681,0.092437,0.025776,0.032503,-0.008102,0.6222,-0.028485,-0.054779,-0.053603,0.00687,-0.053603,negative,negative,train,negative,negative,1.0,1.0,0.0,0.0
2022-06-13,2022-06-13,Borussia Dortmund,Erling Haaland,The Guardian / Guardian sport,‘A proud day’: Erling Haaland completes £51.5m Manchester City move,https://www.theguardian.com/football/2022/jun/13/erling-haaland-completes-manchester-city-move-proud-day-borussia-dortmund,0.84,0.686,1,1,0.84,0.84,0.686,0.686,2022-23,out,permanent,0,21.0,Centre-Forward,150000000.0,60000000.0,,0.4,90000000.0,0.535,0.4375,0.7481,-0.067509,0.013193,0.027175,-0.012715,0.4928,-0.037468,-0.030442,-0.026205,-0.004451,-0.026205,negative,negative,train,negative,negative,1.0,1.0,0.0,0.0
2022-06-15,2022-06-15,Juventus,Federico Chiesa,The Guardian / Fabrizio Romano,Paul Pogba reaches verbal agreement to rejoin Juventus on free transfer,https://www.theguardian.com/football/2022/jun/15/paul-pogba-reaches-verbal-agreement-to-rejoin-juventus-on-free-transfer,0.95,0.9675,1,1,0.95,0.95,0.9675,0.9675,2022-23,in,permanent,0,24.0,Right Winger,65000000.0,44600000.0,,0.6862,20400000.0,0.8456,0.7619,0.9161,-0.140824,0.077806,0.026354,-0.085976,0.4253,0.018916,0.022032,0.090604,0.093494,0.090604,positive,positive,train,positive,positive,1.0,0.0,0.0,1.0
2022-06-16,2022-06-16,Borussia Dortmund,Erling Haaland,The Guardian / Fabrizio Romano and Will Unwin,Manchester City poised to bid for Brighton left-back Marc Cucurella,https://www.theguardian.com/football/2022/jun/16/manchester-city-bid-brighton-left-back-marc-cucurella-yves-bissouma-tottenham,0.95,0.9675,1,1,0.95,0.95,0.9675,0.9675,2022-23,out,permanent,0,21.0,Centre-Forward,150000000.0,60000000.0,,0.4,90000000.0,0.535,0.4375,0.8161,-0.105899,-0.008047,0.029288,-0.030011,0.4328,0.010882,-0.004127,0.014647,0.00164,0.014647,neutral,neutral,train,neutral,neutral,1.0,0.0,1.0,0.0
2022-06-17,2022-06-17,Borussia Dortmund,Erling Haaland,The Guardian / Luke McLaughlin,Football transfer rumours: Arsenal leading race to sign Gabriel Jesus?,https://www.theguardian.com/football/2022/jun/17/football-transfer-rumours-arsenal-gabriel-jesus-lautaro-martinez-tottenham,0.84,0.686,1,1,0.84,0.84,0.686,0.686,2022-23,out,permanent,0,21.0,Centre-Forward,150000000.0,60000000.0,,0.4,90000000.0,0.535,0.4375,0.6681,-0.134936,-0.054185,0.030501,-0.046496,0.3729,0.013255,0.024786,0.020446,0.025135,0.020446,positive,positive,train,positive,positive,1.0,0.0,0.0,1.0
2022-06-17,2022-06-17,Juventus,Federico Chiesa,The Guardian / Luke McLaughlin,Football transfer rumours: Arsenal leading race to sign Gabriel Jesus?,https://www.theguardian.com/football/2022/jun/17/football-transfer-rumours-arsenal-gabriel-jesus-lautaro-martinez-tottenham,0.84,0.686,1,1,0.84,0.84,0.686,0.686,2022-23,in,permanent,0,24.0,Right Winger,65000000.0,44600000.0,,0.6862,20400000.0,0.8456,0.7619,0.6681,-0.113918,0.118413,0.026117,-0.074502,0.4747,0.093337,0.066932,0.065803,0.062087,0.065803,positive,positive,train,positive,positive,1.0,0.0,0.0,1.0
2022-06-19,2022-06-19,Borussia Dortmund,Erling Haaland,The Guardian / Jacob Steinberg,Chelsea to step up Sterling bid as Manchester City expect player to leave,https://www.theguardian.com/football/2022/jun/19/chelsea-to-step-up-sterling-bid-as-manchester-city-expect-player-to-leave,0.84,0.686,1,1,0.84,0.84,0.686,0.686,2022-23,out,permanent,0,21.0,Centre-Forward,150000000.0,60000000.0,,0.4,90000000.0,0.535,0.4375,0.6681,-0.104552,0.022857,0.028463,-0.019013,0.4571,0.027123,0.019292,0.005008,0.008386,0.005008,neutral,neutral,train,neutral,neutral,1.0,0.0,1.0,0.0
2022-06-20,2022-06-20,Borussia Dortmund,Erling Haaland,The Guardian / Will Unwin,Football transfer rumours: Morata to Arsenal? Jesus to Tottenham?,https://www.theguardian.com/football/2022/jun/20/football-transfer-rumours-morata-to-arsenal-jesus-to-tottenham,0.84,0.686,1,1,0.84,0.84,0.686,0.686,2022-23,out,permanent,0,21.0,Centre-Forward,150000000.0,60000000.0,,0.4,90000000.0,0.535,0.4375,0.6681,-0.104552,0.022857,0.028463,-0.019013,0.4571,0.027123,0.019292,0.005008,0.008386,0.005008,neutral,neutral,train,neutral,neutral,1.0,0.0,1.0,0.0
2022-06-24,2022-06-24,Juventus,Bremer,The Guardian / Barry Glendenning,"Football transfer rumours: Nicolò Zaniolo to Spurs, Juventus or Milan?",https://www.theguardian.com/football/2022/jun/24/football-transfer-rumours-nicolo-zaniolo-to-spurs-juventus-or-milan,0.84,0.686,1,1,0.84,0.84,0.686,0.686,2022-23,in,permanent,0,25.0,Centre-Back,35000000.0,51300000.0,,1.4657,-16300000.0,0.6452,0.5059,0.6681,0.08545,0.202815,0.027274,-0.101173,0.672,0.002484,-0.023713,-0.045682,-0.005061,-0.045682,negative,negative,train,negative,negative,1.0,1.0,0.0,0.0
2022-06-24,2022-06-24,Juventus,Federico Chiesa,The Guardian / Barry Glendenning,"Football transfer rumours: Nicolò Zaniolo to Spurs, Juventus or Milan?",https://www.theguardian.com/football/2022/jun/24/football-transfer-rumours-nicolo-zaniolo-to-spurs-juventus-or-milan,0.84,0.686,1,1,0.84,0.84,0.686,0.686,2022-23,in,permanent,0,24.0,Right Winger,65000000.0,44600000.0,,0.6862,20400000.0,0.8456,0.7619,0.6681,0.08545,0.202815,0.027274,-0.101173,0.672,0.002484,-0.023713,-0.045682,-0.005061,-0.045682,negative,negative,train,negative,negative,1.0,1.0,0.0,0.0
2022-06-24,2022-06-24,Juventus,Matthijs de Ligt,The Guardian / Barry Glendenning,"Football transfer rumours: Nicolò Zaniolo to Spurs, Juventus or Milan?",https://www.theguardian.com/football/2022/jun/24/football-transfer-rumours-nicolo-zaniolo-to-spurs-juventus-or-milan,0.84,0.686,1,1,0.84,0.84,0.686,0.686,2022-23,out,permanent,0,22.0,Centre-Back,70000000.0,67000000.0,,0.9571,3000000.0,0.6604,0.5838,0.6681,0.08545,0.202815,0.027274,-0.101173,0.672,0.002484,-0.023713,-0.045682,-0.005061,-0.045682,negative,negative,train,negative,negative,1.0,1.0,0.0,0.0
2022-06-27,2022-06-27,Juventus,Bremer,The Guardian / Gregg Bakowski,Football transfer rumours: Chelsea to sign Matthijs de Ligt from Juventus? ,https://www.theguardian.com/football/2022/jun/27/football-transfer-rumours-chelsea-to-sign-matthijs-de-ligt-from-juventus,0.84,0.686,1,1,0.84,0.84,0.686,0.686,2022-23,in,permanent,0,25.0,Centre-Back,35000000.0,51300000.0,,1.4657,-16300000.0,0.6452,0.5059,0.6681,0.092496,0.18262,0.027252,-0.07964,0.6795,-0.034349,-0.00717,-0.007947,0.009692,-0.007947,neutral,neutral,train,neutral,neutral,1.0,0.0,1.0,0.0
2022-06-27,2022-06-27,Juventus,Federico Chiesa,The Guardian / Gregg Bakowski,Football transfer rumours: Chelsea to sign Matthijs de Ligt from Juventus? ,https://www.theguardian.com/football/2022/jun/27/football-transfer-rumours-chelsea-to-sign-matthijs-de-ligt-from-juventus,0.84,0.686,1,1,0.84,0.84,0.686,0.686,2022-23,in,permanent,0,24.0,Right Winger,65000000.0,44600000.0,,0.6862,20400000.0,0.8456,0.7619,0.6681,0.092496,0.18262,0.027252,-0.07964,0.6795,-0.034349,-0.00717,-0.007947,0.009692,-0.007947,neutral,neutral,train,neutral,neutral,1.0,0.0,1.0,0.0
2022-06-27,2022-06-27,Juventus,Matthijs de Ligt,The Guardian / Gregg Bakowski,Football transfer rumours: Chelsea to sign Matthijs de Ligt from Juventus? ,https://www.theguardian.com/football/2022/jun/27/football-transfer-rumours-chelsea-to-sign-matthijs-de-ligt-from-juventus,0.84,0.686,1,1,0.84,0.84,0.686,0.686,2022-23,out,permanent,0,22.0,Centre-Back,70000000.0,67000000.0,,0.9571,3000000.0,0.6604,0.5838,0.6681,0.092496,0.18262,0.027252,-0.07964,0.6795,-0.034349,-0.00717,-0.007947,0.009692,-0.007947,neutral,neutral,train,neutral,neutral,1.0,0.0,1.0,0.0
2022-06-30,2022-06-30,Juventus,Federico Chiesa,The Guardian / Fabrizio Romano and Andy Hunter,Tottenham seal deal to sign Richarlison from Everton for initial £50m,https://www.theguardian.com/football/2022/jun/30/tottenham-seal-deal-to-sign-richarlison-from-everton-for-initial-50m,0.95,0.9675,1,1,0.95,0.95,0.9675,0.9675,2022-23,in,permanent,0,24.0,Right Winger,65000000.0,44600000.0,,0.6862,20400000.0,0.8456,0.7619,0.8161,-0.009214,0.103865,0.027469,-0.092707,0.5457,-0.009857,0.002656,0.038501,0.004511,0.038501,positive,positive,train,positive,positive,1.0,0.0,0.0,1.0
2022-07-01,2022-07-01,Manchester United,Lisandro Martínez,The Guardian / John Brewin,Football transfer rumours: Lisandro Martínez and Tielemans to Arsenal?,https://www.theguardian.com/football/2022/jul/01/football-transfer-rumours-lisandro-martinez-and-tielemans-to-arsenal,0.84,0.686,1,1,0.84,0.84,0.686,0.686,2022-23,in,permanent,0,24.0,Centre-Back,32000000.0,57370000.0,,1.7928,-25370000.0,0.5966,0.4983,0.6681,-0.033043,-0.144615,0.022934,-0.035248,0.4525,-0.018086,-0.010975,-0.039385,-0.040119,-0.039385,negative,negative,train,negative,negative,1.0,1.0,0.0,0.0
2022-07-05,2022-07-05,Juventus,Matthijs de Ligt,90min.com | The Guardian / Rob Smyth,Transfer rumours : Barca shock Ronaldo interest ; Martinez wants Premier League move || Football transfer rumours: Cristiano Ronaldo to Barcelona? Really?,https://www.90min.com/posts/transfer-rumours-barca-shock-ronaldo-interest-martinez-wants-premier-league-move | https://www.theguardian.com/football/2022/jul/05/football-transfer-rumours-cristiano-ronaldo-to-barcelona-really,0.5,0.465,2,2,0.84,0.67,0.686,0.5755,2022-23,out,permanent,0,22.0,Centre-Back,70000000.0,67000000.0,,0.9571,3000000.0,0.6604,0.5838,0.7181,-0.028754,0.059849,0.025969,-0.106048,0.5065,0.024903,0.013298,0.024605,-0.070095,0.024605,positive,positive,train,positive,positive,1.0,0.0,0.0,1.0
2022-07-06,2022-07-06,Juventus,Bremer,The Guardian / Fabrizio Romano,Juventus agree deal to make Di María second free signing with Pogba,https://www.theguardian.com/football/2022/jul/06/juventus-agree-deal-angel-di-maria-second-free-signing-with-paul-pogba,0.95,0.7575,1,1,0.95,0.95,0.7575,0.7575,2022-23,in,permanent,0,25.0,Centre-Back,35000000.0,51300000.0,,1.4657,-16300000.0,0.6452,0.5059,0.7426,-0.030465,0.039542,0.025911,-0.146186,0.4756,0.002311,-0.020205,-0.036208,-0.081614,-0.036208,negative,negative,train,negative,negative,1.0,1.0,0.0,0.0
2022-07-07,2022-07-07,Juventus,Matthijs de Ligt,thehardtackle.com,Transfer News : Chelsea hit roadblock in Matthijs de Ligt pursuit,http://www.thehardtackle.com/transfer-news/2022/07/07/chelsea-hit-roadblock-in-matthijs-de-ligt-pursuit/,0.5,0.465,1,1,0.5,0.5,0.465,0.465,2022-23,out,permanent,0,22.0,Centre-Back,70000000.0,67000000.0,,0.9571,3000000.0,0.6604,0.5838,0.4378,-0.026189,-0.011931,0.023746,-0.147717,0.462,0.003451,0.012222,-0.075065,-0.053309,-0.075065,negative,negative,train,negative,negative,1.0,1.0,0.0,0.0
2022-07-12,2022-07-12,Juventus,Bremer,The Guardian / Jacob Steinberg and Ed Aarons in Los Angeles,Chelsea in talks over signing Napoli’s Koulibaly to fix defensive crisis,https://www.theguardian.com/football/2022/jul/12/chelsea-kalidou-koulibaly-napoli-raheem-sterling-signing,0.84,0.896,1,1,0.84,0.84,0.896,0.896,2022-23,in,permanent,0,25.0,Centre-Back,35000000.0,51300000.0,,1.4657,-16300000.0,0.6452,0.5059,0.7816,0.023346,-0.046114,0.025748,-0.119853,0.4961,-0.08073,-0.041655,-0.045093,-0.041613,-0.045093,negative,negative,train,negative,negative,1.0,1.0,0.0,0.0
2022-07-14,2022-07-14,Manchester United,Lisandro Martínez,The Guardian / Fabrizio Romano,Manchester United to sign £42m Martínez and work on De Jong deal,https://www.theguardian.com/football/2022/jul/14/manchester-united-to-seal-42m-lisandro-martinez-deal-after-successful-talks,0.95,0.7575,1,1,0.95,0.95,0.7575,0.7575,2022-23,in,permanent,0,24.0,Centre-Back,32000000.0,57370000.0,,1.7928,-25370000.0,0.5966,0.4983,0.7426,-0.038879,-0.166928,0.020813,-0.079951,0.4221,0.02753,0.028672,0.031872,0.040129,0.031872,positive,positive,train,positive,positive,1.0,0.0,0.0,1.0
2022-07-15,2022-07-15,Juventus,Matthijs de Ligt,The Guardian / Will Unwin,"Football transfer rumours: Koundé in, Zinchenko out at Manchester City?",https://www.theguardian.com/football/2022/jul/15/football-transfer-rumours-kounde-in-zinchenko-out-at-manchester-city,0.84,0.686,1,1,0.84,0.84,0.686,0.686,2022-23,out,permanent,0,22.0,Centre-Back,70000000.0,67000000.0,,0.9571,3000000.0,0.6604,0.5838,0.6681,-0.083974,-0.138358,0.026364,-0.149501,0.3413,0.014893,0.029789,0.023154,0.010399,0.023154,positive,positive,train,positive,positive,1.0,0.0,0.0,1.0
2022-07-15,2022-07-15,Manchester United,Lisandro Martínez,dailypost.ng,Transfer : Hutchinson to join Chelsea as details of Man United deal for Martinez revealed,https://dailypost.ng/2022/07/15/transfer-hutchinson-to-join-chelsea-as-details-of-man-uniteds-deal-for-martinez-revealed/,0.5,0.465,1,1,0.5,0.5,0.465,0.465,2022-23,in,permanent,0,24.0,Centre-Back,32000000.0,57370000.0,,1.7928,-25370000.0,0.5966,0.4983,0.4378,-0.001852,-0.14172,0.021047,-0.075794,0.4677,0.034835,0.017906,0.01189,0.010527,0.01189,neutral,neutral,train,neutral,neutral,1.0,0.0,1.0,0.0
2022-07-16,2022-07-16,Manchester United,Lisandro Martínez,The Guardian / Jamie Jackson in Melbourne,Lisandro Martínez flies in to complete £42m Manchester United move,https://www.theguardian.com/football/2022/jul/16/lisandro-martinez-flies-in-to-complete-42m-manchester-united-move,0.84,0.686,1,1,0.84,0.84,0.686,0.686,2022-23,in,permanent,0,24.0,Centre-Back,32000000.0,57370000.0,,1.7928,-25370000.0,0.5966,0.4983,0.7481,0.015668,-0.124006,0.021602,-0.075095,0.4898,0.015876,0.00377,0.008583,0.008567,0.008583,neutral,neutral,train,neutral,neutral,1.0,0.0,1.0,0.0
2022-07-17,2022-07-17,Juventus,Bremer,The Guardian / Fabrizio Romano,Bayern Munich agree €80m deal to sign Matthijs de Ligt from Juventus,https://www.theguardian.com/football/2022/jul/17/bayern-munich-agree-80m-deal-to-sign-matthijs-de-ligt-from-juventus,0.95,0.9675,1,1,0.95,0.95,0.9675,0.9675,2022-23,in,permanent,0,25.0,Centre-Back,35000000.0,51300000.0,,1.4657,-16300000.0,0.6452,0.5059,0.8161,-0.076221,-0.125064,0.026929,-0.147887,0.3531,0.019731,0.009467,0.00143,0.000809,0.00143,neutral,neutral,train,neutral,neutral,1.0,0.0,1.0,0.0
2022-07-17,2022-07-17,Juventus,Matthijs de Ligt,The Guardian / Fabrizio Romano,Bayern Munich agree €80m deal to sign Matthijs de Ligt from Juventus,https://www.theguardian.com/football/2022/jul/17/bayern-munich-agree-80m-deal-to-sign-matthijs-de-ligt-from-juventus,0.95,0.9675,1,1,0.95,0.95,0.9675,0.9675,2022-23,out,permanent,0,22.0,Centre-Back,70000000.0,67000000.0,,0.9571,3000000.0,0.6604,0.5838,0.8161,-0.076221,-0.125064,0.026929,-0.147887,0.3531,0.019731,0.009467,0.00143,0.000809,0.00143,neutral,neutral,train,neutral,neutral,1.0,0.0,1.0,0.0
2022-07-17,2022-07-17,Manchester United,Lisandro Martínez,90min.com | The Guardian / Jamie Jackson in Melbourne | tsn.ca,Man United agrees $58M fee for Ajax defender Martínez || Manchester United confirm agreement for Lisandro Martinez transfer || Manchester United agree initial £46m transfer fee for Lisandro Martínez,https://www.90min.com/posts/manchester-united-confirm-agreement-lisandro-martinez-transfer | https://www.theguardian.com/football/2022/jul/17/manchester-united-agree-46m-transfer-fee-for-lisandro-martinez | https://www.tsn.ca/man-united-agrees-58m-fee-for-ajax-defender-martinez-1.1826610,0.5,0.465,3,3,0.84,0.6133,0.686,0.6087,2022-23,in,permanent,0,24.0,Centre-Back,32000000.0,57370000.0,,1.7928,-25370000.0,0.5966,0.4983,0.9481,0.015668,-0.124006,0.021602,-0.075095,0.4898,0.015876,0.00377,0.008583,0.008567,0.008583,neutral,neutral,train,neutral,neutral,1.0,0.0,1.0,0.0
2022-07-18,2022-07-18,Juventus,Matthijs de Ligt,pakobserver.net,Bayern Munich sign Matthijs de Ligt - Pakistan Observer,https://pakobserver.net/bayern-munich-sign-matthijs-de-ligt/,0.5,0.465,1,1,0.5,0.5,0.465,0.465,2022-23,out,permanent,0,22.0,Centre-Back,70000000.0,67000000.0,,0.9571,3000000.0,0.6604,0.5838,0.4378,-0.076221,-0.125064,0.026929,-0.147887,0.3531,0.019731,0.009467,0.00143,0.000809,0.00143,neutral,neutral,train,neutral,neutral,1.0,0.0,1.0,0.0
2022-07-19,2022-07-19,Juventus,Bremer,90min.com | teamtalk.com,Juventus beat Inter to Gleison Bremer signing || Euro Paper Talk : Paratici ponders reviving  old obsession  Nicolo Zaniolo to finish Tottenham business in style,https://www.90min.com/posts/juventus-beat-inter-gleison-bremer-signing | https://www.teamtalk.com/tottenham-hotspur/euro-transfer-gossip-nicolo-zaniolo-fabio-paratici-spurs-leicester-boubakary-soumare-monaco,0.5,0.465,2,2,0.5,0.5,0.465,0.465,2022-23,in,permanent,0,25.0,Centre-Back,35000000.0,51300000.0,,1.4657,-16300000.0,0.6452,0.5059,0.4878,-0.078756,-0.090537,0.027772,-0.131207,0.3725,0.011952,-0.00714,-0.004901,-0.036925,-0.004901,neutral,neutral,train,neutral,neutral,1.0,0.0,1.0,0.0
2022-07-21,2022-07-21,Juventus,Bremer,daijiworld.com,Serie A : Juventus sign Brazilian defender Bremer from Torino,https://www.daijiworld.com/news/newsDisplay?newsID=981186,0.5,0.465,1,1,0.5,0.5,0.465,0.465,2022-23,in,permanent,0,25.0,Centre-Back,35000000.0,51300000.0,,1.4657,-16300000.0,0.6452,0.5059,0.4378,0.023429,-0.052381,0.027684,-0.102158,0.4951,0.004755,0.002156,-0.013757,-0.058178,-0.013757,neutral,neutral,train,neutral,neutral,1.0,0.0,1.0,0.0
2022-07-27,2022-07-27,Manchester United,Lisandro Martínez,The Guardian / Guardian sport,Manchester United complete Lisandro Martínez signing for initial £48.3m,https://www.theguardian.com/football/2022/jul/27/manchester-united-complete-lisandro-martinez-signing-ajax,0.84,0.686,1,1,0.84,0.84,0.686,0.686,2022-23,in,permanent,0,24.0,Centre-Back,32000000.0,57370000.0,,1.7928,-25370000.0,0.5966,0.4983,0.7481,0.0,-0.004517,0.018359,0.045717,0.6046,-0.020997,-0.007743,-0.009092,0.021885,-0.009092,neutral,neutral,train,neutral,neutral,1.0,0.0,1.0,0.0
2022-08-08,2022-08-08,Manchester United,Antony,"The Guardian / Jamie Jackson, Fabrizio Romano and Jacob Steinberg",Manchester United reach agreement to sign Adrien Rabiot for initial £15m,https://www.theguardian.com/football/2022/aug/08/manchester-united-reach-agreement-to-sign-adrien-rabiot-for-15m-transfer-window,0.95,0.9675,1,1,0.95,0.95,0.9675,0.9675,2022-23,in,permanent,0,22.0,Right Winger,35000000.0,95000000.0,,2.7143,-60000000.0,0.5,0.4167,0.9161,0.032287,-0.005186,0.013738,0.059679,0.6563,-0.015276,-0.005192,0.067167,0.172179,0.067167,positive,positive,train,positive,positive,1.0,0.0,0.0,1.0
2022-08-17,2022-08-17,Manchester United,Casemiro,"The Guardian / Jacob Steinberg, Jamie Jackson and Fabrizio Romano",Manchester United weigh up loan move for Chelsea’s Christian Pulisic,https://www.theguardian.com/football/2022/aug/17/manchester-united-weigh-up-loan-move-for-chelsea-christian-pulisic,0.95,0.7575,1,1,0.95,0.95,0.7575,0.7575,2022-23,in,permanent,0,30.0,Defensive Midfield,40000000.0,70650000.0,,1.7663,-30650000.0,0.4526,0.3263,0.7426,0.106493,0.183333,0.026864,0.119665,0.7932,0.092357,0.091593,0.067571,0.074696,0.067571,positive,positive,train,positive,positive,1.0,0.0,0.0,1.0
2022-08-19,2022-08-19,Manchester United,Casemiro,"The Guardian / Jamie Jackson, Fabrizio Romano, Will Unwin and agencies | The Guardian / Scott Murray","Manchester United agree Casemiro deal after Ancelotti confirms player exit || The Fiver | Casemiro, Manchester United and crisis-baton rubbernecking",https://www.theguardian.com/football/2022/aug/19/carlo-ancelotti-confirms-casemiro-will-move-to-manchester-united | https://www.theguardian.com/football/2022/aug/19/the-fiver-casemiro-manchester-united-crisis-baton-rubbernecking,0.95,0.9675,2,2,0.95,0.895,0.9675,0.8268,2022-23,in,permanent,0,30.0,Defensive Midfield,40000000.0,70650000.0,,1.7663,-30650000.0,0.4526,0.3263,0.9461,0.090196,0.295433,0.029051,0.09857,0.8134,-0.00662,-0.023092,-0.009341,0.006004,-0.009341,neutral,neutral,train,neutral,neutral,1.0,0.0,1.0,0.0
2022-08-22,2022-08-22,Manchester United,Casemiro,The Guardian / Andy Hunter at Old Trafford,Casemiro has bewildering glimpse of topsy-turvy life at Manchester United | Andy Hunter,https://www.theguardian.com/football/blog/2022/aug/22/casemiro-bewildering-glimpse-topsy-turvy-life-manchester-united-liverpool,0.84,0.686,1,1,0.84,0.84,0.686,0.686,2022-23,in,permanent,0,30.0,Defensive Midfield,40000000.0,70650000.0,,1.7663,-30650000.0,0.4526,0.3263,0.6681,0.114007,0.301618,0.028897,0.097044,0.8195,-0.009231,-0.002513,0.00109,0.033333,0.00109,neutral,neutral,train,neutral,neutral,1.0,0.0,1.0,0.0
2022-08-26,2022-08-26,Manchester United,Antony,The Guardian / Gregg Bakowski,Football transfer rumours: Asensio to Manchester United? Maupay to Everton?,https://www.theguardian.com/football/2022/aug/26/football-transfer-rumours-asensio-to-manchester-united-maupay-to-everton,0.84,0.686,1,1,0.84,0.84,0.686,0.686,2022-23,in,permanent,0,22.0,Right Winger,35000000.0,95000000.0,,2.7143,-60000000.0,0.5,0.4167,0.6681,-0.007315,0.231397,0.029585,0.086965,0.6899,-0.006762,-0.008475,0.033279,0.112571,0.033279,positive,positive,train,positive,positive,1.0,0.0,0.0,1.0
2022-08-26,2022-08-26,Manchester United,Casemiro,The Guardian / Gregg Bakowski,Football transfer rumours: Asensio to Manchester United? Maupay to Everton?,https://www.theguardian.com/football/2022/aug/26/football-transfer-rumours-asensio-to-manchester-united-maupay-to-everton,0.84,0.686,1,1,0.84,0.84,0.686,0.686,2022-23,in,permanent,0,30.0,Defensive Midfield,40000000.0,70650000.0,,1.7663,-30650000.0,0.4526,0.3263,0.6681,-0.007315,0.231397,0.029585,0.086965,0.6899,-0.006762,-0.008475,0.033279,0.112571,0.033279,positive,positive,train,positive,positive,1.0,0.0,0.0,1.0
2022-08-29,2022-08-29,Manchester United,Antony,The Guardian / Fabrizio Romano,Manchester United agree loan deal for Dubravka as Antony completes medical,https://www.theguardian.com/football/2022/aug/29/manchester-united-agree-deal-to-sign-martin-dubravka-from-newcastle,0.95,0.9675,1,1,0.95,0.95,0.9675,0.9675,2022-23,in,permanent,0,22.0,Right Winger,35000000.0,95000000.0,,2.7143,-60000000.0,0.5,0.4167,0.9961,-0.054676,0.192377,0.03042,0.059206,0.613,0.01363,0.021223,0.036188,0.103222,0.036188,positive,positive,train,positive,positive,1.0,0.0,0.0,1.0
2022-08-30,2022-08-30,Manchester United,Antony,The Guardian / Jamie Jackson,Manchester United reach agreement on €100m deal to sign Antony,https://www.theguardian.com/football/2022/aug/30/manchester-united-reach-agreement-on-100m-deal-to-sign-antony,0.84,0.896,1,1,0.84,0.84,0.896,0.896,2022-23,in,permanent,0,22.0,Right Winger,35000000.0,95000000.0,,2.7143,-60000000.0,0.5,0.4167,0.8416,-0.044591,0.171147,0.030472,0.023858,0.594,0.04138,0.041817,0.049863,0.096179,0.049863,positive,positive,train,positive,positive,1.0,0.0,0.0,1.0
2022-09-01,2022-09-01,Manchester United,Antony,The Guardian / Jamie Jackson,Antony seals €100m Manchester United move as Dubrakva joins on loan,https://www.theguardian.com/football/2022/sep/01/antony-completes-manchester-united-move-ajax,0.84,0.686,1,1,0.84,0.84,0.686,0.686,2022-23,in,permanent,0,22.0,Right Winger,35000000.0,95000000.0,,2.7143,-60000000.0,0.5,0.4167,0.6681,0.002237,0.190434,0.03049,-0.01099,0.6267,0.025905,0.006605,0.075826,0.080035,0.075826,positive,positive,train,positive,positive,1.0,0.0,0.0,1.0
2023-06-07,2023-06-07,Borussia Dortmund,Jude Bellingham,The Guardian / Fabrizio Romano | wsnewspublishers.com,Real Madrid Signs English Player Jude Bellingham from Borussia Dortmund for Record - Breaking 103 Million Euros Plus Bonuses || Real Madrid seal initial €103m deal to buy Jude Bellingham from Dortmund,https://wsnewspublishers.com/real-madrid-signs-english-player-jude-bellingham-from-borussia-dortmund-for-record-breaking-103-million-euros-plus-bonuses/ | https://www.theguardian.com/football/2023/jun/07/real-madrid-jude-bellingham-seal-initial-100m-deal-borussia-dortmund,0.5,0.465,2,2,0.95,0.725,0.9675,0.7163,2023-24,out,permanent,0,20.0,Attacking Midfield,120000000.0,127000000.0,,1.0583,-7000000.0,0.6831,0.6103,0.8661,0.006993,-0.021518,0.064239,0.00758,0.4185,0.014634,0.016197,0.014861,0.016057,0.014861,neutral,neutral,train,neutral,neutral,1.0,0.0,1.0,0.0
2023-06-08,2023-06-08,Borussia Dortmund,Jude Bellingham,The Guardian / Sid Lowe in Madrid,Jude Bellingham is 19 years old but ready to be Real Madrid’s everything | Sid Lowe,https://www.theguardian.com/football/2023/jun/08/football-jude-bellingham-real-madrid-england-dortmund,0.84,0.686,1,1,0.84,0.84,0.686,0.686,2023-24,out,permanent,0,20.0,Attacking Midfield,120000000.0,127000000.0,,1.0583,-7000000.0,0.6831,0.6103,0.6681,0.047045,-0.015873,0.06424,0.010435,0.4577,0.035965,0.033268,0.024825,-0.012963,0.024825,positive,positive,train,positive,positive,1.0,0.0,0.0,1.0
2023-06-14,2023-06-14,Borussia Dortmund,Jude Bellingham,The Guardian / David Tindall | bignewsnetwork.com,Real Madrid confirm signing of England midfielder Bellingham || Real Madrid complete signing of Jude Bellingham from Borussia Dortmund,https://www.bignewsnetwork.com/news/273865222/real-madrid-confirm-signing-of-england-midfielder-bellingham | https://www.theguardian.com/football/2023/jun/14/real-madrid-confirm-signing-of-jude-bellingham-from-borussia-dortmund,0.5,0.465,2,2,0.84,0.67,0.686,0.5755,2023-24,out,permanent,0,20.0,Attacking Midfield,120000000.0,127000000.0,,1.0583,-7000000.0,0.6831,0.6103,0.8781,0.062718,0.079009,0.063684,0.02628,0.5262,0.021127,0.00639,-0.027869,-0.033496,-0.027869,negative,negative,train,negative,negative,1.0,1.0,0.0,0.0
2023-06-15,2023-06-15,Borussia Dortmund,Jude Bellingham,The Guardian / Sid Lowe in Madrid | hypebeast.com,Real Madrid Complete Transfer of Jude Bellingham || Jude Bellingham makes pitch-perfect start to epic adventure at Real Madrid | Sid Lowe,https://hypebeast.com/2023/6/real-madrid-signs-jude-bellingham-borussia-dortmund | https://www.theguardian.com/football/2023/jun/15/jude-bellingham-makes-pitch-perfect-start-to-epic-adventure-at-real-madrid,0.5,0.465,2,2,0.84,0.67,0.686,0.5755,2023-24,out,permanent,0,20.0,Attacking Midfield,120000000.0,127000000.0,,1.0583,-7000000.0,0.6831,0.6103,0.7981,0.076389,0.088993,0.063718,0.036643,0.548,-0.004968,-0.01572,-0.057203,-0.06083,-0.057203,negative,negative,train,negative,negative,1.0,1.0,0.0,0.0
2023-06-22,2023-06-22,Borussia Dortmund,Jude Bellingham,The Guardian / Daniel Gallan,Football transfer rumours: Newcastle to sign Rúben Neves and Sadio Mané?,https://www.theguardian.com/football/2023/jun/22/football-transfer-rumours-newcastle-ruben-neves-sadio-mane,0.84,0.686,1,1,0.84,0.84,0.686,0.686,2023-24,out,permanent,0,20.0,Attacking Midfield,120000000.0,127000000.0,,1.0583,-7000000.0,0.6831,0.6103,0.6681,-0.051366,-0.026906,0.063559,0.011886,0.3693,0.013646,0.01412,-0.010089,-0.02435,-0.010089,neutral,neutral,train,neutral,neutral,1.0,0.0,1.0,0.0
2023-06-22,2023-06-22,Manchester United,Mason Mount,The Guardian / Jacob Steinberg,Manchester United confident of Mason Mount deal despite Chelsea knockbacks,https://www.theguardian.com/football/2023/jun/22/manchester-united-confident-mason-mount-deal-chelsea,0.84,0.686,1,1,0.84,0.84,0.686,0.686,2023-24,in,permanent,0,24.0,Attacking Midfield,60000000.0,67700000.0,,1.1283,-7700000.0,0.7461,0.5796,0.6681,0.130154,0.132404,0.042627,0.059847,0.7032,0.00683,-0.005201,0.057406,0.074949,0.057406,positive,positive,train,positive,positive,1.0,0.0,0.0,1.0
2023-06-23,2023-06-23,Manchester United,Mason Mount,The Guardian / Jacob Steinberg,Manchester United have third bid for Mason Mount rejected by Chelsea,https://www.theguardian.com/football/2023/jun/23/manchester-united-mason-mount-third-bid-chelsea,0.84,0.686,1,1,0.84,0.84,0.686,0.686,2023-24,in,permanent,0,24.0,Attacking Midfield,60000000.0,67700000.0,,1.1283,-7700000.0,0.7461,0.5796,0.6681,0.00786,0.136946,0.042651,0.059031,0.5976,-0.016181,-0.030426,0.089178,0.061678,0.089178,positive,positive,train,positive,positive,1.0,0.0,0.0,1.0
2023-06-28,2023-06-28,Manchester United,Mason Mount,The Guardian / Jacob Steinberg,Chelsea close on Caicedo and keen to sell Mount to Manchester United,https://www.theguardian.com/football/2023/jun/28/callum-hudson-odoi-chelsea-milan-fulham-nottingham-forest-target,0.84,0.686,1,1,0.84,0.84,0.686,0.686,2023-24,in,permanent,0,24.0,Attacking Midfield,60000000.0,67700000.0,,1.1283,-7700000.0,0.7461,0.5796,0.6681,0.014799,0.27321,0.039989,0.058538,0.6774,0.096448,0.024414,0.015954,-0.03223,0.015954,neutral,neutral,train,neutral,neutral,1.0,0.0,1.0,0.0
2023-06-29,2023-06-29,Manchester United,Mason Mount,The Guardian / Jacob Steinberg,Mason Mount to join Manchester United from Chelsea in £60m deal,https://www.theguardian.com/football/2023/jun/29/mason-mount-set-to-join-manchester-united-from-chelsea-for-60m,0.84,0.686,1,1,0.84,0.84,0.686,0.686,2023-24,in,permanent,0,24.0,Attacking Midfield,60000000.0,67700000.0,,1.1283,-7700000.0,0.7461,0.5796,0.6681,0.116444,0.324196,0.040565,0.064955,0.7614,0.010065,-0.035569,-0.034336,-0.109676,-0.034336,negative,negative,train,negative,negative,1.0,1.0,0.0,0.0
2023-07-04,2023-07-04,Manchester United,Mason Mount,dostor.org,ماونت يجتاز الفحص الطبي قبل الانتقال لمانشستر يونايتد,https://www.dostor.org/4440158,0.5,0.465,1,1,0.5,0.5,0.465,0.465,2023-24,in,permanent,0,24.0,Attacking Midfield,60000000.0,67700000.0,,1.1283,-7700000.0,0.7461,0.5796,0.4378,0.080088,0.303953,0.04075,0.062884,0.7486,-0.003397,-0.003432,-0.051701,-0.07177,-0.051701,negative,negative,train,negative,negative,1.0,1.0,0.0,0.0
2023-07-05,2023-07-05,Manchester United,André Onana,The Guardian / Jamie Jackson and Fabrizio Romano,Manchester United sign Mason Mount for £55m and set sights on André Onana,https://www.theguardian.com/football/2023/jul/05/manchester-united-confirm-mason-mount-signing-chelsea-55m,0.95,0.7575,1,1,0.95,0.95,0.7575,0.7575,2023-24,in,permanent,0,27.0,Goalkeeper,35000000.0,50200000.0,,1.4343,-15200000.0,0.6023,0.4511,0.7426,0.080088,0.303953,0.04075,0.062884,0.7486,-0.003397,-0.003432,-0.051701,-0.07177,-0.051701,negative,negative,train,negative,negative,1.0,1.0,0.0,0.0
2023-07-05,2023-07-05,Manchester United,Mason Mount,The Guardian / Jamie Jackson and Fabrizio Romano | economictimes.indiatimes.com | the42.ie,Mason Mount completes Manchester United move on five - year contract || Mason Mount : Mason Mount reveals reason behind joining Manchester United . Here what it is || Manchester United sign Mason Mount for £55m and set sights on André Onana,https://economictimes.indiatimes.com/news/international/us/mason-mount-reveals-reason-behind-joining-manchester-united-heres-what-it-is/articleshow/101523261.cms | https://www.the42.ie/mason-mount-to-man-united-6110189-Jul2023/ | https://www.theguardian.com/football/2023/jul/05/manchester-united-confirm-mason-mount-signing-chelsea-55m,0.5,0.465,3,3,0.95,0.65,0.7575,0.5625,2023-24,in,permanent,0,24.0,Attacking Midfield,60000000.0,67700000.0,,1.1283,-7700000.0,0.7461,0.5796,0.9226,0.080088,0.303953,0.04075,0.062884,0.7486,-0.003397,-0.003432,-0.051701,-0.07177,-0.051701,negative,negative,train,negative,negative,1.0,1.0,0.0,0.0
2023-07-07,2023-07-07,Manchester United,André Onana,The Guardian / Jacob Steinberg,Manchester United close on André Onana deal and target Rasmus Højlund,https://www.theguardian.com/football/2023/jul/07/manchester-united-close-on-andre-onana-deal-and-target-rasmus-hjlund,0.84,0.686,1,1,0.84,0.84,0.686,0.686,2023-24,in,permanent,0,27.0,Goalkeeper,35000000.0,50200000.0,,1.4343,-15200000.0,0.6023,0.4511,0.6681,0.012917,0.267466,0.039927,0.064167,0.6761,-0.051302,-0.047093,-0.062837,-0.037933,-0.062837,negative,negative,train,negative,negative,1.0,1.0,0.0,0.0
2023-07-07,2023-07-07,Manchester United,Rasmus Højlund,The Guardian / Jacob Steinberg,Manchester United close on André Onana deal and target Rasmus Højlund,https://www.theguardian.com/football/2023/jul/07/manchester-united-close-on-andre-onana-deal-and-target-rasmus-hjlund,0.84,0.686,1,1,0.84,0.84,0.686,0.686,2023-24,in,permanent,0,20.0,Centre-Forward,45000000.0,77800000.0,,1.7289,-32800000.0,0.511,0.3888,0.6681,0.012917,0.267466,0.039927,0.064167,0.6761,-0.051302,-0.047093,-0.062837,-0.037933,-0.062837,negative,negative,train,negative,negative,1.0,1.0,0.0,0.0
2023-07-14,2023-07-14,Manchester United,André Onana,caughtoffside.com | dailypost.ng,Transfer news : Andre Onana move to Man United is now imminent || Transfer : Fabrizio Romano gives update on Man Utd pursuit of Onana,https://dailypost.ng/2023/07/14/transfer-fabrizio-romano-gives-update-on-man-utd-pursuit-of-onana/ | https://www.caughtoffside.com/2023/07/14/transfer-news-onana-to-man-united-is-imminent-saudi-clubs-pushing-for-liverpool-stars-latest-on-lukakus-future-and-more/,0.5,0.465,2,2,0.95,0.725,0.7575,0.6112,2023-24,in,permanent,0,27.0,Goalkeeper,35000000.0,50200000.0,,1.4343,-15200000.0,0.6023,0.4511,0.7926,-0.061733,0.187888,0.040476,0.079001,0.5784,0.025313,0.027508,-0.044233,-0.037448,-0.044233,negative,negative,train,negative,negative,1.0,1.0,0.0,0.0
2023-07-17,2023-07-17,Manchester United,André Onana,The Guardian / Fabrizio Romano | thepeoplesperson.com,Fabrizio Romano reveals when Andre Onana will arrive at Man United to seal his move - Man United News And Transfer News || Manchester United turn attention to Højlund after sealing €50m Onana deal,https://thepeoplesperson.com/2023/07/17/fabrizio-romano-reveals-when-andre-onana-will-arrive-at-man-united-to-seal-his-move-266757/ | https://www.theguardian.com/football/2023/jul/17/manchester-united-andre-onana-rasmus-hojlund,0.95,0.7575,2,2,0.95,0.95,0.7575,0.7575,2023-24,in,permanent,0,27.0,Goalkeeper,35000000.0,50200000.0,,1.4343,-15200000.0,0.6023,0.4511,0.7926,-0.057178,0.233585,0.03961,0.067377,0.6013,0.024344,0.02648,-0.046435,-0.037539,-0.046435,negative,negative,train,negative,negative,1.0,1.0,0.0,0.0
2023-07-18,2023-07-18,Manchester United,André Onana,The Guardian / Jamie Jackson,André Onana: bold risk-taker is a brave signing for Manchester United,https://www.theguardian.com/football/2023/jul/18/andre-onana-manchester-united-risk-taker-bold-signing-passing,0.84,0.686,1,1,0.84,0.84,0.686,0.686,2023-24,in,permanent,0,27.0,Goalkeeper,35000000.0,50200000.0,,1.4343,-15200000.0,0.6023,0.4511,0.6681,-0.025144,0.256642,0.03984,0.056142,0.6338,-0.040572,-0.070683,-0.091671,-0.077073,-0.091671,negative,negative,train,negative,negative,1.0,1.0,0.0,0.0
2023-07-20,2023-07-20,Manchester United,André Onana,The Guardian / Jamie Jackson in New York,Manchester United confirm Onana signing and make Fernandes captain,https://www.theguardian.com/football/2023/jul/20/bruno-fernandes-confirmed-as-manchester-uniteds-new-captain,0.84,0.686,1,1,0.84,0.84,0.686,0.686,2023-24,in,permanent,0,27.0,Goalkeeper,35000000.0,50200000.0,,1.4343,-15200000.0,0.6023,0.4511,0.7481,-0.02989,0.198805,0.041144,0.065798,0.6025,-0.089424,-0.021362,0.006727,-0.005144,0.006727,neutral,neutral,train,neutral,neutral,1.0,0.0,1.0,0.0
2023-07-26,2023-07-26,Manchester United,Rasmus Højlund,The Guardian / Fabrizio Romano,Manchester United make offer worth up to £51.4m for Atalanta’s Rasmus Højlund,https://www.theguardian.com/football/2023/jul/26/manchester-united-make-offer-worth-up-to-514m-for-atalantas-rasmus-hjlund,0.95,0.7575,1,1,0.95,0.95,0.7575,0.7575,2023-24,in,permanent,0,20.0,Centre-Forward,45000000.0,77800000.0,,1.7289,-32800000.0,0.511,0.3888,0.7426,-0.05666,0.108296,0.039775,0.05267,0.5346,-0.012261,-0.013342,-0.009636,-0.081728,-0.009636,neutral,neutral,train,neutral,neutral,1.0,0.0,1.0,0.0
2023-07-27,2023-07-27,Manchester United,Rasmus Højlund,The Guardian / Jamie Jackson in Houston,Manchester United confident of signing Rasmus Højlund before season starts,https://www.theguardian.com/football/2023/jul/27/manchester-united-confident-signing-rasmus-hojlund-before-season-starts-atalanta,0.84,0.686,1,1,0.84,0.84,0.686,0.686,2023-24,in,permanent,0,20.0,Centre-Forward,45000000.0,77800000.0,,1.7289,-32800000.0,0.511,0.3888,0.6681,-0.057953,-0.027511,0.030784,0.04526,0.498,0.007305,0.009623,-0.092959,0.063254,-0.092959,negative,negative,train,negative,negative,1.0,1.0,0.0,0.0
2023-07-28,2023-07-28,Manchester United,Rasmus Højlund,caughtoffside.com,Transfer news : Key day in the Harry Kane / Bayern Munich saga,https://www.caughtoffside.com/2023/07/28/transfer-news-man-united-and-psg-pushing-for-talented-striker-key-day-for-kane-bayern-munich-saga-good-chance-arsenal-star-will-now-stay-and-more/,0.5,0.465,1,1,0.5,0.5,0.465,0.465,2023-24,in,permanent,0,20.0,Centre-Forward,45000000.0,77800000.0,,1.7289,-32800000.0,0.511,0.3888,0.4378,-0.002719,-0.05211,0.030724,0.037694,0.5312,-0.007125,0.003641,-0.069601,0.074391,-0.069601,negative,negative,train,negative,negative,1.0,1.0,0.0,0.0
2023-07-29,2023-07-29,Manchester United,Rasmus Højlund,The Guardian / Jamie Jackson | thepeoplesperson.com,Rasmus Hojlund dropped from Atalanta friendly squad as he prepares for Manchester United move - Man United News And Transfer News || Manchester United agree deal to sign Atalanta striker Rasmus Højlund,https://thepeoplesperson.com/2023/07/29/rasmus-hojlund-dropped-from-atalantas-friendly-squad-as-he-prepares-for-manchester-united-move-267314/ | https://www.theguardian.com/football/2023/jul/29/manchester-united-agree-deal-to-sign-atalanta-striker-rasmus-hjlund,0.5,0.465,2,2,0.84,0.67,0.686,0.5755,2023-24,in,permanent,0,20.0,Centre-Forward,45000000.0,77800000.0,,1.7289,-32800000.0,0.511,0.3888,0.7181,0.025968,-0.092301,0.028179,0.035336,0.5454,-0.081609,-0.102359,-0.106687,0.03459,-0.106687,negative,negative,train,negative,negative,1.0,1.0,0.0,0.0
2023-08-01,2023-08-01,Manchester United,Rasmus Højlund,caughtoffside.com,Photo : Rasmus Hojlund arrives at Man United Carrington complex for medical tests,https://www.caughtoffside.com/2023/08/01/photo-rasmus-hojlund-arrives-at-man-uniteds-carrington-complex-for-medical-tests/,0.5,0.675,1,1,0.5,0.5,0.675,0.675,2023-24,in,permanent,0,20.0,Centre-Forward,45000000.0,77800000.0,,1.7289,-32800000.0,0.511,0.3888,0.6112,0.024977,-0.063002,0.027066,0.040677,0.565,-0.090789,-0.073619,-0.072151,0.043803,-0.072151,negative,negative,train,negative,negative,1.0,1.0,0.0,0.0
2023-08-05,2023-08-05,Manchester United,Rasmus Højlund,The Guardian / John Brewin and PA Media,Manchester United unveil new signing Rasmus Højlund before Lens friendly,https://www.theguardian.com/football/2023/aug/05/manchester-united-unveil-rasmus-hojlund-lens-friendly,0.84,0.686,1,1,0.84,0.84,0.686,0.686,2023-24,in,permanent,0,20.0,Centre-Forward,45000000.0,77800000.0,,1.7289,-32800000.0,0.511,0.3888,0.6681,-0.069514,-0.093805,0.029949,0.029827,0.4518,0.16173,0.142536,0.118826,0.136812,0.118826,positive,positive,train,positive,positive,1.0,0.0,0.0,1.0
2024-06-12,2024-06-12,Juventus,Douglas Luiz,The Guardian / Thiago Rabelo,"Douglas Luiz: ‘Unai Emery is very intense in his work, very passionate’",https://www.theguardian.com/football/article/2024/jun/12/douglas-luiz-unai-emery-aston-villa-brazil-football,0.84,0.686,1,1,0.84,0.84,0.686,0.686,2024-25,in,permanent,0,26.0,Central Midfield,70000000.0,51500000.0,,0.7357,18500000.0,0.7845,0.6832,0.6681,0.053235,0.144312,0.018442,0.003763,0.7004,0.071525,0.01575,0.035085,0.119792,0.035085,positive,positive,train,positive,positive,1.0,0.0,0.0,1.0
2024-06-14,2024-06-14,Juventus,Douglas Luiz,teamtalk.com,"Mason Greenwood : Man Utd require West Ham favour to seal £40m transfer , as Fabrizio Romano tips shock new deal",https://www.teamtalk.com/manchester-united/man-utd-require-west-ham-favour-seal-40m-mason-greenwood-transfer-fabrizio-romano-tips-shock-new-deal,0.95,0.7575,1,1,0.95,0.95,0.7575,0.7575,2024-25,in,permanent,0,26.0,Central Midfield,70000000.0,51500000.0,,0.7357,18500000.0,0.7845,0.6832,0.7426,0.046392,0.08591,0.01731,-0.000565,0.6687,0.04007,0.02126,0.05488,0.099784,0.05488,positive,positive,train,positive,positive,1.0,0.0,0.0,1.0
2024-06-22,2024-06-22,Juventus,Douglas Luiz,The Guardian / Ed Aarons and Jacob Steinberg | joe.co.uk,"Douglas Luiz to join Juventus with two players heading to Aston Villa || Transfer roundup: Bayern close on Olise, Chelsea seal €60m Estêvão Willian signing",https://www.joe.co.uk/news/douglas-luiz-to-join-juventus-with-two-players-heading-to-aston-villa-443549 | https://www.theguardian.com/football/article/2024/jun/22/bayern-munich-michael-olise-crystal-palace,0.5,0.465,2,2,0.84,0.67,0.686,0.5755,2024-25,in,permanent,0,26.0,Central Midfield,70000000.0,51500000.0,,0.7357,18500000.0,0.7845,0.6832,0.7181,0.082759,0.125563,0.017383,-0.043285,0.6977,0.028573,-0.003978,0.014557,0.066339,0.014557,neutral,neutral,train,neutral,neutral,1.0,0.0,1.0,0.0
2024-06-23,2024-06-23,Manchester United,Leny Yoro,thehardtackle.com,"Leny Yoro reaches agreement to join Real Madrid , who step up interest",https://thehardtackle.com/transfer-news/2024/06/23/leny-yoro-reaches-agreement-to-join-real-madrid-who-step-up-interest/,0.5,0.675,1,1,0.5,0.5,0.675,0.675,2024-25,in,permanent,0,18.0,Centre-Back,50000000.0,62000000.0,,1.24,-12000000.0,0.571,0.3855,0.6112,-0.058824,0.026032,0.019544,0.048051,0.5644,0.004062,-0.000182,-0.015251,0.006987,-0.015251,neutral,neutral,train,neutral,neutral,1.0,0.0,1.0,0.0
2024-06-25,2024-06-25,Juventus,Douglas Luiz,The Guardian / Tom Garry,Juventus Women lead race to sign Hanna Bennison from Everton,https://www.theguardian.com/football/article/2024/jun/25/juventus-women-lead-race-to-sign-hanna-bennison-from-everton,0.86,0.699,1,1,0.86,0.86,0.699,0.699,2024-25,in,permanent,0,26.0,Central Midfield,70000000.0,51500000.0,,0.7357,18500000.0,0.7845,0.6832,0.6817,0.09841,0.151042,0.016923,-0.037438,0.7281,0.011833,0.017023,0.029038,0.103437,0.029038,positive,positive,train,positive,positive,1.0,0.0,0.0,1.0
2024-06-30,2024-06-30,Juventus,Douglas Luiz,The Guardian / Ben Fisher | menafn.com,Juventus Sign Brazilian Midfielder Douglas Luiz On Five - Year Contract || ‘Obrigado’: Aston Villa sell Douglas Luiz to Juventus for £42.4m,https://menafn.com/1108390389/Juventus-Sign-Brazilian-Midfielder-Douglas-Luiz-On-Five-Year-Contract | https://www.theguardian.com/football/article/2024/jun/30/obrigado-aston-villa-sell-douglas-luiz-to-juventus-for-424m,0.5,0.465,2,2,0.84,0.67,0.686,0.5755,2024-25,in,permanent,0,26.0,Central Midfield,70000000.0,51500000.0,,0.7357,18500000.0,0.7845,0.6832,0.7181,0.027862,0.139922,0.016791,-0.047983,0.6561,0.031302,0.022315,0.079529,0.087303,0.079529,positive,positive,train,positive,positive,1.0,0.0,0.0,1.0
2024-07-02,2024-07-02,Juventus,Douglas Luiz,The Guardian / Tom Garry,"Transfer latest: Arsenal sign Caldentey, Manchester United land Janssen",https://www.theguardian.com/football/article/2024/jul/02/arsenal-women-world-cup-football-mariona-caldentey-barcelona,0.84,0.896,1,1,0.84,0.84,0.896,0.896,2024-25,in,permanent,0,26.0,Central Midfield,70000000.0,51500000.0,,0.7357,18500000.0,0.7845,0.6832,0.7416,0.030027,0.195733,0.016136,-0.025633,0.6979,0.045199,0.03083,0.11641,0.071303,0.11641,positive,positive,train,positive,positive,1.0,0.0,0.0,1.0
2024-07-02,2024-07-02,Manchester United,Joshua Zirkzee,The Guardian / Tom Garry,"Transfer latest: Arsenal sign Caldentey, Manchester United land Janssen",https://www.theguardian.com/football/article/2024/jul/02/arsenal-women-world-cup-football-mariona-caldentey-barcelona,0.84,0.896,1,1,0.84,0.84,0.896,0.896,2024-25,in,permanent,0,23.0,Centre-Forward,50000000.0,42500000.0,,0.85,7500000.0,0.7837,0.6652,0.7416,0.009901,-0.030879,0.018321,0.032399,0.5943,0.003041,-0.009395,-0.024588,0.044352,-0.024588,negative,negative,train,negative,negative,1.0,1.0,0.0,0.0
2024-07-08,2024-07-08,Manchester United,Joshua Zirkzee,The Guardian / Jamie Jackson,Manchester United set to sign Joshua Zirkzee and up Jarrad Branthwaite bid,https://www.theguardian.com/football/article/2024/jul/08/manchester-united-joshua-zirkzee-set-sign-fee-dilemma,0.84,0.686,1,1,0.84,0.84,0.686,0.686,2024-25,in,permanent,0,23.0,Centre-Forward,50000000.0,42500000.0,,0.85,7500000.0,0.7837,0.6652,0.6681,0.003711,-0.02581,0.018217,0.049026,0.6,-0.005488,-0.014333,0.046626,0.0476,0.046626,positive,positive,train,positive,positive,1.0,0.0,0.0,1.0
2024-07-11,2024-07-11,Manchester United,Joshua Zirkzee,The Guardian / Jamie Jackson,Manchester United agree £35.3m deal for Bologna’s Joshua Zirkzee,https://www.theguardian.com/football/article/2024/jul/11/manchester-united-agree-353m-deal-for-bolognas-joshua-zirkzee,0.84,0.686,1,1,0.84,0.84,0.686,0.686,2024-25,in,permanent,0,23.0,Centre-Forward,50000000.0,42500000.0,,0.85,7500000.0,0.7837,0.6652,0.6681,0.03125,0.035692,0.020351,0.061792,0.6519,0.061909,0.003657,0.026872,0.022376,0.026872,positive,positive,train,positive,positive,1.0,0.0,0.0,1.0
2024-07-13,2024-07-13,Manchester United,Leny Yoro,The Guardian / Jamie Jackson,Erik ten Hag’s Manchester United rollercoaster shows little sign of slowing,https://www.theguardian.com/football/article/2024/jul/13/erik-ten-hags-manchester-united-rollercoaster-shows-little-sign-of-slowing,0.84,0.686,1,1,0.84,0.84,0.686,0.686,2024-25,in,permanent,0,18.0,Centre-Back,50000000.0,62000000.0,,1.24,-12000000.0,0.571,0.3855,0.6681,0.045285,0.010192,0.019823,0.072557,0.6595,0.024985,0.023488,-0.004451,0.030506,-0.004451,neutral,neutral,train,neutral,neutral,1.0,0.0,1.0,0.0
2024-07-14,2024-07-14,Manchester United,Joshua Zirkzee,The Guardian / Will Unwin,Manchester United sign striker Joshua Zirkzee for €42.5m from Bologna,https://www.theguardian.com/football/article/2024/jul/14/manchester-united-sign-striker-joshua-zirkzee,0.84,0.686,1,1,0.84,0.84,0.686,0.686,2024-25,in,permanent,0,23.0,Centre-Forward,50000000.0,42500000.0,,0.85,7500000.0,0.7837,0.6652,0.6681,0.045285,0.010192,0.019823,0.072557,0.6595,0.024985,0.023488,-0.004451,0.030506,-0.004451,neutral,neutral,train,neutral,neutral,1.0,0.0,1.0,0.0
2024-07-16,2024-07-16,Manchester United,Leny Yoro,The Guardian / Jamie Jackson,Manchester United agree £52m fee with Lille for defender Leny Yoro,https://www.theguardian.com/football/article/2024/jul/16/manchester-united-agree-52m-fee-with-lille-for-defender-leny-yoro,0.84,0.686,1,1,0.84,0.84,0.686,0.686,2024-25,in,permanent,0,18.0,Centre-Back,50000000.0,62000000.0,,1.24,-12000000.0,0.571,0.3855,0.6681,0.022797,-0.016588,0.019893,0.067022,0.6241,-0.001574,0.01158,0.008769,0.035853,0.008769,neutral,neutral,train,neutral,neutral,1.0,0.0,1.0,0.0
2024-07-16,2024-07-16,Manchester United,Matthijs de Ligt,The Guardian / Jamie Jackson,Manchester United agree £52m fee with Lille for defender Leny Yoro,https://www.theguardian.com/football/article/2024/jul/16/manchester-united-agree-52m-fee-with-lille-for-defender-leny-yoro,0.84,0.686,1,1,0.84,0.84,0.686,0.686,2024-25,in,permanent,0,25.0,Centre-Back,65000000.0,45000000.0,,0.6923,20000000.0,0.8192,0.7302,0.6681,0.022797,-0.016588,0.019893,0.067022,0.6241,-0.001574,0.01158,0.008769,0.035853,0.008769,neutral,neutral,train,neutral,neutral,1.0,0.0,1.0,0.0
2024-07-17,2024-07-17,Manchester United,Joshua Zirkzee,The Guardian / Jamie Jackson,Manchester United line up Leny Yoro medical in transfer battle with Real Madrid,https://www.theguardian.com/football/article/2024/jul/17/manchester-united-leny-yoro-medical-transfer-battle-real-madrid-lille,0.84,0.896,1,1,0.84,0.84,0.896,0.896,2024-25,in,permanent,0,23.0,Centre-Forward,50000000.0,42500000.0,,0.85,7500000.0,0.7837,0.6652,0.8416,0.084649,-0.00579,0.020448,0.072643,0.6843,0.007202,-0.029427,-0.005891,-0.002722,-0.005891,neutral,neutral,train,neutral,neutral,1.0,0.0,1.0,0.0
2024-07-17,2024-07-17,Manchester United,Leny Yoro,The Guardian / Jamie Jackson,Manchester United line up Leny Yoro medical in transfer battle with Real Madrid,https://www.theguardian.com/football/article/2024/jul/17/manchester-united-leny-yoro-medical-transfer-battle-real-madrid-lille,0.84,0.896,1,1,0.84,0.84,0.896,0.896,2024-25,in,permanent,0,18.0,Centre-Back,50000000.0,62000000.0,,1.24,-12000000.0,0.571,0.3855,0.8416,0.084649,-0.00579,0.020448,0.072643,0.6843,0.007202,-0.029427,-0.005891,-0.002722,-0.005891,neutral,neutral,train,neutral,neutral,1.0,0.0,1.0,0.0
2024-07-18,2024-07-18,Manchester United,Leny Yoro,caughtoffside.com,Manchester United reach personal agreement with Manuel Ugarte in late transfer update || Exclusive : Man United praised for  perfect  strategy to win race for Real Madrid transfer target,https://www.caughtoffside.com/2024/07/18/1594629/ | https://www.caughtoffside.com/2024/07/18/yoro-transfer-utd-strategy-praised/,0.5,0.675,2,1,0.5,0.5,0.675,0.57,2024-25,in,permanent,0,18.0,Centre-Back,50000000.0,62000000.0,,1.24,-12000000.0,0.571,0.3855,0.6613,0.050816,-0.026163,0.020922,0.056116,0.635,-0.027537,-0.002625,0.011002,0.028087,0.011002,neutral,neutral,train,neutral,neutral,1.0,0.0,1.0,0.0
2024-07-20,2024-07-20,Manchester United,Leny Yoro,The Guardian / Jamie Jackson at Murrayfield,New recruit Leny Yoro impresses to offer pre-season promise for United,https://www.theguardian.com/football/article/2024/jul/20/new-recruit-leny-yoro-impresses-to-offer-preseason-promise-for-united,0.84,0.686,1,1,0.84,0.84,0.686,0.686,2024-25,in,permanent,0,18.0,Centre-Back,50000000.0,62000000.0,,1.24,-12000000.0,0.571,0.3855,0.6681,-0.010083,0.027077,0.018233,0.028403,0.6025,0.015125,0.013861,0.028183,0.042405,0.028183,positive,positive,train,positive,positive,1.0,0.0,0.0,1.0
2024-07-21,2024-07-21,Manchester United,Leny Yoro,The Guardian / Jamie Jackson,Erik ten Hag impressed by Leny Yoro’s ‘mature’ Manchester United debut,https://www.theguardian.com/football/article/2024/jul/21/erik-ten-hag-impressed-by-leny-yoros-mature-manchester-united-debut,0.84,0.686,1,1,0.84,0.84,0.686,0.686,2024-25,in,permanent,0,18.0,Centre-Back,50000000.0,62000000.0,,1.24,-12000000.0,0.571,0.3855,0.6681,-0.010083,0.027077,0.018233,0.028403,0.6025,0.015125,0.013861,0.028183,0.042405,0.028183,positive,positive,train,positive,positive,1.0,0.0,0.0,1.0
2024-08-12,2024-08-12,Juventus,Teun Koopmeiners,The Guardian / Ed Aarons,Chelsea eye permanent deal for João Félix after Omorodion deal collapses,https://www.theguardian.com/football/article/2024/aug/12/chelsea-eye-permanent-deal-for-atletico-madrids-joao-felix,0.84,0.686,1,1,0.84,0.84,0.686,0.686,2024-25,in,permanent,0,26.0,Attacking Midfield,50000000.0,58400000.0,,1.168,-8400000.0,0.6872,0.5103,0.6681,-0.045649,-0.016564,0.019211,-0.057389,0.5043,-0.025657,-0.023676,0.075399,0.020299,0.075399,positive,positive,train,positive,positive,1.0,0.0,0.0,1.0
2024-08-12,2024-08-12,Manchester United,Matthijs de Ligt,The Guardian / Ed Aarons,"Manchester United set to sign De Ligt and Mazraoui, Wan-Bissaka heads to West Ham",https://www.theguardian.com/football/article/2024/aug/12/manchester-united-set-to-sign-de-ligt-and-mazraoui-wan-bissaka-heads-to-west-ham,0.84,0.686,1,1,0.84,0.84,0.686,0.686,2024-25,in,permanent,0,25.0,Centre-Back,65000000.0,45000000.0,,0.6923,20000000.0,0.8192,0.7302,0.6681,0.001191,0.041512,0.017494,-0.021302,0.597,-0.024618,-0.015651,0.038119,0.067563,0.038119,positive,positive,train,positive,positive,1.0,0.0,0.0,1.0
2024-08-13,2024-08-13,Manchester United,Matthijs de Ligt,The Guardian / Mark Dobson,Manchester United confirm signings of Matthijs de Ligt and Noussair Mazraoui,https://www.theguardian.com/football/article/2024/aug/13/manchester-united-sign-mathijs-de-ligt-noussair-mazraoui,0.84,0.686,1,1,0.84,0.84,0.686,0.686,2024-25,in,permanent,0,25.0,Centre-Back,65000000.0,45000000.0,,0.6923,20000000.0,0.8192,0.7302,0.7481,0.01146,0.027574,0.017412,-0.023872,0.5985,0.013158,0.014711,0.041974,0.06502,0.041974,positive,positive,train,positive,positive,1.0,0.0,0.0,1.0
2024-08-15,2024-08-15,Manchester United,Matthijs de Ligt,The Guardian / Will Unwin,Ten Hag insists ‘confident’ Manchester United can win Premier League,https://www.theguardian.com/football/article/2024/aug/15/manchester-united-erik-ten-hag-premier-league,0.84,0.686,1,1,0.84,0.84,0.686,0.686,2024-25,in,permanent,0,25.0,Centre-Back,65000000.0,45000000.0,,0.6923,20000000.0,0.8192,0.7302,0.6681,0.010753,0.049628,0.018301,-0.014775,0.6096,0.057544,0.028219,0.052599,0.027787,0.052599,positive,positive,train,positive,positive,1.0,0.0,0.0,1.0
2024-08-16,2024-08-16,Manchester United,Matthijs de Ligt,The Guardian / Xaymaca Awoyungbo (earlier) and Rob Smyth (later),Premier League returns: team news and Manchester United v Fulham buildup – as it happened,https://www.theguardian.com/football/live/2024/aug/16/premier-league-returns-team-news-and-manchester-united-v-fulham-buildup-live,0.84,0.896,1,1,0.84,0.84,0.896,0.896,2024-25,in,permanent,0,25.0,Centre-Back,65000000.0,45000000.0,,0.6923,20000000.0,0.8192,0.7302,0.7416,0.018868,0.064695,0.018623,-0.004306,0.6279,0.056319,0.031418,0.032323,0.03662,0.032323,positive,positive,train,positive,positive,1.0,0.0,0.0,1.0
2024-08-19,2024-08-19,Manchester United,Manuel Ugarte,The Guardian / Jamie Jackson,Manchester United hope to force PSG into lowering Manuel Ugarte’s asking price,https://www.theguardian.com/football/article/2024/aug/19/manchester-united-hope-to-force-psg-to-lower-manuel-agartes-asking-price,0.84,0.686,1,1,0.84,0.84,0.686,0.686,2024-25,in,permanent,0,23.0,Defensive Midfield,45000000.0,50000000.0,,1.1111,-5000000.0,0.725,0.5575,0.6681,0.018246,0.092862,0.017916,-0.003338,0.6437,0.02711,0.024166,0.026074,0.024006,0.026074,positive,positive,train,positive,positive,1.0,0.0,0.0,1.0
2024-08-20,2024-08-20,Juventus,Teun Koopmeiners,The Guardian / Daniel Harris,Football transfer rumours: Ramsdale to Wolves? Sterling to Juventus?,https://www.theguardian.com/football/article/2024/aug/20/football-transfer-rumours-aaron-ramsdale-wolves-sterling-juventus,0.84,0.686,1,1,0.84,0.84,0.686,0.686,2024-25,in,permanent,0,26.0,Attacking Midfield,50000000.0,58400000.0,,1.168,-8400000.0,0.6872,0.5103,0.6681,0.098228,0.012404,0.021982,-0.022939,0.6515,-0.045792,-0.042377,-0.056262,0.059624,-0.056262,negative,negative,train,negative,negative,1.0,1.0,0.0,0.0
2024-08-25,2024-08-25,Manchester United,Manuel Ugarte,The Guardian / Jamie Jackson,Manchester United agree £25m fee to sell Scott McTominay to Napoli,https://www.theguardian.com/football/article/2024/aug/25/manchester-united-sale-scott-mctominay-napoli,0.84,0.896,1,1,0.84,0.84,0.896,0.896,2024-25,in,permanent,0,23.0,Defensive Midfield,45000000.0,50000000.0,,1.1111,-5000000.0,0.725,0.5575,0.7416,0.003472,0.044578,0.015651,0.000602,0.6181,-0.000299,0.018019,0.01011,-0.007585,0.01011,neutral,neutral,train,neutral,neutral,1.0,0.0,1.0,0.0
2024-08-27,2024-08-27,Manchester United,Manuel Ugarte,The Guardian / Jamie Jackson,Manchester United to sign PSG’s Manuel Ugarte for initial €50m,https://www.theguardian.com/football/article/2024/aug/27/manchester-united-agree-deal-to-sign-psg-manuel-ugarte-midfielder-scott-mctominay,0.84,0.686,1,1,0.84,0.84,0.686,0.686,2024-25,in,permanent,0,23.0,Defensive Midfield,45000000.0,50000000.0,,1.1111,-5000000.0,0.725,0.5575,0.6681,-0.010983,-0.003494,0.014595,-0.008886,0.5817,0.009773,0.022155,0.007691,-0.028073,0.007691,neutral,neutral,train,neutral,neutral,1.0,0.0,1.0,0.0
2024-08-28,2024-08-28,Juventus,Teun Koopmeiners,The Guardian / Jacob Steinberg | The Guardian / Jamie Jackson | The Guardian / Will Unwin (now) and Yara El-Shaboury (earlier),Liverpool agree deal to sign Federico Chiesa from Juventus for £10m || Football transfer news: Liverpool agree Chiesa deal; Lukaku arrives at Napoli – as it happened || Jadon Sancho holds out hope for Chelsea offer as Juventus wait in wings,https://www.theguardian.com/football/article/2024/aug/28/jadon-sancho-holds-out-hope-for-chelsea-offer-as-juventus-wait-in-wings | https://www.theguardian.com/football/article/2024/aug/28/liverpool-agree-deal-to-sign-federico-chiesa-from-juventus-for-125m | https://www.theguardian.com/football/live/2024/aug/28/football-transfer-window-ivan-toney-raheem-sterling-jadon-sancho-live,0.84,0.686,3,3,0.84,0.84,0.686,0.686,2024-25,in,permanent,0,26.0,Attacking Midfield,50000000.0,58400000.0,,1.168,-8400000.0,0.6872,0.5103,0.7681,-0.034511,-0.038047,0.02263,-0.017167,0.5117,0.103188,0.1014,0.035604,0.04786,0.035604,positive,positive,train,positive,positive,1.0,0.0,0.0,1.0
2024-08-30,2024-08-30,Manchester United,Manuel Ugarte,"The Guardian / Emillia Hawkins (now), with David Tindall, Niall McVeigh and Xaymaca Awoyungbo (earlier) | The Guardian / Jamie Jackson","Manuel Ugarte joins Manchester United and promises to ‘fight for trophies’ || Transfer deadline day: Man Utd sign Ugarte, Nketiah joined Crystal Palace – as it happened",https://www.theguardian.com/football/article/2024/aug/30/manuel-ugarte-join-manchester-united-and-promises-to-fight-for-trophies | https://www.theguardian.com/football/live/2024/aug/30/transfer-deadline-day-ugarte-sancho-sterling-toney-guehi-live,0.84,0.686,2,2,0.84,0.84,0.686,0.686,2024-25,in,permanent,0,23.0,Defensive Midfield,45000000.0,50000000.0,,1.1111,-5000000.0,0.725,0.5575,0.7181,-0.013002,0.046135,0.014968,0.015797,0.6144,-0.022188,-0.021377,-0.020452,-0.112244,-0.020452,negative,negative,train,negative,negative,1.0,1.0,0.0,0.0
2025-03-02,2025-03-02,Juventus,Ênio,The Guardian / Tom Garry,Geyse ‘lonely’ at Manchester United as Gotham FC enter loan talks,https://www.theguardian.com/football/2025/mar/02/geyse-describes-lonely-feeling-amid-manchester-united-loan-allegations,0.84,0.686,1,1,0.84,0.84,0.686,0.686,2025-26,out,permanent,0,24.0,Left Winger,400000.0,0.0,,0.0,400000.0,0.445,0.4825,0.7081,0.0,0.0,0.0,0.0,0.65,,,,,,,,live_unlabeled,,neutral,1.0,0.0,1.0,0.0
2025-03-04,2025-03-04,Juventus,Ênio,The Guardian / Kelly Burke Arts reporter,‘Sign our own death warrant’: Australian writers angry after Melbourne publisher asks them to sign AI agreements,https://www.theguardian.com/books/2025/mar/05/black-inc-melbourne-publisher-ai-agreements-writers-anger,0.84,0.896,1,1,0.84,0.84,0.896,0.896,2025-26,out,permanent,0,24.0,Left Winger,400000.0,0.0,,0.0,400000.0,0.445,0.4825,0.8416,0.0,0.0,0.0,0.0,0.65,,,,,,,,live_unlabeled,,neutral,1.0,0.0,1.0,0.0
2025-03-08,2025-03-08,Juventus,Ênio,"The Guardian / Coral Murphy Marcos, Chris Stein, Erum Salam  and Tom Ambrose (earlier)",Trump to sign order barring student loan forgiveness for public servants engaged in ‘improper activities’ – as it happened,https://www.theguardian.com/us-news/live/2025/mar/07/donald-trump-tariffs-china-canada-mexico-us-politics-live-news,0.84,0.686,1,1,0.84,0.84,0.686,0.686,2025-26,out,permanent,0,24.0,Left Winger,400000.0,0.0,,0.0,400000.0,0.445,0.4825,0.6681,0.0,0.0,0.0,0.0,0.65,,,,,,,,live_unlabeled,,neutral,1.0,0.0,1.0,0.0
2025-03-17,2025-03-17,Juventus,Ênio,The Guardian,Barriers to developing new medical devices | Letters,https://www.theguardian.com/science/2025/mar/17/barriers-to-developing-new-medical-devices,0.84,0.896,1,1,0.84,0.84,0.896,0.896,2025-26,out,permanent,0,24.0,Left Winger,400000.0,0.0,,0.0,400000.0,0.445,0.4825,0.8416,0.0,0.0,0.0,0.0,0.65,,,,,,,,live_unlabeled,,neutral,1.0,0.0,1.0,0.0
2025-03-25,2025-03-25,Juventus,Ênio,The Guardian / Jacob Steinberg,Real Madrid close to deal to sign Trent Alexander-Arnold on a free transfer,https://www.theguardian.com/football/2025/mar/25/real-madrid-close-to-signing-trent-alexander-arnold-on-a-free-transfer,0.84,0.686,1,1,0.84,0.84,0.686,0.686,2025-26,out,permanent,0,24.0,Left Winger,400000.0,0.0,,0.0,400000.0,0.445,0.4825,0.6681,0.0,0.0,0.0,0.0,0.65,,,,,,,,live_unlabeled,,neutral,1.0,0.0,1.0,0.0
2025-05-15,2025-05-15,Borussia Dortmund,Jobe Bellingham,The Guardian / Will Unwin and Andy Hunter,Liverpool poised to trigger Jeremie Frimpong’s €35m Leverkusen release clause,https://www.theguardian.com/football/2025/may/15/liverpool-negotiating-jeremie-frimpong-transfer-with-bayer-leverkusen,0.84,0.686,1,1,0.84,0.84,0.686,0.686,2025-26,in,permanent,0,19.0,Central Midfield,22000000.0,30500000.0,,1.3864,-8500000.0,0.5631,0.3982,0.6681,0.0,0.0,0.0,0.0,0.65,,,,,,,,live_unlabeled,,positive,1.0,0.0,0.0,1.0
2025-05-28,2025-05-28,Borussia Dortmund,Jobe Bellingham,The Guardian / Ed Aarons,Sunderland keen to keep Bellingham and consider Henderson approach,https://www.theguardian.com/football/2025/may/28/sunderland-jobe-bellingham-consider-jordan-henderson-approach,0.84,0.686,1,1,0.84,0.84,0.686,0.686,2025-26,in,permanent,0,19.0,Central Midfield,22000000.0,30500000.0,,1.3864,-8500000.0,0.5631,0.3982,0.6681,0.0,0.0,0.0,0.0,0.65,,,,,,,,live_unlabeled,,positive,1.0,0.0,0.0,1.0
2025-06-01,2025-06-01,Juventus,Hans Nicolussi Caviglia,The Guardian / Will Unwin,Manchester United confirm agreement to sign Matheus Cunha from Wolves,https://www.theguardian.com/football/2025/jun/01/manchester-united-matheus-cunha-wolves-agreement,0.84,0.896,1,1,0.84,0.84,0.896,0.896,2025-26,out,permanent,0,25.0,Central Midfield,8500000.0,3500000.0,,0.4118,5000000.0,0.5376,0.4406,0.9216,0.0,0.0,0.0,0.0,0.65,,,,,,,,live_unlabeled,,neutral,1.0,0.0,1.0,0.0
2025-06-01,2025-06-01,Juventus,Lloyd Kelly,The Guardian / Will Unwin,Manchester United confirm agreement to sign Matheus Cunha from Wolves,https://www.theguardian.com/football/2025/jun/01/manchester-united-matheus-cunha-wolves-agreement,0.84,0.896,1,1,0.84,0.84,0.896,0.896,2025-26,in,permanent,0,26.0,Centre-Back,16000000.0,17200000.0,,1.075,-1200000.0,0.7081,0.5432,0.9216,0.0,0.0,0.0,0.0,0.65,,,,,,,,live_unlabeled,,positive,1.0,0.0,0.0,1.0
2025-06-01,2025-06-01,Juventus,Luca Pellegrini,The Guardian / Will Unwin,Manchester United confirm agreement to sign Matheus Cunha from Wolves,https://www.theguardian.com/football/2025/jun/01/manchester-united-matheus-cunha-wolves-agreement,0.84,0.896,1,1,0.84,0.84,0.896,0.896,2025-26,out,permanent,0,26.0,Left-Back,3000000.0,4000000.0,,1.3333,-1000000.0,0.745,0.6825,0.9216,0.0,0.0,0.0,0.0,0.65,,,,,,,,live_unlabeled,,neutral,1.0,0.0,1.0,0.0
2025-06-01,2025-06-01,Juventus,Nico González,The Guardian / Will Unwin,Manchester United confirm agreement to sign Matheus Cunha from Wolves,https://www.theguardian.com/football/2025/jun/01/manchester-united-matheus-cunha-wolves-agreement,0.84,0.896,1,1,0.84,0.84,0.896,0.896,2025-26,in,permanent,0,27.0,Left Winger,24000000.0,28100000.0,,1.1708,-4100000.0,0.6616,0.4808,0.9216,0.0,0.0,0.0,0.0,0.65,,,,,,,,live_unlabeled,,negative,1.0,1.0,0.0,0.0
2025-06-01,2025-06-01,Juventus,Nicolò Fagioli,The Guardian / Will Unwin,Manchester United confirm agreement to sign Matheus Cunha from Wolves,https://www.theguardian.com/football/2025/jun/01/manchester-united-matheus-cunha-wolves-agreement,0.84,0.896,1,1,0.84,0.84,0.896,0.896,2025-26,out,permanent,0,24.0,Central Midfield,18000000.0,13500000.0,,0.75,4500000.0,0.6138,0.5294,0.9216,0.0,0.0,0.0,0.0,0.65,,,,,,,,live_unlabeled,,neutral,1.0,0.0,1.0,0.0
2025-06-01,2025-06-01,Juventus,Nicolò Rovella,The Guardian / Will Unwin,Manchester United confirm agreement to sign Matheus Cunha from Wolves,https://www.theguardian.com/football/2025/jun/01/manchester-united-matheus-cunha-wolves-agreement,0.84,0.896,1,1,0.84,0.84,0.896,0.896,2025-26,out,permanent,0,23.0,Defensive Midfield,30000000.0,17000000.0,,0.5667,13000000.0,0.5725,0.4813,0.9216,0.0,0.0,0.0,0.0,0.65,,,,,,,,live_unlabeled,,neutral,1.0,0.0,1.0,0.0
2025-06-01,2025-06-01,Juventus,Pierre Kalulu,The Guardian / Will Unwin,Manchester United confirm agreement to sign Matheus Cunha from Wolves,https://www.theguardian.com/football/2025/jun/01/manchester-united-matheus-cunha-wolves-agreement,0.84,0.896,1,1,0.84,0.84,0.896,0.896,2025-26,in,permanent,0,25.0,Centre-Back,28000000.0,14300000.0,,0.5107,13700000.0,0.8601,0.8052,0.9216,0.0,0.0,0.0,0.0,0.65,,,,,,,,live_unlabeled,,positive,1.0,0.0,0.0,1.0
2025-06-01,2025-06-01,Lazio,Fisayo Dele-Bashiru,The Guardian / Will Unwin,Manchester United confirm agreement to sign Matheus Cunha from Wolves,https://www.theguardian.com/football/2025/jun/01/manchester-united-matheus-cunha-wolves-agreement,0.84,0.896,1,1,0.84,0.84,0.896,0.896,2025-26,in,permanent,0,24.0,Central Midfield,7500000.0,3430000.0,,0.4573,4070000.0,0.8971,0.8564,0.9216,0.0,0.0,0.0,0.0,0.65,,,,,,,,live_unlabeled,,positive,1.0,0.0,0.0,1.0
2025-06-01,2025-06-01,Lazio,Luca Pellegrini,The Guardian / Will Unwin,Manchester United confirm agreement to sign Matheus Cunha from Wolves,https://www.theguardian.com/football/2025/jun/01/manchester-united-matheus-cunha-wolves-agreement,0.84,0.896,1,1,0.84,0.84,0.896,0.896,2025-26,in,permanent,0,26.0,Left-Back,3000000.0,4000000.0,,1.3333,-1000000.0,0.65,0.4917,0.9216,0.0,0.0,0.0,0.0,0.65,,,,,,,,live_unlabeled,,neutral,1.0,0.0,1.0,0.0
2025-06-01,2025-06-01,Lazio,Nicolò Casale,The Guardian / Will Unwin,Manchester United confirm agreement to sign Matheus Cunha from Wolves,https://www.theguardian.com/football/2025/jun/01/manchester-united-matheus-cunha-wolves-agreement,0.84,0.896,1,1,0.84,0.84,0.896,0.896,2025-26,out,permanent,0,27.0,Centre-Back,6000000.0,6500000.0,,1.0833,-500000.0,0.6887,0.6311,0.9216,0.0,0.0,0.0,0.0,0.65,,,,,,,,live_unlabeled,,neutral,1.0,0.0,1.0,0.0
2025-06-01,2025-06-01,Lazio,Nicolò Rovella,The Guardian / Will Unwin,Manchester United confirm agreement to sign Matheus Cunha from Wolves,https://www.theguardian.com/football/2025/jun/01/manchester-united-matheus-cunha-wolves-agreement,0.84,0.896,1,1,0.84,0.84,0.896,0.896,2025-26,in,permanent,0,23.0,Defensive Midfield,30000000.0,17000000.0,,0.5667,13000000.0,0.8475,0.7821,0.9216,0.0,0.0,0.0,0.0,0.65,,,,,,,,live_unlabeled,,positive,1.0,0.0,0.0,1.0
2025-06-01,2025-06-01,Lazio,Nuno Tavares,The Guardian / Will Unwin,Manchester United confirm agreement to sign Matheus Cunha from Wolves,https://www.theguardian.com/football/2025/jun/01/manchester-united-matheus-cunha-wolves-agreement,0.84,0.896,1,1,0.84,0.84,0.896,0.896,2025-26,in,permanent,0,25.0,Left-Back,25000000.0,6000000.0,,0.24,19000000.0,0.921,0.9168,0.9216,0.0,0.0,0.0,0.0,0.65,,,,,,,,live_unlabeled,,positive,1.0,0.0,0.0,1.0
2025-06-01,2025-06-01,Lazio,Samuel Gigot,The Guardian / Will Unwin,Manchester United confirm agreement to sign Matheus Cunha from Wolves,https://www.theguardian.com/football/2025/jun/01/manchester-united-matheus-cunha-wolves-agreement,0.84,0.896,1,1,0.84,0.84,0.896,0.896,2025-26,in,permanent,0,31.0,Centre-Back,3000000.0,4500000.0,,1.5,-1500000.0,0.4875,0.3271,0.9216,0.0,0.0,0.0,0.0,0.65,,,,,,,,live_unlabeled,,neutral,1.0,0.0,1.0,0.0
2025-06-01,2025-06-01,Manchester United,Matheus Cunha,The Guardian / Will Unwin,Manchester United confirm agreement to sign Matheus Cunha from Wolves,https://www.theguardian.com/football/2025/jun/01/manchester-united-matheus-cunha-wolves-agreement,0.84,0.896,1,1,0.84,0.84,0.896,0.896,2025-26,in,permanent,0,26.0,Centre-Forward,60000000.0,74200000.0,,1.2367,-14200000.0,0.6717,0.5025,0.9216,0.0,0.0,0.0,0.0,0.65,,,,,,,,live_unlabeled,,neutral,1.0,0.0,1.0,0.0
2025-06-03,2025-06-03,Borussia Dortmund,Daniel Svensson,The Guardian / Michael Butler,Football transfer rumours: Dortmund close on Jobe Bellingham signing?,https://www.theguardian.com/football/2025/jun/03/football-transfer-rumours-dortmund-close-on-jobe-bellingham-signing,0.84,0.686,1,1,0.84,0.84,0.686,0.686,2025-26,in,permanent,0,23.0,Left-Back,12000000.0,6500000.0,,0.5417,5500000.0,0.8531,0.7924,0.6681,0.0,0.0,0.0,0.0,0.65,,,,,,,,live_unlabeled,,positive,1.0,0.0,0.0,1.0
2025-06-03,2025-06-03,Borussia Dortmund,Jobe Bellingham,The Guardian / Michael Butler,Football transfer rumours: Dortmund close on Jobe Bellingham signing?,https://www.theguardian.com/football/2025/jun/03/football-transfer-rumours-dortmund-close-on-jobe-bellingham-signing,0.84,0.686,1,1,0.84,0.84,0.686,0.686,2025-26,in,permanent,0,19.0,Central Midfield,22000000.0,30500000.0,,1.3864,-8500000.0,0.5631,0.3982,0.6681,0.0,0.0,0.0,0.0,0.65,,,,,,,,live_unlabeled,,positive,1.0,0.0,0.0,1.0
2025-06-03,2025-06-03,Borussia Dortmund,Patrick Drewes,The Guardian / Michael Butler,Football transfer rumours: Dortmund close on Jobe Bellingham signing?,https://www.theguardian.com/football/2025/jun/03/football-transfer-rumours-dortmund-close-on-jobe-bellingham-signing,0.84,0.686,1,1,0.84,0.84,0.686,0.686,2025-26,in,permanent,0,32.0,Goalkeeper,500000.0,200000.0,,0.4,300000.0,0.71,0.6467,0.6681,0.0,0.0,0.0,0.0,0.65,,,,,,,,live_unlabeled,,neutral,1.0,0.0,1.0,0.0
2025-06-03,2025-06-03,Borussia Dortmund,Yan Couto,The Guardian / Michael Butler,Football transfer rumours: Dortmund close on Jobe Bellingham signing?,https://www.theguardian.com/football/2025/jun/03/football-transfer-rumours-dortmund-close-on-jobe-bellingham-signing,0.84,0.686,1,1,0.84,0.84,0.686,0.686,2025-26,in,permanent,0,23.0,Right Midfield,20000000.0,20000000.0,,1.0,0.0,0.75,0.6033,0.6681,0.0,0.0,0.0,0.0,0.65,,,,,,,,live_unlabeled,,neutral,1.0,0.0,1.0,0.0
2025-06-03,2025-06-03,Borussia Dortmund,Youssoufa Moukoko,The Guardian / Michael Butler,Football transfer rumours: Dortmund close on Jobe Bellingham signing?,https://www.theguardian.com/football/2025/jun/03/football-transfer-rumours-dortmund-close-on-jobe-bellingham-signing,0.84,0.686,1,1,0.84,0.84,0.686,0.686,2025-26,out,permanent,0,20.0,Centre-Forward,10000000.0,5000000.0,,0.5,5000000.0,0.5575,0.4637,0.6681,0.0,0.0,0.0,0.0,0.65,,,,,,,,live_unlabeled,,negative,1.0,1.0,0.0,0.0
2025-06-03,2025-06-03,Juventus,Hans Nicolussi Caviglia,The Guardian / Michael Butler,Football transfer rumours: Dortmund close on Jobe Bellingham signing?,https://www.theguardian.com/football/2025/jun/03/football-transfer-rumours-dortmund-close-on-jobe-bellingham-signing,0.84,0.686,1,1,0.84,0.84,0.686,0.686,2025-26,out,permanent,0,25.0,Central Midfield,8500000.0,3500000.0,,0.4118,5000000.0,0.5376,0.4406,0.6681,0.0,0.0,0.0,0.0,0.65,,,,,,,,live_unlabeled,,neutral,1.0,0.0,1.0,0.0
2025-06-03,2025-06-03,Juventus,Lloyd Kelly,The Guardian / Michael Butler,Football transfer rumours: Dortmund close on Jobe Bellingham signing?,https://www.theguardian.com/football/2025/jun/03/football-transfer-rumours-dortmund-close-on-jobe-bellingham-signing,0.84,0.686,1,1,0.84,0.84,0.686,0.686,2025-26,in,permanent,0,26.0,Centre-Back,16000000.0,17200000.0,,1.075,-1200000.0,0.7081,0.5432,0.6681,0.0,0.0,0.0,0.0,0.65,,,,,,,,live_unlabeled,,positive,1.0,0.0,0.0,1.0
2025-06-03,2025-06-03,Juventus,Luca Pellegrini,The Guardian / Michael Butler,Football transfer rumours: Dortmund close on Jobe Bellingham signing?,https://www.theguardian.com/football/2025/jun/03/football-transfer-rumours-dortmund-close-on-jobe-bellingham-signing,0.84,0.686,1,1,0.84,0.84,0.686,0.686,2025-26,out,permanent,0,26.0,Left-Back,3000000.0,4000000.0,,1.3333,-1000000.0,0.745,0.6825,0.6681,0.0,0.0,0.0,0.0,0.65,,,,,,,,live_unlabeled,,neutral,1.0,0.0,1.0,0.0
2025-06-03,2025-06-03,Juventus,Michele Di Gregorio,The Guardian / Michael Butler,Football transfer rumours: Dortmund close on Jobe Bellingham signing?,https://www.theguardian.com/football/2025/jun/03/football-transfer-rumours-dortmund-close-on-jobe-bellingham-signing,0.84,0.686,1,1,0.84,0.84,0.686,0.686,2025-26,in,permanent,0,27.0,Goalkeeper,18000000.0,14300000.0,,0.7944,3700000.0,0.7462,0.6298,0.6681,0.0,0.0,0.0,0.0,0.65,,,,,,,,live_unlabeled,,positive,1.0,0.0,0.0,1.0
2025-06-03,2025-06-03,Juventus,Nico González,The Guardian / Michael Butler,Football transfer rumours: Dortmund close on Jobe Bellingham signing?,https://www.theguardian.com/football/2025/jun/03/football-transfer-rumours-dortmund-close-on-jobe-bellingham-signing,0.84,0.686,1,1,0.84,0.84,0.686,0.686,2025-26,in,permanent,0,27.0,Left Winger,24000000.0,28100000.0,,1.1708,-4100000.0,0.6616,0.4808,0.6681,0.0,0.0,0.0,0.0,0.65,,,,,,,,live_unlabeled,,positive,1.0,0.0,0.0,1.0
2025-06-03,2025-06-03,Juventus,Nicolò Fagioli,The Guardian / Michael Butler,Football transfer rumours: Dortmund close on Jobe Bellingham signing?,https://www.theguardian.com/football/2025/jun/03/football-transfer-rumours-dortmund-close-on-jobe-bellingham-signing,0.84,0.686,1,1,0.84,0.84,0.686,0.686,2025-26,out,permanent,0,24.0,Central Midfield,18000000.0,13500000.0,,0.75,4500000.0,0.6138,0.5294,0.6681,0.0,0.0,0.0,0.0,0.65,,,,,,,,live_unlabeled,,neutral,1.0,0.0,1.0,0.0
2025-06-03,2025-06-03,Juventus,Nicolò Rovella,The Guardian / Michael Butler,Football transfer rumours: Dortmund close on Jobe Bellingham signing?,https://www.theguardian.com/football/2025/jun/03/football-transfer-rumours-dortmund-close-on-jobe-bellingham-signing,0.84,0.686,1,1,0.84,0.84,0.686,0.686,2025-26,out,permanent,0,23.0,Defensive Midfield,30000000.0,17000000.0,,0.5667,13000000.0,0.5725,0.4813,0.6681,0.0,0.0,0.0,0.0,0.65,,,,,,,,live_unlabeled,,neutral,1.0,0.0,1.0,0.0
2025-06-03,2025-06-03,Juventus,Pierre Kalulu,The Guardian / Michael Butler,Football transfer rumours: Dortmund close on Jobe Bellingham signing?,https://www.theguardian.com/football/2025/jun/03/football-transfer-rumours-dortmund-close-on-jobe-bellingham-signing,0.84,0.686,1,1,0.84,0.84,0.686,0.686,2025-26,in,permanent,0,25.0,Centre-Back,28000000.0,14300000.0,,0.5107,13700000.0,0.8601,0.8052,0.6681,0.0,0.0,0.0,0.0,0.65,,,,,,,,live_unlabeled,,positive,1.0,0.0,0.0,1.0
2025-06-03,2025-06-03,Lazio,Fisayo Dele-Bashiru,The Guardian / Michael Butler,Football transfer rumours: Dortmund close on Jobe Bellingham signing?,https://www.theguardian.com/football/2025/jun/03/football-transfer-rumours-dortmund-close-on-jobe-bellingham-signing,0.84,0.686,1,1,0.84,0.84,0.686,0.686,2025-26,in,permanent,0,24.0,Central Midfield,7500000.0,3430000.0,,0.4573,4070000.0,0.8971,0.8564,0.6681,0.0,0.0,0.0,0.0,0.65,,,,,,,,live_unlabeled,,positive,1.0,0.0,0.0,1.0
2025-06-03,2025-06-03,Lazio,Loum Tchaouna,The Guardian / Michael Butler,Football transfer rumours: Dortmund close on Jobe Bellingham signing?,https://www.theguardian.com/football/2025/jun/03/football-transfer-rumours-dortmund-close-on-jobe-bellingham-signing,0.84,0.686,1,1,0.84,0.84,0.686,0.686,2025-26,out,permanent,0,21.0,Right Winger,10000000.0,15150000.0,,1.515,-5150000.0,0.7859,0.7302,0.6681,0.0,0.0,0.0,0.0,0.65,,,,,,,,live_unlabeled,,neutral,1.0,0.0,1.0,0.0
2025-06-03,2025-06-03,Lazio,Luca Pellegrini,The Guardian / Michael Butler,Football transfer rumours: Dortmund close on Jobe Bellingham signing?,https://www.theguardian.com/football/2025/jun/03/football-transfer-rumours-dortmund-close-on-jobe-bellingham-signing,0.84,0.686,1,1,0.84,0.84,0.686,0.686,2025-26,in,permanent,0,26.0,Left-Back,3000000.0,4000000.0,,1.3333,-1000000.0,0.65,0.4917,0.6681,0.0,0.0,0.0,0.0,0.65,,,,,,,,live_unlabeled,,neutral,1.0,0.0,1.0,0.0
2025-06-03,2025-06-03,Lazio,Nicolò Casale,The Guardian / Michael Butler,Football transfer rumours: Dortmund close on Jobe Bellingham signing?,https://www.theguardian.com/football/2025/jun/03/football-transfer-rumours-dortmund-close-on-jobe-bellingham-signing,0.84,0.686,1,1,0.84,0.84,0.686,0.686,2025-26,out,permanent,0,27.0,Centre-Back,6000000.0,6500000.0,,1.0833,-500000.0,0.6887,0.6311,0.6681,0.0,0.0,0.0,0.0,0.65,,,,,,,,live_unlabeled,,neutral,1.0,0.0,1.0,0.0
2025-06-03,2025-06-03,Lazio,Nicolò Rovella,The Guardian / Michael Butler,Football transfer rumours: Dortmund close on Jobe Bellingham signing?,https://www.theguardian.com/football/2025/jun/03/football-transfer-rumours-dortmund-close-on-jobe-bellingham-signing,0.84,0.686,1,1,0.84,0.84,0.686,0.686,2025-26,in,permanent,0,23.0,Defensive Midfield,30000000.0,17000000.0,,0.5667,13000000.0,0.8475,0.7821,0.6681,0.0,0.0,0.0,0.0,0.65,,,,,,,,live_unlabeled,,positive,1.0,0.0,0.0,1.0
2025-06-03,2025-06-03,Lazio,Nuno Tavares,The Guardian / Michael Butler,Football transfer rumours: Dortmund close on Jobe Bellingham signing?,https://www.theguardian.com/football/2025/jun/03/football-transfer-rumours-dortmund-close-on-jobe-bellingham-signing,0.84,0.686,1,1,0.84,0.84,0.686,0.686,2025-26,in,permanent,0,25.0,Left-Back,25000000.0,6000000.0,,0.24,19000000.0,0.921,0.9168,0.6681,0.0,0.0,0.0,0.0,0.65,,,,,,,,live_unlabeled,,positive,1.0,0.0,0.0,1.0
2025-06-03,2025-06-03,Lazio,Samuel Gigot,The Guardian / Michael Butler,Football transfer rumours: Dortmund close on Jobe Bellingham signing?,https://www.theguardian.com/football/2025/jun/03/football-transfer-rumours-dortmund-close-on-jobe-bellingham-signing,0.84,0.686,1,1,0.84,0.84,0.686,0.686,2025-26,in,permanent,0,31.0,Centre-Back,3000000.0,4500000.0,,1.5,-1500000.0,0.4875,0.3271,0.6681,0.0,0.0,0.0,0.0,0.65,,,,,,,,live_unlabeled,,positive,1.0,0.0,0.0,1.0
2025-06-08,2025-06-08,Borussia Dortmund,Jobe Bellingham,The Guardian / Louise Taylor,Jobe Bellingham to follow in Jude’s footsteps as Sunderland agree deal with Dortmund,https://www.theguardian.com/football/2025/jun/08/jobe-bellingham-sunderland-borussia-dortmund,0.84,0.686,1,1,0.84,0.84,0.686,0.686,2025-26,in,permanent,0,19.0,Central Midfield,22000000.0,30500000.0,,1.3864,-8500000.0,0.5631,0.3982,0.6681,0.0,0.0,0.0,0.0,0.65,,,,,,,,live_unlabeled,,positive,1.0,0.0,0.0,1.0
2025-06-08,2025-06-08,Manchester United,Matheus Cunha,The Guardian / Jonathan Liew,Bruno Fernandes staying means Manchester United face all kinds of trade-offs | Jonathan Liew,https://www.theguardian.com/football/2025/jun/08/bruno-fernandes-staying-manchester-united-trade-offs,0.84,0.686,1,1,0.84,0.84,0.686,0.686,2025-26,in,permanent,0,26.0,Centre-Forward,60000000.0,74200000.0,,1.2367,-14200000.0,0.6717,0.5025,0.6681,0.0,0.0,0.0,0.0,0.65,,,,,,,,live_unlabeled,,neutral,1.0,0.0,1.0,0.0
2025-06-10,2025-06-10,Borussia Dortmund,Jamie Gittens,The Guardian / Jacob Steinberg,Chelsea cool interest in Mike Maignan and fail with £42m bid for Jamie Gittens,https://www.theguardian.com/football/2025/jun/10/chelsea-milan-mike-maignan,0.84,0.686,1,1,0.84,0.84,0.686,0.686,2025-26,out,permanent,0,20.0,Left Winger,50000000.0,56000000.0,,1.12,-6000000.0,0.697,0.6265,0.6681,0.0,0.0,0.0,0.0,0.65,,,,,,,,live_unlabeled,,neutral,1.0,0.0,1.0,0.0
2025-06-12,2025-06-12,Lazio,Fisayo Dele-Bashiru,The Guardian / Jamie Jackson and Ed Aarons,Transfer roundup: De Bruyne joins Napoli as Manchester City agree deal for Nypan,https://www.theguardian.com/football/2025/jun/12/kevin-de-bruyne-napoli-manchester-city-sverre-nypan-transfer-roundup,0.84,0.686,1,1,0.84,0.84,0.686,0.686,2025-26,in,permanent,0,24.0,Central Midfield,7500000.0,3430000.0,,0.4573,4070000.0,0.8971,0.8564,0.6681,0.0,0.0,0.0,0.0,0.65,,,,,,,,live_unlabeled,,positive,1.0,0.0,0.0,1.0
2025-06-12,2025-06-12,Lazio,Loum Tchaouna,The Guardian / Jamie Jackson and Ed Aarons,Transfer roundup: De Bruyne joins Napoli as Manchester City agree deal for Nypan,https://www.theguardian.com/football/2025/jun/12/kevin-de-bruyne-napoli-manchester-city-sverre-nypan-transfer-roundup,0.84,0.686,1,1,0.84,0.84,0.686,0.686,2025-26,out,permanent,0,21.0,Right Winger,10000000.0,15150000.0,,1.515,-5150000.0,0.7859,0.7302,0.6681,0.0,0.0,0.0,0.0,0.65,,,,,,,,live_unlabeled,,neutral,1.0,0.0,1.0,0.0
2025-06-12,2025-06-12,Lazio,Luca Pellegrini,The Guardian / Jamie Jackson and Ed Aarons,Transfer roundup: De Bruyne joins Napoli as Manchester City agree deal for Nypan,https://www.theguardian.com/football/2025/jun/12/kevin-de-bruyne-napoli-manchester-city-sverre-nypan-transfer-roundup,0.84,0.686,1,1,0.84,0.84,0.686,0.686,2025-26,in,permanent,0,26.0,Left-Back,3000000.0,4000000.0,,1.3333,-1000000.0,0.65,0.4917,0.6681,0.0,0.0,0.0,0.0,0.65,,,,,,,,live_unlabeled,,neutral,1.0,0.0,1.0,0.0
2025-06-12,2025-06-12,Lazio,Nicolò Casale,The Guardian / Jamie Jackson and Ed Aarons,Transfer roundup: De Bruyne joins Napoli as Manchester City agree deal for Nypan,https://www.theguardian.com/football/2025/jun/12/kevin-de-bruyne-napoli-manchester-city-sverre-nypan-transfer-roundup,0.84,0.686,1,1,0.84,0.84,0.686,0.686,2025-26,out,permanent,0,27.0,Centre-Back,6000000.0,6500000.0,,1.0833,-500000.0,0.6887,0.6311,0.6681,0.0,0.0,0.0,0.0,0.65,,,,,,,,live_unlabeled,,neutral,1.0,0.0,1.0,0.0
2025-06-12,2025-06-12,Lazio,Nicolò Rovella,The Guardian / Jamie Jackson and Ed Aarons,Transfer roundup: De Bruyne joins Napoli as Manchester City agree deal for Nypan,https://www.theguardian.com/football/2025/jun/12/kevin-de-bruyne-napoli-manchester-city-sverre-nypan-transfer-roundup,0.84,0.686,1,1,0.84,0.84,0.686,0.686,2025-26,in,permanent,0,23.0,Defensive Midfield,30000000.0,17000000.0,,0.5667,13000000.0,0.8475,0.7821,0.6681,0.0,0.0,0.0,0.0,0.65,,,,,,,,live_unlabeled,,positive,1.0,0.0,0.0,1.0
2025-06-12,2025-06-12,Lazio,Nuno Tavares,The Guardian / Jamie Jackson and Ed Aarons,Transfer roundup: De Bruyne joins Napoli as Manchester City agree deal for Nypan,https://www.theguardian.com/football/2025/jun/12/kevin-de-bruyne-napoli-manchester-city-sverre-nypan-transfer-roundup,0.84,0.686,1,1,0.84,0.84,0.686,0.686,2025-26,in,permanent,0,25.0,Left-Back,25000000.0,6000000.0,,0.24,19000000.0,0.921,0.9168,0.6681,0.0,0.0,0.0,0.0,0.65,,,,,,,,live_unlabeled,,positive,1.0,0.0,0.0,1.0
2025-06-12,2025-06-12,Lazio,Samuel Gigot,The Guardian / Jamie Jackson and Ed Aarons,Transfer roundup: De Bruyne joins Napoli as Manchester City agree deal for Nypan,https://www.theguardian.com/football/2025/jun/12/kevin-de-bruyne-napoli-manchester-city-sverre-nypan-transfer-roundup,0.84,0.686,1,1,0.84,0.84,0.686,0.686,2025-26,in,permanent,0,31.0,Centre-Back,3000000.0,4500000.0,,1.5,-1500000.0,0.4875,0.3271,0.6681,0.0,0.0,0.0,0.0,0.65,,,,,,,,live_unlabeled,,positive,1.0,0.0,0.0,1.0
2025-06-12,2025-06-12,Manchester United,Matheus Cunha,The Guardian / Jamie Jackson,Matheus Cunha seals ‘dream’ £62.5m Manchester United move on deal to 2030,https://www.theguardian.com/football/2025/jun/12/matheus-cunha-signs-manchester-united-dream,0.84,0.686,1,1,0.84,0.84,0.686,0.686,2025-26,in,permanent,0,26.0,Centre-Forward,60000000.0,74200000.0,,1.2367,-14200000.0,0.6717,0.5025,0.6681,0.0,0.0,0.0,0.0,0.65,,,,,,,,live_unlabeled,,neutral,1.0,0.0,1.0,0.0
2025-06-13,2025-06-13,Borussia Dortmund,Daniel Svensson,The Guardian / Ed Aarons,Spurs hold talks over signing Brentford’s Bryan Mbeumo and are interested in Yoane Wissa,https://www.theguardian.com/football/2025/jun/13/spurs-hold-talks-over-signing-brentfords-bryan-mbeumo-and-interested-in-wissa,0.86,0.699,1,1,0.86,0.86,0.699,0.699,2025-26,in,permanent,0,23.0,Left-Back,12000000.0,6500000.0,,0.5417,5500000.0,0.8531,0.7924,0.7417,0.0,0.0,0.0,0.0,0.65,,,,,,,,live_unlabeled,,positive,1.0,0.0,0.0,1.0
2025-06-13,2025-06-13,Borussia Dortmund,Jobe Bellingham,The Guardian / Ed Aarons,Spurs hold talks over signing Brentford’s Bryan Mbeumo and are interested in Yoane Wissa,https://www.theguardian.com/football/2025/jun/13/spurs-hold-talks-over-signing-brentfords-bryan-mbeumo-and-interested-in-wissa,0.86,0.699,1,1,0.86,0.86,0.699,0.699,2025-26,in,permanent,0,19.0,Central Midfield,22000000.0,30500000.0,,1.3864,-8500000.0,0.5631,0.3982,0.7417,0.0,0.0,0.0,0.0,0.65,,,,,,,,live_unlabeled,,positive,1.0,0.0,0.0,1.0
2025-06-13,2025-06-13,Borussia Dortmund,Patrick Drewes,The Guardian / Ed Aarons,Spurs hold talks over signing Brentford’s Bryan Mbeumo and are interested in Yoane Wissa,https://www.theguardian.com/football/2025/jun/13/spurs-hold-talks-over-signing-brentfords-bryan-mbeumo-and-interested-in-wissa,0.86,0.699,1,1,0.86,0.86,0.699,0.699,2025-26,in,permanent,0,32.0,Goalkeeper,500000.0,200000.0,,0.4,300000.0,0.71,0.6467,0.7417,0.0,0.0,0.0,0.0,0.65,,,,,,,,live_unlabeled,,neutral,1.0,0.0,1.0,0.0
2025-06-13,2025-06-13,Borussia Dortmund,Soumaïla Coulibaly,The Guardian / Ed Aarons,Spurs hold talks over signing Brentford’s Bryan Mbeumo and are interested in Yoane Wissa,https://www.theguardian.com/football/2025/jun/13/spurs-hold-talks-over-signing-brentfords-bryan-mbeumo-and-interested-in-wissa,0.86,0.699,1,1,0.86,0.86,0.699,0.699,2025-26,out,permanent,0,21.0,Centre-Back,8000000.0,7500000.0,,0.9375,500000.0,0.6559,0.5786,0.7417,0.0,0.0,0.0,0.0,0.65,,,,,,,,live_unlabeled,,neutral,1.0,0.0,1.0,0.0
2025-06-13,2025-06-13,Borussia Dortmund,Yan Couto,The Guardian / Ed Aarons,Spurs hold talks over signing Brentford’s Bryan Mbeumo and are interested in Yoane Wissa,https://www.theguardian.com/football/2025/jun/13/spurs-hold-talks-over-signing-brentfords-bryan-mbeumo-and-interested-in-wissa,0.86,0.699,1,1,0.86,0.86,0.699,0.699,2025-26,in,permanent,0,23.0,Right Midfield,20000000.0,20000000.0,,1.0,0.0,0.75,0.6033,0.7417,0.0,0.0,0.0,0.0,0.65,,,,,,,,live_unlabeled,,neutral,1.0,0.0,1.0,0.0
2025-06-13,2025-06-13,Borussia Dortmund,Youssoufa Moukoko,The Guardian / Ed Aarons,Spurs hold talks over signing Brentford’s Bryan Mbeumo and are interested in Yoane Wissa,https://www.theguardian.com/football/2025/jun/13/spurs-hold-talks-over-signing-brentfords-bryan-mbeumo-and-interested-in-wissa,0.86,0.699,1,1,0.86,0.86,0.699,0.699,2025-26,out,permanent,0,20.0,Centre-Forward,10000000.0,5000000.0,,0.5,5000000.0,0.5575,0.4637,0.7417,0.0,0.0,0.0,0.0,0.65,,,,,,,,live_unlabeled,,neutral,1.0,0.0,1.0,0.0
2025-06-13,2025-06-13,Juventus,Hans Nicolussi Caviglia,The Guardian / Andy Hunter and Agencies,Transfer roundup: Everton eye Thierno Barry as Brighton sign Kostoulas,https://www.theguardian.com/football/2025/jun/13/transfer-roundup-everton-eye-thierno-barry-as-brighton-sign-kostoulas,0.84,0.686,1,1,0.84,0.84,0.686,0.686,2025-26,out,permanent,0,25.0,Central Midfield,8500000.0,3500000.0,,0.4118,5000000.0,0.5376,0.4406,0.6681,0.0,0.0,0.0,0.0,0.65,,,,,,,,live_unlabeled,,neutral,1.0,0.0,1.0,0.0
2025-06-13,2025-06-13,Juventus,Lloyd Kelly,The Guardian / Andy Hunter and Agencies,Transfer roundup: Everton eye Thierno Barry as Brighton sign Kostoulas,https://www.theguardian.com/football/2025/jun/13/transfer-roundup-everton-eye-thierno-barry-as-brighton-sign-kostoulas,0.84,0.686,1,1,0.84,0.84,0.686,0.686,2025-26,in,permanent,0,26.0,Centre-Back,16000000.0,17200000.0,,1.075,-1200000.0,0.7081,0.5432,0.6681,0.0,0.0,0.0,0.0,0.65,,,,,,,,live_unlabeled,,positive,1.0,0.0,0.0,1.0
2025-06-13,2025-06-13,Juventus,Luca Pellegrini,The Guardian / Andy Hunter and Agencies,Transfer roundup: Everton eye Thierno Barry as Brighton sign Kostoulas,https://www.theguardian.com/football/2025/jun/13/transfer-roundup-everton-eye-thierno-barry-as-brighton-sign-kostoulas,0.84,0.686,1,1,0.84,0.84,0.686,0.686,2025-26,out,permanent,0,26.0,Left-Back,3000000.0,4000000.0,,1.3333,-1000000.0,0.745,0.6825,0.6681,0.0,0.0,0.0,0.0,0.65,,,,,,,,live_unlabeled,,neutral,1.0,0.0,1.0,0.0
2025-06-13,2025-06-13,Juventus,Nico González,The Guardian / Andy Hunter and Agencies,Transfer roundup: Everton eye Thierno Barry as Brighton sign Kostoulas,https://www.theguardian.com/football/2025/jun/13/transfer-roundup-everton-eye-thierno-barry-as-brighton-sign-kostoulas,0.84,0.686,1,1,0.84,0.84,0.686,0.686,2025-26,in,permanent,0,27.0,Left Winger,24000000.0,28100000.0,,1.1708,-4100000.0,0.6616,0.4808,0.6681,0.0,0.0,0.0,0.0,0.65,,,,,,,,live_unlabeled,,positive,1.0,0.0,0.0,1.0
2025-06-13,2025-06-13,Juventus,Nicolò Fagioli,The Guardian / Andy Hunter and Agencies,Transfer roundup: Everton eye Thierno Barry as Brighton sign Kostoulas,https://www.theguardian.com/football/2025/jun/13/transfer-roundup-everton-eye-thierno-barry-as-brighton-sign-kostoulas,0.84,0.686,1,1,0.84,0.84,0.686,0.686,2025-26,out,permanent,0,24.0,Central Midfield,18000000.0,13500000.0,,0.75,4500000.0,0.6138,0.5294,0.6681,0.0,0.0,0.0,0.0,0.65,,,,,,,,live_unlabeled,,neutral,1.0,0.0,1.0,0.0
2025-06-13,2025-06-13,Juventus,Nicolò Rovella,The Guardian / Andy Hunter and Agencies,Transfer roundup: Everton eye Thierno Barry as Brighton sign Kostoulas,https://www.theguardian.com/football/2025/jun/13/transfer-roundup-everton-eye-thierno-barry-as-brighton-sign-kostoulas,0.84,0.686,1,1,0.84,0.84,0.686,0.686,2025-26,out,permanent,0,23.0,Defensive Midfield,30000000.0,17000000.0,,0.5667,13000000.0,0.5725,0.4813,0.6681,0.0,0.0,0.0,0.0,0.65,,,,,,,,live_unlabeled,,neutral,1.0,0.0,1.0,0.0
2025-06-13,2025-06-13,Juventus,Pierre Kalulu,The Guardian / Andy Hunter and Agencies,Transfer roundup: Everton eye Thierno Barry as Brighton sign Kostoulas,https://www.theguardian.com/football/2025/jun/13/transfer-roundup-everton-eye-thierno-barry-as-brighton-sign-kostoulas,0.84,0.686,1,1,0.84,0.84,0.686,0.686,2025-26,in,permanent,0,25.0,Centre-Back,28000000.0,14300000.0,,0.5107,13700000.0,0.8601,0.8052,0.6681,0.0,0.0,0.0,0.0,0.65,,,,,,,,live_unlabeled,,positive,1.0,0.0,0.0,1.0
2025-06-13,2025-06-13,Lazio,Fisayo Dele-Bashiru,The Guardian / Andy Hunter and Agencies,Transfer roundup: Everton eye Thierno Barry as Brighton sign Kostoulas,https://www.theguardian.com/football/2025/jun/13/transfer-roundup-everton-eye-thierno-barry-as-brighton-sign-kostoulas,0.84,0.686,1,1,0.84,0.84,0.686,0.686,2025-26,in,permanent,0,24.0,Central Midfield,7500000.0,3430000.0,,0.4573,4070000.0,0.8971,0.8564,0.6681,0.0,0.0,0.0,0.0,0.65,,,,,,,,live_unlabeled,,positive,1.0,0.0,0.0,1.0
2025-06-13,2025-06-13,Lazio,Loum Tchaouna,The Guardian / Andy Hunter and Agencies,Transfer roundup: Everton eye Thierno Barry as Brighton sign Kostoulas,https://www.theguardian.com/football/2025/jun/13/transfer-roundup-everton-eye-thierno-barry-as-brighton-sign-kostoulas,0.84,0.686,1,1,0.84,0.84,0.686,0.686,2025-26,out,permanent,0,21.0,Right Winger,10000000.0,15150000.0,,1.515,-5150000.0,0.7859,0.7302,0.6681,0.0,0.0,0.0,0.0,0.65,,,,,,,,live_unlabeled,,neutral,1.0,0.0,1.0,0.0
2025-06-13,2025-06-13,Lazio,Luca Pellegrini,The Guardian / Andy Hunter and Agencies,Transfer roundup: Everton eye Thierno Barry as Brighton sign Kostoulas,https://www.theguardian.com/football/2025/jun/13/transfer-roundup-everton-eye-thierno-barry-as-brighton-sign-kostoulas,0.84,0.686,1,1,0.84,0.84,0.686,0.686,2025-26,in,permanent,0,26.0,Left-Back,3000000.0,4000000.0,,1.3333,-1000000.0,0.65,0.4917,0.6681,0.0,0.0,0.0,0.0,0.65,,,,,,,,live_unlabeled,,neutral,1.0,0.0,1.0,0.0
2025-06-13,2025-06-13,Lazio,Nicolò Casale,The Guardian / Andy Hunter and Agencies,Transfer roundup: Everton eye Thierno Barry as Brighton sign Kostoulas,https://www.theguardian.com/football/2025/jun/13/transfer-roundup-everton-eye-thierno-barry-as-brighton-sign-kostoulas,0.84,0.686,1,1,0.84,0.84,0.686,0.686,2025-26,out,permanent,0,27.0,Centre-Back,6000000.0,6500000.0,,1.0833,-500000.0,0.6887,0.6311,0.6681,0.0,0.0,0.0,0.0,0.65,,,,,,,,live_unlabeled,,neutral,1.0,0.0,1.0,0.0
2025-06-13,2025-06-13,Lazio,Nicolò Rovella,The Guardian / Andy Hunter and Agencies,Transfer roundup: Everton eye Thierno Barry as Brighton sign Kostoulas,https://www.theguardian.com/football/2025/jun/13/transfer-roundup-everton-eye-thierno-barry-as-brighton-sign-kostoulas,0.84,0.686,1,1,0.84,0.84,0.686,0.686,2025-26,in,permanent,0,23.0,Defensive Midfield,30000000.0,17000000.0,,0.5667,13000000.0,0.8475,0.7821,0.6681,0.0,0.0,0.0,0.0,0.65,,,,,,,,live_unlabeled,,positive,1.0,0.0,0.0,1.0
2025-06-13,2025-06-13,Lazio,Nuno Tavares,The Guardian / Andy Hunter and Agencies,Transfer roundup: Everton eye Thierno Barry as Brighton sign Kostoulas,https://www.theguardian.com/football/2025/jun/13/transfer-roundup-everton-eye-thierno-barry-as-brighton-sign-kostoulas,0.84,0.686,1,1,0.84,0.84,0.686,0.686,2025-26,in,permanent,0,25.0,Left-Back,25000000.0,6000000.0,,0.24,19000000.0,0.921,0.9168,0.6681,0.0,0.0,0.0,0.0,0.65,,,,,,,,live_unlabeled,,positive,1.0,0.0,0.0,1.0
2025-06-13,2025-06-13,Lazio,Samuel Gigot,The Guardian / Andy Hunter and Agencies,Transfer roundup: Everton eye Thierno Barry as Brighton sign Kostoulas,https://www.theguardian.com/football/2025/jun/13/transfer-roundup-everton-eye-thierno-barry-as-brighton-sign-kostoulas,0.84,0.686,1,1,0.84,0.84,0.686,0.686,2025-26,in,permanent,0,31.0,Centre-Back,3000000.0,4500000.0,,1.5,-1500000.0,0.4875,0.3271,0.6681,0.0,0.0,0.0,0.0,0.65,,,,,,,,live_unlabeled,,positive,1.0,0.0,0.0,1.0
2025-06-16,2025-06-16,Manchester United,Diego León,"The Guardian / Jamie Jackson, Louise Taylor, Ed Aarons and agencies",Manchester United monitoring Eintracht Frankfurt striker Hugo Ekitike,https://www.theguardian.com/football/2025/jun/16/bournemouth-sign-adrien-truffert-liverpool-milos-kerkez,0.85,0.9025,1,1,0.85,0.85,0.9025,0.9025,2025-26,in,permanent,0,18.0,Left-Back,4000000.0,4000000.0,,1.0,0.0,0.625,0.4575,0.7484,0.0,0.0,0.0,0.0,0.65,,,,,,,,live_unlabeled,,neutral,1.0,0.0,1.0,0.0
2025-06-20,2025-06-20,Lazio,Loum Tchaouna,The Guardian / Will Unwin,Football transfer rumours: Liverpool move for Guéhi? Rashford to Newcastle?,https://www.theguardian.com/football/2025/jun/20/football-transfer-rumours-newcastle-manchester-united--marcus-rashford-liverpool-marc-guehi,0.84,0.686,1,1,0.84,0.84,0.686,0.686,2025-26,out,permanent,0,21.0,Right Winger,10000000.0,15150000.0,,1.515,-5150000.0,0.7859,0.7302,0.6681,0.0,0.0,0.0,0.0,0.65,,,,,,,,live_unlabeled,,neutral,1.0,0.0,1.0,0.0
2025-06-23,2025-06-23,Manchester United,Bryan Mbeumo,The Guardian / Jamie Jackson and Jacob Steinberg,Manchester United increase offer for Brentford’s Bryan Mbeumo to £60m,https://www.theguardian.com/football/2025/jun/23/manchester-united-bryan-mbeumo-brentford-transfer-window,0.84,0.686,1,1,0.84,0.84,0.686,0.686,2025-26,in,permanent,0,25.0,Right Winger,55000000.0,75000000.0,,1.3636,-20000000.0,0.6682,0.5174,0.6681,0.0,0.0,0.0,0.0,0.65,,,,,,,,live_unlabeled,,neutral,1.0,0.0,1.0,0.0
2025-06-23,2025-06-23,Manchester United,Diego León,The Guardian / Will Unwin,Football transfer rumours: Emiliano Martínez eager to join Manchester United?,https://www.theguardian.com/football/2025/jun/23/football-transfer-rumours-emiliano-martinez-aston-villa-manchester-united,0.84,0.686,1,1,0.84,0.84,0.686,0.686,2025-26,in,permanent,0,18.0,Left-Back,4000000.0,4000000.0,,1.0,0.0,0.625,0.4575,0.6681,0.0,0.0,0.0,0.0,0.65,,,,,,,,live_unlabeled,,positive,1.0,0.0,0.0,1.0
2025-06-24,2025-06-24,Borussia Dortmund,Daniel Svensson,The Guardian / Jacob Steinberg in Philadelphia,Chelsea closing in on deal for Borussia Dortmund winger Jamie Gittens,https://www.theguardian.com/football/2025/jun/24/chelsea-closing-in-borussia-dortmund-winger-jamie-gittens,0.84,0.896,1,1,0.84,0.84,0.896,0.896,2025-26,in,permanent,0,23.0,Left-Back,12000000.0,6500000.0,,0.5417,5500000.0,0.8531,0.7924,0.7416,0.0,0.0,0.0,0.0,0.65,,,,,,,,live_unlabeled,,positive,1.0,0.0,0.0,1.0
2025-06-24,2025-06-24,Borussia Dortmund,Jamie Gittens,The Guardian / Jacob Steinberg in Philadelphia,Chelsea closing in on deal for Borussia Dortmund winger Jamie Gittens,https://www.theguardian.com/football/2025/jun/24/chelsea-closing-in-borussia-dortmund-winger-jamie-gittens,0.84,0.896,1,1,0.84,0.84,0.896,0.896,2025-26,out,permanent,0,20.0,Left Winger,50000000.0,56000000.0,,1.12,-6000000.0,0.697,0.6265,0.7416,0.0,0.0,0.0,0.0,0.65,,,,,,,,live_unlabeled,,neutral,1.0,0.0,1.0,0.0
2025-06-24,2025-06-24,Borussia Dortmund,Patrick Drewes,The Guardian / Jacob Steinberg in Philadelphia,Chelsea closing in on deal for Borussia Dortmund winger Jamie Gittens,https://www.theguardian.com/football/2025/jun/24/chelsea-closing-in-borussia-dortmund-winger-jamie-gittens,0.84,0.896,1,1,0.84,0.84,0.896,0.896,2025-26,in,permanent,0,32.0,Goalkeeper,500000.0,200000.0,,0.4,300000.0,0.71,0.6467,0.7416,0.0,0.0,0.0,0.0,0.65,,,,,,,,live_unlabeled,,negative,1.0,1.0,0.0,0.0
2025-06-24,2025-06-24,Borussia Dortmund,Soumaïla Coulibaly,The Guardian / Jacob Steinberg in Philadelphia,Chelsea closing in on deal for Borussia Dortmund winger Jamie Gittens,https://www.theguardian.com/football/2025/jun/24/chelsea-closing-in-borussia-dortmund-winger-jamie-gittens,0.84,0.896,1,1,0.84,0.84,0.896,0.896,2025-26,out,permanent,0,21.0,Centre-Back,8000000.0,7500000.0,,0.9375,500000.0,0.6559,0.5786,0.7416,0.0,0.0,0.0,0.0,0.65,,,,,,,,live_unlabeled,,neutral,1.0,0.0,1.0,0.0
2025-06-24,2025-06-24,Borussia Dortmund,Yan Couto,The Guardian / Jacob Steinberg in Philadelphia,Chelsea closing in on deal for Borussia Dortmund winger Jamie Gittens,https://www.theguardian.com/football/2025/jun/24/chelsea-closing-in-borussia-dortmund-winger-jamie-gittens,0.84,0.896,1,1,0.84,0.84,0.896,0.896,2025-26,in,permanent,0,23.0,Right Midfield,20000000.0,20000000.0,,1.0,0.0,0.75,0.6033,0.7416,0.0,0.0,0.0,0.0,0.65,,,,,,,,live_unlabeled,,neutral,1.0,0.0,1.0,0.0
2025-06-24,2025-06-24,Borussia Dortmund,Youssoufa Moukoko,The Guardian / Jacob Steinberg in Philadelphia,Chelsea closing in on deal for Borussia Dortmund winger Jamie Gittens,https://www.theguardian.com/football/2025/jun/24/chelsea-closing-in-borussia-dortmund-winger-jamie-gittens,0.84,0.896,1,1,0.84,0.84,0.896,0.896,2025-26,out,permanent,0,20.0,Centre-Forward,10000000.0,5000000.0,,0.5,5000000.0,0.5575,0.4637,0.7416,0.0,0.0,0.0,0.0,0.65,,,,,,,,live_unlabeled,,neutral,1.0,0.0,1.0,0.0
2025-06-25,2025-06-25,Manchester United,Bryan Mbeumo,The Guardian / Jamie Jackson,Manchester United close on £60m-plus deal to buy Brentford’s Bryan Mbeumo,https://www.theguardian.com/football/2025/jun/25/manchester-united-close-deal-buy-bryan-mbeumo-brentford,0.84,0.686,1,1,0.84,0.84,0.686,0.686,2025-26,in,permanent,0,25.0,Right Winger,55000000.0,75000000.0,,1.3636,-20000000.0,0.6682,0.5174,0.6681,0.0,0.0,0.0,0.0,0.65,,,,,,,,live_unlabeled,,neutral,1.0,0.0,1.0,0.0
2025-06-25,2025-06-25,Manchester United,Matheus Cunha,The Guardian / Jamie Jackson,Manchester United close on £60m-plus deal to buy Brentford’s Bryan Mbeumo,https://www.theguardian.com/football/2025/jun/25/manchester-united-close-deal-buy-bryan-mbeumo-brentford,0.84,0.686,1,1,0.84,0.84,0.686,0.686,2025-26,in,permanent,0,26.0,Centre-Forward,60000000.0,74200000.0,,1.2367,-14200000.0,0.6717,0.5025,0.6681,0.0,0.0,0.0,0.0,0.65,,,,,,,,live_unlabeled,,neutral,1.0,0.0,1.0,0.0
2025-06-26,2025-06-26,Juventus,Michele Di Gregorio,"The Guardian / Jamie Jackson at the Camping World Stadium, Orlando",Erling Haaland hits 300th goal in Manchester City rout of Juventus at Club World Cup,https://www.theguardian.com/football/2025/jun/26/juventus-manchester-city-club-world-cup-match-report,0.84,0.686,1,1,0.84,0.84,0.686,0.686,2025-26,in,permanent,0,27.0,Goalkeeper,18000000.0,14300000.0,,0.7944,3700000.0,0.7462,0.6298,0.6681,0.0,0.0,0.0,0.0,0.65,,,,,,,,live_unlabeled,,positive,1.0,0.0,0.0,1.0
2025-06-27,2025-06-27,Juventus,Samuel Mbangula,The Guardian / Ed Aarons,Arsenal hopeful of deal to sign Valencia defender Cristhian Mosquera,https://www.theguardian.com/football/2025/jun/27/arsenal-cristhian-mosquera-valencia-defender-weah-mbangula-nottingham-forest-juventus,0.84,0.686,1,1,0.84,0.84,0.686,0.686,2025-26,out,permanent,0,21.0,Left Winger,14000000.0,10000000.0,,0.7143,4000000.0,0.6057,0.52,0.6681,0.0,0.0,0.0,0.0,0.65,,,,,,,,live_unlabeled,,neutral,1.0,0.0,1.0,0.0
2025-06-28,2025-06-28,Borussia Dortmund,Daniel Svensson,The Guardian / Jacob Steinberg and Ed Aarons,Chelsea agree Jamie Gittens deal and battle Newcastle for João Pedro,https://www.theguardian.com/football/2025/jun/28/sunderland-agree-club-record-30m-deal-for-strasbourg-midfielder-habib-diarra,0.84,0.686,1,1,0.84,0.84,0.686,0.686,2025-26,in,permanent,0,23.0,Left-Back,12000000.0,6500000.0,,0.5417,5500000.0,0.8531,0.7924,0.6681,0.0,0.0,0.0,0.0,0.65,,,,,,,,live_unlabeled,,positive,1.0,0.0,0.0,1.0
2025-06-28,2025-06-28,Borussia Dortmund,Jamie Gittens,The Guardian / Jacob Steinberg and Ed Aarons,Chelsea agree Jamie Gittens deal and battle Newcastle for João Pedro,https://www.theguardian.com/football/2025/jun/28/sunderland-agree-club-record-30m-deal-for-strasbourg-midfielder-habib-diarra,0.84,0.686,1,1,0.84,0.84,0.686,0.686,2025-26,out,permanent,0,20.0,Left Winger,50000000.0,56000000.0,,1.12,-6000000.0,0.697,0.6265,0.6681,0.0,0.0,0.0,0.0,0.65,,,,,,,,live_unlabeled,,neutral,1.0,0.0,1.0,0.0
2025-06-28,2025-06-28,Borussia Dortmund,Patrick Drewes,The Guardian / Jacob Steinberg and Ed Aarons,Chelsea agree Jamie Gittens deal and battle Newcastle for João Pedro,https://www.theguardian.com/football/2025/jun/28/sunderland-agree-club-record-30m-deal-for-strasbourg-midfielder-habib-diarra,0.84,0.686,1,1,0.84,0.84,0.686,0.686,2025-26,in,permanent,0,32.0,Goalkeeper,500000.0,200000.0,,0.4,300000.0,0.71,0.6467,0.6681,0.0,0.0,0.0,0.0,0.65,,,,,,,,live_unlabeled,,neutral,1.0,0.0,1.0,0.0
2025-06-28,2025-06-28,Borussia Dortmund,Soumaïla Coulibaly,The Guardian / Jacob Steinberg and Ed Aarons,Chelsea agree Jamie Gittens deal and battle Newcastle for João Pedro,https://www.theguardian.com/football/2025/jun/28/sunderland-agree-club-record-30m-deal-for-strasbourg-midfielder-habib-diarra,0.84,0.686,1,1,0.84,0.84,0.686,0.686,2025-26,out,permanent,0,21.0,Centre-Back,8000000.0,7500000.0,,0.9375,500000.0,0.6559,0.5786,0.6681,0.0,0.0,0.0,0.0,0.65,,,,,,,,live_unlabeled,,neutral,1.0,0.0,1.0,0.0
2025-06-28,2025-06-28,Borussia Dortmund,Yan Couto,The Guardian / Jacob Steinberg and Ed Aarons,Chelsea agree Jamie Gittens deal and battle Newcastle for João Pedro,https://www.theguardian.com/football/2025/jun/28/sunderland-agree-club-record-30m-deal-for-strasbourg-midfielder-habib-diarra,0.84,0.686,1,1,0.84,0.84,0.686,0.686,2025-26,in,permanent,0,23.0,Right Midfield,20000000.0,20000000.0,,1.0,0.0,0.75,0.6033,0.6681,0.0,0.0,0.0,0.0,0.65,,,,,,,,live_unlabeled,,neutral,1.0,0.0,1.0,0.0
2025-06-28,2025-06-28,Borussia Dortmund,Youssoufa Moukoko,The Guardian / Jacob Steinberg and Ed Aarons,Chelsea agree Jamie Gittens deal and battle Newcastle for João Pedro,https://www.theguardian.com/football/2025/jun/28/sunderland-agree-club-record-30m-deal-for-strasbourg-midfielder-habib-diarra,0.84,0.686,1,1,0.84,0.84,0.686,0.686,2025-26,out,permanent,0,20.0,Centre-Forward,10000000.0,5000000.0,,0.5,5000000.0,0.5575,0.4637,0.6681,0.0,0.0,0.0,0.0,0.65,,,,,,,,live_unlabeled,,negative,1.0,1.0,0.0,0.0
2025-07-01,2025-07-01,Juventus,Michele Di Gregorio,"The Guardian / Sid Lowe at Hard Rock Stadium, Miami",Gonzalo García downs Juventus to send Real Madrid to Club World Cup quarters,https://www.theguardian.com/football/2025/jul/01/real-madrid-juventus-club-world-cup-last-16-match-report,0.84,0.686,1,1,0.84,0.84,0.686,0.686,2025-26,in,permanent,0,27.0,Goalkeeper,18000000.0,14300000.0,,0.7944,3700000.0,0.7462,0.6298,0.6681,0.0,0.0,0.0,0.0,0.65,,,,,,,,live_unlabeled,,positive,1.0,0.0,0.0,1.0
2025-07-01,2025-07-01,Manchester United,Diego León,The Guardian / Tom Davies,Football transfer rumours: Manchester United switch focus to Ollie Watkins?,https://www.theguardian.com/football/2025/jul/01/football-transfer-rumours-manchester-united-ollie-watkins-aston-villa-nicolas-jackson,0.84,0.686,1,1,0.84,0.84,0.686,0.686,2025-26,in,permanent,0,18.0,Left-Back,4000000.0,4000000.0,,1.0,0.0,0.625,0.4575,0.6681,0.0,0.0,0.0,0.0,0.65,,,,,,,,live_unlabeled,,positive,1.0,0.0,0.0,1.0
2025-07-03,2025-07-03,Juventus,Alberto Costa,The Guardian / Tom Bassam,Football transfer rumours: Juventus interested in cut-price Sancho deal?,https://www.theguardian.com/football/2025/jul/03/football-transfer-rumours-juventus-interested-in-cut-price-sancho-deal,0.86,0.699,1,1,0.86,0.86,0.699,0.699,2025-26,out,permanent,0,21.0,Right-Back,10000000.0,15000000.0,,1.5,-5000000.0,0.7825,0.7262,0.7017,-0.00728,-0.00728,0.0,0.005662,0.643,,,,,,,,live_unlabeled,,neutral,1.0,0.0,1.0,0.0
2025-07-03,2025-07-03,Juventus,Francisco Conceição,The Guardian / Tom Bassam,Football transfer rumours: Juventus interested in cut-price Sancho deal?,https://www.theguardian.com/football/2025/jul/03/football-transfer-rumours-juventus-interested-in-cut-price-sancho-deal,0.86,0.699,1,1,0.86,0.86,0.699,0.699,2025-26,in,permanent,0,22.0,Right Winger,28000000.0,32000000.0,,1.1429,-4000000.0,0.6929,0.5152,0.7017,-0.00728,-0.00728,0.0,0.005662,0.643,,,,,,,,live_unlabeled,,positive,1.0,0.0,0.0,1.0
2025-07-03,2025-07-03,Juventus,Hans Nicolussi Caviglia,The Guardian / Tom Bassam,Football transfer rumours: Juventus interested in cut-price Sancho deal?,https://www.theguardian.com/football/2025/jul/03/football-transfer-rumours-juventus-interested-in-cut-price-sancho-deal,0.86,0.699,1,1,0.86,0.86,0.699,0.699,2025-26,out,permanent,0,25.0,Central Midfield,8500000.0,3500000.0,,0.4118,5000000.0,0.5376,0.4406,0.7017,-0.00728,-0.00728,0.0,0.005662,0.643,,,,,,,,live_unlabeled,,neutral,1.0,0.0,1.0,0.0
2025-07-03,2025-07-03,Juventus,João Mário,The Guardian / Tom Bassam,Football transfer rumours: Juventus interested in cut-price Sancho deal?,https://www.theguardian.com/football/2025/jul/03/football-transfer-rumours-juventus-interested-in-cut-price-sancho-deal,0.86,0.699,1,1,0.86,0.86,0.699,0.699,2025-26,in,permanent,0,25.0,Right-Back,10000000.0,12000000.0,,1.2,-2000000.0,0.705,0.5358,0.7017,-0.00728,-0.00728,0.0,0.005662,0.643,,,,,,,,live_unlabeled,,positive,1.0,0.0,0.0,1.0
2025-07-03,2025-07-03,Juventus,Lloyd Kelly,The Guardian / Tom Bassam,Football transfer rumours: Juventus interested in cut-price Sancho deal?,https://www.theguardian.com/football/2025/jul/03/football-transfer-rumours-juventus-interested-in-cut-price-sancho-deal,0.86,0.699,1,1,0.86,0.86,0.699,0.699,2025-26,in,permanent,0,26.0,Centre-Back,16000000.0,17200000.0,,1.075,-1200000.0,0.7081,0.5432,0.7017,-0.00728,-0.00728,0.0,0.005662,0.643,,,,,,,,live_unlabeled,,positive,1.0,0.0,0.0,1.0
2025-07-03,2025-07-03,Juventus,Luca Pellegrini,The Guardian / Tom Bassam,Football transfer rumours: Juventus interested in cut-price Sancho deal?,https://www.theguardian.com/football/2025/jul/03/football-transfer-rumours-juventus-interested-in-cut-price-sancho-deal,0.86,0.699,1,1,0.86,0.86,0.699,0.699,2025-26,out,permanent,0,26.0,Left-Back,3000000.0,4000000.0,,1.3333,-1000000.0,0.745,0.6825,0.7017,-0.00728,-0.00728,0.0,0.005662,0.643,,,,,,,,live_unlabeled,,neutral,1.0,0.0,1.0,0.0
2025-07-03,2025-07-03,Juventus,Nico González,The Guardian / Tom Bassam,Football transfer rumours: Juventus interested in cut-price Sancho deal?,https://www.theguardian.com/football/2025/jul/03/football-transfer-rumours-juventus-interested-in-cut-price-sancho-deal,0.86,0.699,1,1,0.86,0.86,0.699,0.699,2025-26,in,permanent,0,27.0,Left Winger,24000000.0,28100000.0,,1.1708,-4100000.0,0.6616,0.4808,0.7017,-0.00728,-0.00728,0.0,0.005662,0.643,,,,,,,,live_unlabeled,,positive,1.0,0.0,0.0,1.0
2025-07-03,2025-07-03,Juventus,Nicolò Fagioli,The Guardian / Tom Bassam,Football transfer rumours: Juventus interested in cut-price Sancho deal?,https://www.theguardian.com/football/2025/jul/03/football-transfer-rumours-juventus-interested-in-cut-price-sancho-deal,0.86,0.699,1,1,0.86,0.86,0.699,0.699,2025-26,out,permanent,0,24.0,Central Midfield,18000000.0,13500000.0,,0.75,4500000.0,0.6138,0.5294,0.7017,-0.00728,-0.00728,0.0,0.005662,0.643,,,,,,,,live_unlabeled,,neutral,1.0,0.0,1.0,0.0
2025-07-03,2025-07-03,Juventus,Nicolò Rovella,The Guardian / Tom Bassam,Football transfer rumours: Juventus interested in cut-price Sancho deal?,https://www.theguardian.com/football/2025/jul/03/football-transfer-rumours-juventus-interested-in-cut-price-sancho-deal,0.86,0.699,1,1,0.86,0.86,0.699,0.699,2025-26,out,permanent,0,23.0,Defensive Midfield,30000000.0,17000000.0,,0.5667,13000000.0,0.5725,0.4813,0.7017,-0.00728,-0.00728,0.0,0.005662,0.643,,,,,,,,live_unlabeled,,neutral,1.0,0.0,1.0,0.0
2025-07-03,2025-07-03,Juventus,Pierre Kalulu,The Guardian / Tom Bassam,Football transfer rumours: Juventus interested in cut-price Sancho deal?,https://www.theguardian.com/football/2025/jul/03/football-transfer-rumours-juventus-interested-in-cut-price-sancho-deal,0.86,0.699,1,1,0.86,0.86,0.699,0.699,2025-26,in,permanent,0,25.0,Centre-Back,28000000.0,14300000.0,,0.5107,13700000.0,0.8601,0.8052,0.7017,-0.00728,-0.00728,0.0,0.005662,0.643,,,,,,,,live_unlabeled,,positive,1.0,0.0,0.0,1.0
2025-07-03,2025-07-03,Juventus,Samuel Mbangula,The Guardian / Tom Bassam,Football transfer rumours: Juventus interested in cut-price Sancho deal?,https://www.theguardian.com/football/2025/jul/03/football-transfer-rumours-juventus-interested-in-cut-price-sancho-deal,0.86,0.699,1,1,0.86,0.86,0.699,0.699,2025-26,out,permanent,0,21.0,Left Winger,14000000.0,10000000.0,,0.7143,4000000.0,0.6057,0.52,0.7017,-0.00728,-0.00728,0.0,0.005662,0.643,,,,,,,,live_unlabeled,,neutral,1.0,0.0,1.0,0.0
2025-07-04,2025-07-04,Borussia Dortmund,Patrick Drewes,The Guardian / Ben Fisher,Newcastle close to signing Forest’s Anthony Elanga with improved £55m offer,https://www.theguardian.com/football/2025/jul/03/newcastle-united-anthony-elanga-transfer-premier-league,0.84,0.686,1,1,0.84,0.84,0.686,0.686,2025-26,in,permanent,0,32.0,Goalkeeper,500000.0,200000.0,,0.4,300000.0,0.71,0.6467,0.6681,0.005141,0.005141,0.005132,0.011018,0.644,,,,,,,,live_unlabeled,,positive,1.0,0.0,0.0,1.0
2025-07-04,2025-07-04,Borussia Dortmund,Soumaïla Coulibaly,The Guardian / Ben Fisher,Newcastle close to signing Forest’s Anthony Elanga with improved £55m offer,https://www.theguardian.com/football/2025/jul/03/newcastle-united-anthony-elanga-transfer-premier-league,0.84,0.686,1,1,0.84,0.84,0.686,0.686,2025-26,out,permanent,0,21.0,Centre-Back,8000000.0,7500000.0,,0.9375,500000.0,0.6559,0.5786,0.6681,0.005141,0.005141,0.005132,0.011018,0.644,,,,,,,,live_unlabeled,,neutral,1.0,0.0,1.0,0.0
2025-07-04,2025-07-04,Borussia Dortmund,Youssoufa Moukoko,The Guardian / Ben Fisher,Newcastle close to signing Forest’s Anthony Elanga with improved £55m offer,https://www.theguardian.com/football/2025/jul/03/newcastle-united-anthony-elanga-transfer-premier-league,0.84,0.686,1,1,0.84,0.84,0.686,0.686,2025-26,out,permanent,0,20.0,Centre-Forward,10000000.0,5000000.0,,0.5,5000000.0,0.5575,0.4637,0.6681,0.005141,0.005141,0.005132,0.011018,0.644,,,,,,,,live_unlabeled,,negative,1.0,1.0,0.0,0.0
2025-07-04,2025-07-04,Juventus,Alberto Costa,"The Guardian / Ed Aarons, Will Unwin and Jacob Steinberg",Transfer latest: Nico Williams signs eight-year contract extension at Athletic Bilbao,https://www.theguardian.com/football/2025/jul/04/transfer-latest-nico-williams-athletic-bilbao-leeds-sunderland-arsenal,0.84,0.686,1,1,0.84,0.84,0.686,0.686,2025-26,out,permanent,0,21.0,Right-Back,10000000.0,15000000.0,,1.5,-5000000.0,0.7825,0.7262,0.6681,-0.004633,-0.004633,0.004973,0.009656,0.6307,,,,,,,,live_unlabeled,,neutral,1.0,0.0,1.0,0.0
2025-07-04,2025-07-04,Juventus,Francisco Conceição,"The Guardian / Ed Aarons, Will Unwin and Jacob Steinberg",Transfer latest: Nico Williams signs eight-year contract extension at Athletic Bilbao,https://www.theguardian.com/football/2025/jul/04/transfer-latest-nico-williams-athletic-bilbao-leeds-sunderland-arsenal,0.84,0.686,1,1,0.84,0.84,0.686,0.686,2025-26,in,permanent,0,22.0,Right Winger,28000000.0,32000000.0,,1.1429,-4000000.0,0.6929,0.5152,0.6681,-0.004633,-0.004633,0.004973,0.009656,0.6307,,,,,,,,live_unlabeled,,positive,1.0,0.0,0.0,1.0
2025-07-04,2025-07-04,Juventus,Hans Nicolussi Caviglia,"The Guardian / Ed Aarons, Will Unwin and Jacob Steinberg",Transfer latest: Nico Williams signs eight-year contract extension at Athletic Bilbao,https://www.theguardian.com/football/2025/jul/04/transfer-latest-nico-williams-athletic-bilbao-leeds-sunderland-arsenal,0.84,0.686,1,1,0.84,0.84,0.686,0.686,2025-26,out,permanent,0,25.0,Central Midfield,8500000.0,3500000.0,,0.4118,5000000.0,0.5376,0.4406,0.6681,-0.004633,-0.004633,0.004973,0.009656,0.6307,,,,,,,,live_unlabeled,,neutral,1.0,0.0,1.0,0.0
2025-07-04,2025-07-04,Juventus,João Mário,"The Guardian / Ed Aarons, Will Unwin and Jacob Steinberg",Transfer latest: Nico Williams signs eight-year contract extension at Athletic Bilbao,https://www.theguardian.com/football/2025/jul/04/transfer-latest-nico-williams-athletic-bilbao-leeds-sunderland-arsenal,0.84,0.686,1,1,0.84,0.84,0.686,0.686,2025-26,in,permanent,0,25.0,Right-Back,10000000.0,12000000.0,,1.2,-2000000.0,0.705,0.5358,0.6681,-0.004633,-0.004633,0.004973,0.009656,0.6307,,,,,,,,live_unlabeled,,positive,1.0,0.0,0.0,1.0
2025-07-04,2025-07-04,Juventus,Lloyd Kelly,"The Guardian / Ed Aarons, Will Unwin and Jacob Steinberg",Transfer latest: Nico Williams signs eight-year contract extension at Athletic Bilbao,https://www.theguardian.com/football/2025/jul/04/transfer-latest-nico-williams-athletic-bilbao-leeds-sunderland-arsenal,0.84,0.686,1,1,0.84,0.84,0.686,0.686,2025-26,in,permanent,0,26.0,Centre-Back,16000000.0,17200000.0,,1.075,-1200000.0,0.7081,0.5432,0.6681,-0.004633,-0.004633,0.004973,0.009656,0.6307,,,,,,,,live_unlabeled,,positive,1.0,0.0,0.0,1.0
2025-07-04,2025-07-04,Juventus,Luca Pellegrini,"The Guardian / Ed Aarons, Will Unwin and Jacob Steinberg",Transfer latest: Nico Williams signs eight-year contract extension at Athletic Bilbao,https://www.theguardian.com/football/2025/jul/04/transfer-latest-nico-williams-athletic-bilbao-leeds-sunderland-arsenal,0.84,0.686,1,1,0.84,0.84,0.686,0.686,2025-26,out,permanent,0,26.0,Left-Back,3000000.0,4000000.0,,1.3333,-1000000.0,0.745,0.6825,0.6681,-0.004633,-0.004633,0.004973,0.009656,0.6307,,,,,,,,live_unlabeled,,neutral,1.0,0.0,1.0,0.0
2025-07-04,2025-07-04,Juventus,Michele Di Gregorio,"The Guardian / Alexander Abnos | The Guardian / Ed Aarons, Will Unwin and Jacob Steinberg","The Club World Cup by numbers: attendances, heat and head-to-heads || Transfer latest: Nico Williams signs eight-year contract extension at Athletic Bilbao",https://www.theguardian.com/football/2025/jul/04/club-world-cup-by-numbers-attendances-heat-and-head-to-heads | https://www.theguardian.com/football/2025/jul/04/transfer-latest-nico-williams-athletic-bilbao-leeds-sunderland-arsenal,0.84,0.686,2,2,0.84,0.84,0.686,0.686,2025-26,in,permanent,0,27.0,Goalkeeper,18000000.0,14300000.0,,0.7944,3700000.0,0.7462,0.6298,0.7181,-0.004633,-0.004633,0.004973,0.009656,0.6307,,,,,,,,live_unlabeled,,positive,1.0,0.0,0.0,1.0
2025-07-04,2025-07-04,Juventus,Nico González,"The Guardian / Ed Aarons, Will Unwin and Jacob Steinberg",Transfer latest: Nico Williams signs eight-year contract extension at Athletic Bilbao,https://www.theguardian.com/football/2025/jul/04/transfer-latest-nico-williams-athletic-bilbao-leeds-sunderland-arsenal,0.84,0.686,1,1,0.84,0.84,0.686,0.686,2025-26,in,permanent,0,27.0,Left Winger,24000000.0,28100000.0,,1.1708,-4100000.0,0.6616,0.4808,0.6681,-0.004633,-0.004633,0.004973,0.009656,0.6307,,,,,,,,live_unlabeled,,positive,1.0,0.0,0.0,1.0
2025-07-04,2025-07-04,Juventus,Nicolò Fagioli,"The Guardian / Ed Aarons, Will Unwin and Jacob Steinberg",Transfer latest: Nico Williams signs eight-year contract extension at Athletic Bilbao,https://www.theguardian.com/football/2025/jul/04/transfer-latest-nico-williams-athletic-bilbao-leeds-sunderland-arsenal,0.84,0.686,1,1,0.84,0.84,0.686,0.686,2025-26,out,permanent,0,24.0,Central Midfield,18000000.0,13500000.0,,0.75,4500000.0,0.6138,0.5294,0.6681,-0.004633,-0.004633,0.004973,0.009656,0.6307,,,,,,,,live_unlabeled,,neutral,1.0,0.0,1.0,0.0
2025-07-04,2025-07-04,Juventus,Nicolò Rovella,"The Guardian / Ed Aarons, Will Unwin and Jacob Steinberg",Transfer latest: Nico Williams signs eight-year contract extension at Athletic Bilbao,https://www.theguardian.com/football/2025/jul/04/transfer-latest-nico-williams-athletic-bilbao-leeds-sunderland-arsenal,0.84,0.686,1,1,0.84,0.84,0.686,0.686,2025-26,out,permanent,0,23.0,Defensive Midfield,30000000.0,17000000.0,,0.5667,13000000.0,0.5725,0.4813,0.6681,-0.004633,-0.004633,0.004973,0.009656,0.6307,,,,,,,,live_unlabeled,,neutral,1.0,0.0,1.0,0.0
2025-07-04,2025-07-04,Juventus,Pierre Kalulu,"The Guardian / Ed Aarons, Will Unwin and Jacob Steinberg",Transfer latest: Nico Williams signs eight-year contract extension at Athletic Bilbao,https://www.theguardian.com/football/2025/jul/04/transfer-latest-nico-williams-athletic-bilbao-leeds-sunderland-arsenal,0.84,0.686,1,1,0.84,0.84,0.686,0.686,2025-26,in,permanent,0,25.0,Centre-Back,28000000.0,14300000.0,,0.5107,13700000.0,0.8601,0.8052,0.6681,-0.004633,-0.004633,0.004973,0.009656,0.6307,,,,,,,,live_unlabeled,,positive,1.0,0.0,0.0,1.0
2025-07-04,2025-07-04,Juventus,Samuel Mbangula,"The Guardian / Ed Aarons, Will Unwin and Jacob Steinberg",Transfer latest: Nico Williams signs eight-year contract extension at Athletic Bilbao,https://www.theguardian.com/football/2025/jul/04/transfer-latest-nico-williams-athletic-bilbao-leeds-sunderland-arsenal,0.84,0.686,1,1,0.84,0.84,0.686,0.686,2025-26,out,permanent,0,21.0,Left Winger,14000000.0,10000000.0,,0.7143,4000000.0,0.6057,0.52,0.6681,-0.004633,-0.004633,0.004973,0.009656,0.6307,,,,,,,,live_unlabeled,,neutral,1.0,0.0,1.0,0.0
2025-07-04,2025-07-04,Lazio,Fisayo Dele-Bashiru,"The Guardian / Ed Aarons, Will Unwin and Jacob Steinberg",Transfer latest: Nico Williams signs eight-year contract extension at Athletic Bilbao,https://www.theguardian.com/football/2025/jul/04/transfer-latest-nico-williams-athletic-bilbao-leeds-sunderland-arsenal,0.84,0.686,1,1,0.84,0.84,0.686,0.686,2025-26,in,permanent,0,24.0,Central Midfield,7500000.0,3430000.0,,0.4573,4070000.0,0.8971,0.8564,0.6681,-0.012407,-0.012407,0.00371,0.009656,0.6247,,,,,,,,live_unlabeled,,positive,1.0,0.0,0.0,1.0
2025-07-04,2025-07-04,Lazio,Loum Tchaouna,"The Guardian / Ed Aarons, Will Unwin and Jacob Steinberg",Transfer latest: Nico Williams signs eight-year contract extension at Athletic Bilbao,https://www.theguardian.com/football/2025/jul/04/transfer-latest-nico-williams-athletic-bilbao-leeds-sunderland-arsenal,0.84,0.686,1,1,0.84,0.84,0.686,0.686,2025-26,out,permanent,0,21.0,Right Winger,10000000.0,15150000.0,,1.515,-5150000.0,0.7859,0.7302,0.6681,-0.012407,-0.012407,0.00371,0.009656,0.6247,,,,,,,,live_unlabeled,,neutral,1.0,0.0,1.0,0.0
2025-07-04,2025-07-04,Lazio,Luca Pellegrini,"The Guardian / Ed Aarons, Will Unwin and Jacob Steinberg",Transfer latest: Nico Williams signs eight-year contract extension at Athletic Bilbao,https://www.theguardian.com/football/2025/jul/04/transfer-latest-nico-williams-athletic-bilbao-leeds-sunderland-arsenal,0.84,0.686,1,1,0.84,0.84,0.686,0.686,2025-26,in,permanent,0,26.0,Left-Back,3000000.0,4000000.0,,1.3333,-1000000.0,0.65,0.4917,0.6681,-0.012407,-0.012407,0.00371,0.009656,0.6247,,,,,,,,live_unlabeled,,neutral,1.0,0.0,1.0,0.0
2025-07-04,2025-07-04,Lazio,Nicolò Casale,"The Guardian / Ed Aarons, Will Unwin and Jacob Steinberg",Transfer latest: Nico Williams signs eight-year contract extension at Athletic Bilbao,https://www.theguardian.com/football/2025/jul/04/transfer-latest-nico-williams-athletic-bilbao-leeds-sunderland-arsenal,0.84,0.686,1,1,0.84,0.84,0.686,0.686,2025-26,out,permanent,0,27.0,Centre-Back,6000000.0,6500000.0,,1.0833,-500000.0,0.6887,0.6311,0.6681,-0.012407,-0.012407,0.00371,0.009656,0.6247,,,,,,,,live_unlabeled,,neutral,1.0,0.0,1.0,0.0
2025-07-04,2025-07-04,Lazio,Nicolò Rovella,"The Guardian / Ed Aarons, Will Unwin and Jacob Steinberg",Transfer latest: Nico Williams signs eight-year contract extension at Athletic Bilbao,https://www.theguardian.com/football/2025/jul/04/transfer-latest-nico-williams-athletic-bilbao-leeds-sunderland-arsenal,0.84,0.686,1,1,0.84,0.84,0.686,0.686,2025-26,in,permanent,0,23.0,Defensive Midfield,30000000.0,17000000.0,,0.5667,13000000.0,0.8475,0.7821,0.6681,-0.012407,-0.012407,0.00371,0.009656,0.6247,,,,,,,,live_unlabeled,,positive,1.0,0.0,0.0,1.0
2025-07-04,2025-07-04,Lazio,Nuno Tavares,"The Guardian / Ed Aarons, Will Unwin and Jacob Steinberg",Transfer latest: Nico Williams signs eight-year contract extension at Athletic Bilbao,https://www.theguardian.com/football/2025/jul/04/transfer-latest-nico-williams-athletic-bilbao-leeds-sunderland-arsenal,0.84,0.686,1,1,0.84,0.84,0.686,0.686,2025-26,in,permanent,0,25.0,Left-Back,25000000.0,6000000.0,,0.24,19000000.0,0.921,0.9168,0.6681,-0.012407,-0.012407,0.00371,0.009656,0.6247,,,,,,,,live_unlabeled,,positive,1.0,0.0,0.0,1.0
2025-07-04,2025-07-04,Lazio,Samuel Gigot,"The Guardian / Ed Aarons, Will Unwin and Jacob Steinberg",Transfer latest: Nico Williams signs eight-year contract extension at Athletic Bilbao,https://www.theguardian.com/football/2025/jul/04/transfer-latest-nico-williams-athletic-bilbao-leeds-sunderland-arsenal,0.84,0.686,1,1,0.84,0.84,0.686,0.686,2025-26,in,permanent,0,31.0,Centre-Back,3000000.0,4500000.0,,1.5,-1500000.0,0.4875,0.3271,0.6681,-0.012407,-0.012407,0.00371,0.009656,0.6247,,,,,,,,live_unlabeled,,positive,1.0,0.0,0.0,1.0
2025-07-04,2025-07-04,Manchester United,Diego León,The Guardian / Will Unwin,"Garnacho, Rashford and Sancho among five who tell Manchester United they want out",https://www.theguardian.com/football/2025/jul/04/marcus-rashford-to-report-for-pre-season-training-at-manchester-united-next-week,0.84,0.686,1,1,0.84,0.84,0.686,0.686,2025-26,in,permanent,0,18.0,Left-Back,4000000.0,4000000.0,,1.0,0.0,0.625,0.4575,0.6681,0.030018,0.030018,0.012105,0.013124,0.6535,,,,,,,,live_unlabeled,,positive,1.0,0.0,0.0,1.0
2025-07-04,2025-07-04,Manchester United,Matheus Cunha,The Guardian / Will Unwin,"Garnacho, Rashford and Sancho among five who tell Manchester United they want out",https://www.theguardian.com/football/2025/jul/04/marcus-rashford-to-report-for-pre-season-training-at-manchester-united-next-week,0.84,0.686,1,1,0.84,0.84,0.686,0.686,2025-26,in,permanent,0,26.0,Centre-Forward,60000000.0,74200000.0,,1.2367,-14200000.0,0.6717,0.5025,0.6681,0.030018,0.030018,0.012105,0.013124,0.6535,,,,,,,,live_unlabeled,,positive,1.0,0.0,0.0,1.0
2025-07-05,2025-07-05,Borussia Dortmund,Daniel Svensson,The Guardian / Alexander Abnos at MetLife Stadium,Real Madrid 3-2 Borussia Dortmund: Club World Cup quarter-final – as it happened,https://www.theguardian.com/football/live/2025/jul/05/real-madrid-v-borussia-dortmund-club-world-cup-quarter-final-live-updates,0.84,0.686,1,1,0.84,0.84,0.686,0.686,2025-26,in,permanent,0,23.0,Left-Back,12000000.0,6500000.0,,0.5417,5500000.0,0.8531,0.7924,0.6681,-0.003856,-0.003856,0.006863,0.004822,0.6225,,,,,,,,live_unlabeled,,positive,1.0,0.0,0.0,1.0
2025-07-05,2025-07-05,Borussia Dortmund,Jamie Gittens,The Guardian / Jacob Steinberg and Ben Fisher,"Transfer news: Jamie Gittens completes £48.5m Chelsea move, Forest land Jesus",https://www.theguardian.com/football/2025/jul/05/transfer-news-jamie-gittens-completes-55m-chelsea-switch-nottingham-forest-sign-igor-jesus,0.84,0.896,1,1,0.84,0.84,0.896,0.896,2025-26,out,permanent,0,20.0,Left Winger,50000000.0,56000000.0,,1.12,-6000000.0,0.697,0.6265,0.8216,-0.003856,-0.003856,0.006863,0.004822,0.6225,,,,,,,,live_unlabeled,,neutral,1.0,0.0,1.0,0.0
2025-07-05,2025-07-05,Borussia Dortmund,Yan Couto,The Guardian / Alexander Abnos at MetLife Stadium,Real Madrid 3-2 Borussia Dortmund: Club World Cup quarter-final – as it happened,https://www.theguardian.com/football/live/2025/jul/05/real-madrid-v-borussia-dortmund-club-world-cup-quarter-final-live-updates,0.84,0.686,1,1,0.84,0.84,0.686,0.686,2025-26,in,permanent,0,23.0,Right Midfield,20000000.0,20000000.0,,1.0,0.0,0.75,0.6033,0.6681,-0.003856,-0.003856,0.006863,0.004822,0.6225,,,,,,,,live_unlabeled,,neutral,1.0,0.0,1.0,0.0
2025-07-07,2025-07-07,Manchester United,Diego León,The Guardian / John Brewin,Football transfer rumours: Dominic Calvert-Lewin to Manchester United?,https://www.theguardian.com/football/2025/jul/07/football-transfer-rumours-dominic-calvert-lewin-to-manchester-united,0.84,0.686,1,1,0.84,0.84,0.686,0.686,2025-26,in,permanent,0,18.0,Left-Back,4000000.0,4000000.0,,1.0,0.0,0.625,0.4575,0.6681,0.030018,0.030018,0.012105,0.013124,0.6535,,,,,,,,live_unlabeled,,positive,1.0,0.0,0.0,1.0
2025-07-09,2025-07-09,Borussia Dortmund,Jamie Gittens,The Guardian / Jacob Steinberg,"Transfer latest: Arsenal open Madueke talks with Chelsea, Everton sign £27m striker Barry",https://www.theguardian.com/football/2025/jul/09/arsenal-open-talks-chelsea-signing-noni-madueke,0.84,0.686,1,1,0.84,0.84,0.686,0.686,2025-26,out,permanent,0,20.0,Left Winger,50000000.0,56000000.0,,1.12,-6000000.0,0.697,0.6265,0.7081,-0.014139,-0.014139,0.012082,0.022541,0.5987,,,,,,,,live_unlabeled,,neutral,1.0,0.0,1.0,0.0
2025-07-09,2025-07-09,Borussia Dortmund,Soumaïla Coulibaly,The Guardian / Jacob Steinberg,"Transfer latest: Arsenal open Madueke talks with Chelsea, Everton sign £27m striker Barry",https://www.theguardian.com/football/2025/jul/09/arsenal-open-talks-chelsea-signing-noni-madueke,0.84,0.686,1,1,0.84,0.84,0.686,0.686,2025-26,out,permanent,0,21.0,Centre-Back,8000000.0,7500000.0,,0.9375,500000.0,0.6559,0.5786,0.7081,-0.014139,-0.014139,0.012082,0.022541,0.5987,,,,,,,,live_unlabeled,,neutral,1.0,0.0,1.0,0.0
2025-07-09,2025-07-09,Juventus,Alberto Costa,The Guardian / Jacob Steinberg,"Transfer latest: Arsenal open Madueke talks with Chelsea, Everton sign £27m striker Barry",https://www.theguardian.com/football/2025/jul/09/arsenal-open-talks-chelsea-signing-noni-madueke,0.84,0.686,1,1,0.84,0.84,0.686,0.686,2025-26,out,permanent,0,21.0,Right-Back,10000000.0,15000000.0,,1.5,-5000000.0,0.7825,0.7262,0.7081,-0.025811,-0.025811,0.008802,0.015723,0.5913,,,,,,,,live_unlabeled,,neutral,1.0,0.0,1.0,0.0
2025-07-09,2025-07-09,Juventus,Francisco Conceição,The Guardian / Jacob Steinberg,"Transfer latest: Arsenal open Madueke talks with Chelsea, Everton sign £27m striker Barry",https://www.theguardian.com/football/2025/jul/09/arsenal-open-talks-chelsea-signing-noni-madueke,0.84,0.686,1,1,0.84,0.84,0.686,0.686,2025-26,in,permanent,0,22.0,Right Winger,28000000.0,32000000.0,,1.1429,-4000000.0,0.6929,0.5152,0.7081,-0.025811,-0.025811,0.008802,0.015723,0.5913,,,,,,,,live_unlabeled,,positive,1.0,0.0,0.0,1.0
2025-07-09,2025-07-09,Juventus,João Mário,The Guardian / Jacob Steinberg,"Transfer latest: Arsenal open Madueke talks with Chelsea, Everton sign £27m striker Barry",https://www.theguardian.com/football/2025/jul/09/arsenal-open-talks-chelsea-signing-noni-madueke,0.84,0.686,1,1,0.84,0.84,0.686,0.686,2025-26,in,permanent,0,25.0,Right-Back,10000000.0,12000000.0,,1.2,-2000000.0,0.705,0.5358,0.7081,-0.025811,-0.025811,0.008802,0.015723,0.5913,,,,,,,,live_unlabeled,,positive,1.0,0.0,0.0,1.0
2025-07-09,2025-07-09,Juventus,Samuel Mbangula,The Guardian / Jacob Steinberg,"Transfer latest: Arsenal open Madueke talks with Chelsea, Everton sign £27m striker Barry",https://www.theguardian.com/football/2025/jul/09/arsenal-open-talks-chelsea-signing-noni-madueke,0.84,0.686,1,1,0.84,0.84,0.686,0.686,2025-26,out,permanent,0,21.0,Left Winger,14000000.0,10000000.0,,0.7143,4000000.0,0.6057,0.52,0.7081,-0.025811,-0.025811,0.008802,0.015723,0.5913,,,,,,,,live_unlabeled,,neutral,1.0,0.0,1.0,0.0
2025-07-17,2025-07-17,Manchester United,Bryan Mbeumo,The Guardian / Will Unwin,Manchester United make improved Bryan Mbeumo bid with £70m package,https://www.theguardian.com/football/2025/jul/17/manchester-united-bryan-mbeumo-improved-bid-70m-brentford,0.84,0.686,1,1,0.84,0.84,0.686,0.686,2025-26,in,permanent,0,25.0,Right Winger,55000000.0,75000000.0,,1.3636,-20000000.0,0.6682,0.5174,0.6681,0.037015,0.038846,0.017409,0.010599,0.6435,,,,,,,,live_unlabeled,,positive,1.0,0.0,0.0,1.0
2025-07-18,2025-07-18,Juventus,Alberto Costa,The Guardian / Michael Butler,Football transfer rumours: West Ham and Everton move for Jack Grealish?,https://www.theguardian.com/football/2025/jul/18/football-transfer-rumours-west-ham-everton-jack-grealish-victor-osimhen,0.84,0.686,1,1,0.84,0.84,0.686,0.686,2025-26,out,permanent,0,21.0,Right-Back,10000000.0,15000000.0,,1.5,-5000000.0,0.7825,0.7262,0.6681,-0.01087,-0.0364,0.008393,0.014358,0.6002,,,,,,,,live_unlabeled,,neutral,1.0,0.0,1.0,0.0
2025-07-18,2025-07-18,Juventus,Francisco Conceição,The Guardian / Michael Butler,Football transfer rumours: West Ham and Everton move for Jack Grealish?,https://www.theguardian.com/football/2025/jul/18/football-transfer-rumours-west-ham-everton-jack-grealish-victor-osimhen,0.84,0.686,1,1,0.84,0.84,0.686,0.686,2025-26,in,permanent,0,22.0,Right Winger,28000000.0,32000000.0,,1.1429,-4000000.0,0.6929,0.5152,0.6681,-0.01087,-0.0364,0.008393,0.014358,0.6002,,,,,,,,live_unlabeled,,positive,1.0,0.0,0.0,1.0
2025-07-18,2025-07-18,Juventus,João Mário,The Guardian / Michael Butler,Football transfer rumours: West Ham and Everton move for Jack Grealish?,https://www.theguardian.com/football/2025/jul/18/football-transfer-rumours-west-ham-everton-jack-grealish-victor-osimhen,0.84,0.686,1,1,0.84,0.84,0.686,0.686,2025-26,in,permanent,0,25.0,Right-Back,10000000.0,12000000.0,,1.2,-2000000.0,0.705,0.5358,0.6681,-0.01087,-0.0364,0.008393,0.014358,0.6002,,,,,,,,live_unlabeled,,positive,1.0,0.0,0.0,1.0
2025-07-18,2025-07-18,Juventus,Samuel Mbangula,The Guardian / Michael Butler,Football transfer rumours: West Ham and Everton move for Jack Grealish?,https://www.theguardian.com/football/2025/jul/18/football-transfer-rumours-west-ham-everton-jack-grealish-victor-osimhen,0.84,0.686,1,1,0.84,0.84,0.686,0.686,2025-26,out,permanent,0,21.0,Left Winger,14000000.0,10000000.0,,0.7143,4000000.0,0.6057,0.52,0.6681,-0.01087,-0.0364,0.008393,0.014358,0.6002,,,,,,,,live_unlabeled,,neutral,1.0,0.0,1.0,0.0
2025-07-18,2025-07-18,Manchester United,Bryan Mbeumo,The Guardian / Will Unwin,Manchester United agree deal to buy Bryan Mbeumo for initial £65m,https://www.theguardian.com/football/2025/jul/18/manchester-united-agree-deal-bryan-mbeumo-brentford-initial-65m,0.84,0.686,1,1,0.84,0.84,0.686,0.686,2025-26,in,permanent,0,25.0,Right Winger,55000000.0,75000000.0,,1.3636,-20000000.0,0.6682,0.5174,0.6681,0.005093,0.045321,0.016611,0.016029,0.6241,,,,,,,,live_unlabeled,,positive,1.0,0.0,0.0,1.0
2025-07-20,2025-07-20,Juventus,Alberto Costa,The Guardian / John Brewin,Liverpool continue talks over signing Hugo Ekitike from Eintracht Frankfurt,https://www.theguardian.com/football/2025/jul/20/liverpool-continue-talks-over-signing-hugo-ekitike-from-eintracht-frankfurt-football-transfer-window,0.84,0.686,1,1,0.84,0.84,0.686,0.686,2025-26,out,permanent,0,21.0,Right-Back,10000000.0,15000000.0,,1.5,-5000000.0,0.7825,0.7262,0.7081,-0.012916,-0.039047,0.008064,0.018983,0.6007,,,,,,,,live_unlabeled,,neutral,1.0,0.0,1.0,0.0
2025-07-20,2025-07-20,Juventus,Francisco Conceição,The Guardian / John Brewin,Liverpool continue talks over signing Hugo Ekitike from Eintracht Frankfurt,https://www.theguardian.com/football/2025/jul/20/liverpool-continue-talks-over-signing-hugo-ekitike-from-eintracht-frankfurt-football-transfer-window,0.84,0.686,1,1,0.84,0.84,0.686,0.686,2025-26,in,permanent,0,22.0,Right Winger,28000000.0,32000000.0,,1.1429,-4000000.0,0.6929,0.5152,0.7081,-0.012916,-0.039047,0.008064,0.018983,0.6007,,,,,,,,live_unlabeled,,positive,1.0,0.0,0.0,1.0
2025-07-20,2025-07-20,Juventus,João Mário,The Guardian / John Brewin,Liverpool continue talks over signing Hugo Ekitike from Eintracht Frankfurt,https://www.theguardian.com/football/2025/jul/20/liverpool-continue-talks-over-signing-hugo-ekitike-from-eintracht-frankfurt-football-transfer-window,0.84,0.686,1,1,0.84,0.84,0.686,0.686,2025-26,in,permanent,0,25.0,Right-Back,10000000.0,12000000.0,,1.2,-2000000.0,0.705,0.5358,0.7081,-0.012916,-0.039047,0.008064,0.018983,0.6007,,,,,,,,live_unlabeled,,positive,1.0,0.0,0.0,1.0
2025-07-21,2025-07-21,Manchester United,Bryan Mbeumo,The Guardian / Will Unwin,‘Club of my dreams’: Bryan Mbeumo seals £71m Manchester United move,https://www.theguardian.com/football/2025/jul/21/club-of-my-dreams-bryan-mbeumo-seals-71m-manchester-united-move,0.84,0.686,1,1,0.84,0.84,0.686,0.686,2025-26,in,permanent,0,25.0,Right Winger,55000000.0,75000000.0,,1.3636,-20000000.0,0.6682,0.5174,0.6681,-0.002259,0.040024,0.016108,0.015937,0.6169,,,,,,,,live_unlabeled,,neutral,1.0,0.0,1.0,0.0
2025-07-31,2025-07-31,Borussia Dortmund,Fábio Silva,The Guardian / Ed Aarons,Tottenham in talks to sign João Palhinha on loan from Bayern,https://www.theguardian.com/football/2025/jul/31/tottenham-in-talks-to-sign-joao-palhinha-on-loan-from-bayern,0.84,0.686,1,1,0.84,0.84,0.686,0.686,2025-26,in,permanent,0,23.0,Centre-Forward,20000000.0,22500000.0,,1.125,-2500000.0,0.7219,0.5518,0.7081,-0.037419,-0.041131,0.010939,0.024877,0.5708,,,,,,,,live_unlabeled,,neutral,1.0,0.0,1.0,0.0
2025-07-31,2025-07-31,Borussia Dortmund,Giovanni Reyna,The Guardian / Ed Aarons,Tottenham in talks to sign João Palhinha on loan from Bayern,https://www.theguardian.com/football/2025/jul/31/tottenham-in-talks-to-sign-joao-palhinha-on-loan-from-bayern,0.84,0.686,1,1,0.84,0.84,0.686,0.686,2025-26,out,permanent,0,22.0,Attacking Midfield,7000000.0,4000000.0,,0.5714,3000000.0,0.5736,0.4825,0.7081,-0.037419,-0.041131,0.010939,0.024877,0.5708,,,,,,,,live_unlabeled,,negative,1.0,1.0,0.0,0.0
2025-07-31,2025-07-31,Juventus,Nicolò Savona,The Guardian / Ed Aarons,Tottenham in talks to sign João Palhinha on loan from Bayern,https://www.theguardian.com/football/2025/jul/31/tottenham-in-talks-to-sign-joao-palhinha-on-loan-from-bayern,0.84,0.686,1,1,0.84,0.84,0.686,0.686,2025-26,out,permanent,0,22.0,Right-Back,12000000.0,13000000.0,,1.0833,-1000000.0,0.6887,0.6168,0.7081,-0.034819,-0.082727,0.007049,0.052501,0.5812,,,,,,,,live_unlabeled,,neutral,1.0,0.0,1.0,0.0
2025-07-31,2025-07-31,Juventus,Tiago Djaló,The Guardian / Ed Aarons,Tottenham in talks to sign João Palhinha on loan from Bayern,https://www.theguardian.com/football/2025/jul/31/tottenham-in-talks-to-sign-joao-palhinha-on-loan-from-bayern,0.84,0.686,1,1,0.84,0.84,0.686,0.686,2025-26,out,permanent,0,25.0,Centre-Back,8000000.0,3500000.0,,0.4375,4500000.0,0.5434,0.4473,0.7081,-0.034819,-0.082727,0.007049,0.052501,0.5812,,,,,,,,live_unlabeled,,neutral,1.0,0.0,1.0,0.0
2025-08-05,2025-08-05,Manchester United,Benjamin Sesko,The Guardian / Louise Taylor and Will Unwin,Manchester United rival Newcastle with Sesko bid and believe he prefers Old Trafford,https://www.theguardian.com/football/2025/aug/05/manchester-united-newcastle-benjamin-sesko-bids,0.84,0.686,1,1,0.84,0.84,0.686,0.686,2025-26,in,permanent,0,22.0,Centre-Forward,70000000.0,76500000.0,,1.0929,-6500000.0,0.7041,0.5358,0.6681,0.017192,0.044732,0.014998,0.021286,0.6429,,,,,,,,live_unlabeled,,positive,1.0,0.0,0.0,1.0
2025-08-06,2025-08-06,Borussia Dortmund,Carney Chukwuemeka,The Guardian / Ed Aarons,Chelsea step up efforts to sign Garnacho and Simons in attacking reshuffle,https://www.theguardian.com/football/2025/aug/06/transfer-news-chelsea-alejandro-garnacho-xavi-simons-nicolas-jackson-manchester-united-rb-leipzig,0.84,0.686,1,1,0.84,0.84,0.686,0.686,2025-26,in,permanent,0,21.0,Central Midfield,18000000.0,20000000.0,,1.1111,-2000000.0,0.675,0.4992,0.6681,-0.026738,-0.064267,0.010694,0.007299,0.5613,,,,,,,,live_unlabeled,,neutral,1.0,0.0,1.0,0.0
2025-08-06,2025-08-06,Borussia Dortmund,Giovanni Reyna,The Guardian / Ed Aarons,Chelsea step up efforts to sign Garnacho and Simons in attacking reshuffle,https://www.theguardian.com/football/2025/aug/06/transfer-news-chelsea-alejandro-garnacho-xavi-simons-nicolas-jackson-manchester-united-rb-leipzig,0.84,0.686,1,1,0.84,0.84,0.686,0.686,2025-26,out,permanent,0,22.0,Attacking Midfield,7000000.0,4000000.0,,0.5714,3000000.0,0.5736,0.4825,0.6681,-0.026738,-0.064267,0.010694,0.007299,0.5613,,,,,,,,live_unlabeled,,negative,1.0,1.0,0.0,0.0
2025-08-06,2025-08-06,Manchester United,Alejandro Garnacho,The Guardian / Ed Aarons | The Guardian / Will Unwin,Manchester United confident of beating Newcastle to signing Benjamin Sesko || Chelsea step up efforts to sign Garnacho and Simons in attacking reshuffle,https://www.theguardian.com/football/2025/aug/06/manchester-united-confident-of-beating-newcastle-to-benjamin-sesko-signing | https://www.theguardian.com/football/2025/aug/06/transfer-news-chelsea-alejandro-garnacho-xavi-simons-nicolas-jackson-manchester-united-rb-leipzig,0.84,0.686,2,2,0.84,0.84,0.686,0.686,2025-26,out,permanent,0,21.0,Left Winger,45000000.0,46200000.0,,1.0267,-1200000.0,0.676,0.602,0.7181,0.033276,0.060035,0.014898,0.016325,0.6621,,,,,,,,live_unlabeled,,positive,1.0,0.0,0.0,1.0
2025-08-06,2025-08-06,Manchester United,Antony,The Guardian / Will Unwin,Manchester United confident of beating Newcastle to signing Benjamin Sesko,https://www.theguardian.com/football/2025/aug/06/manchester-united-confident-of-beating-newcastle-to-benjamin-sesko-signing,0.84,0.686,1,1,0.84,0.84,0.686,0.686,2025-26,out,permanent,0,25.0,Right Winger,35000000.0,22000000.0,,0.6286,13000000.0,0.5864,0.4975,0.6681,0.033276,0.060035,0.014898,0.016325,0.6621,,,,,,,,live_unlabeled,,positive,1.0,0.0,0.0,1.0
2025-08-06,2025-08-06,Manchester United,Benjamin Sesko,The Guardian / Will Unwin,Manchester United confident of beating Newcastle to signing Benjamin Sesko,https://www.theguardian.com/football/2025/aug/06/manchester-united-confident-of-beating-newcastle-to-benjamin-sesko-signing,0.84,0.686,1,1,0.84,0.84,0.686,0.686,2025-26,in,permanent,0,22.0,Centre-Forward,70000000.0,76500000.0,,1.0929,-6500000.0,0.7041,0.5358,0.6681,0.033276,0.060035,0.014898,0.016325,0.6621,,,,,,,,live_unlabeled,,positive,1.0,0.0,0.0,1.0
2025-08-07,2025-08-07,Manchester United,Benjamin Sesko,The Guardian / Will Unwin,Manchester United agree £73.3m deal to sign Benjamin Sesko from RB Leipzig,https://www.theguardian.com/football/2025/aug/07/manchester-united-agree-deal-to-sign-benjamin-sesko-rb-leipzig,0.84,0.896,1,1,0.84,0.84,0.896,0.896,2025-26,in,permanent,0,22.0,Centre-Forward,70000000.0,76500000.0,,1.0929,-6500000.0,0.7041,0.5358,0.7416,0.042319,0.05827,0.01462,0.023725,0.6739,,,,,,,,live_unlabeled,,neutral,1.0,0.0,1.0,0.0
2025-08-09,2025-08-09,Manchester United,Benjamin Sesko,The Guardian / Andy Martin,Manchester United seal £73.7m deal for Benjamin Sesko from RB Leipzig,https://www.theguardian.com/football/2025/aug/09/manchester-united-seal-76m-deal-benjamin-sesko-leipzig,0.84,0.686,1,1,0.84,0.84,0.686,0.686,2025-26,in,permanent,0,22.0,Centre-Forward,70000000.0,76500000.0,,1.0929,-6500000.0,0.7041,0.5358,0.6681,-0.005117,0.030018,0.015175,0.030887,0.6205,,,,,,,,live_unlabeled,,neutral,1.0,0.0,1.0,0.0
2025-08-12,2025-08-12,Manchester United,Alejandro Garnacho,"The Guardian / Andy Hunter, Ed Aarons and Jacob Steinberg",Transfer latest: Liverpool advance Guéhi talks as Manchester United eye Baleba,https://www.theguardian.com/football/2025/aug/12/transfer-latest-manchester-united-eye-brightons-baleba-while-liverpool-track-giovanni-leoni,0.84,0.686,1,1,0.84,0.84,0.686,0.686,2025-26,out,permanent,0,21.0,Left Winger,45000000.0,46200000.0,,1.0267,-1200000.0,0.676,0.602,0.7081,0.007399,0.041789,0.015022,0.028306,0.6363,,,,,,,,live_unlabeled,,positive,1.0,0.0,0.0,1.0
2025-08-12,2025-08-12,Manchester United,Antony,"The Guardian / Andy Hunter, Ed Aarons and Jacob Steinberg",Transfer latest: Liverpool advance Guéhi talks as Manchester United eye Baleba,https://www.theguardian.com/football/2025/aug/12/transfer-latest-manchester-united-eye-brightons-baleba-while-liverpool-track-giovanni-leoni,0.84,0.686,1,1,0.84,0.84,0.686,0.686,2025-26,out,permanent,0,25.0,Right Winger,35000000.0,22000000.0,,0.6286,13000000.0,0.5864,0.4975,0.7081,0.007399,0.041789,0.015022,0.028306,0.6363,,,,,,,,live_unlabeled,,positive,1.0,0.0,0.0,1.0
2025-08-13,2025-08-13,Manchester United,Benjamin Sesko,The Guardian / Andy Brassell,Manchester United show patience and hope for big things from Benjamin Sesko | Andy Brassell,https://www.theguardian.com/football/2025/aug/13/manchester-united-benjamin-sesko,0.84,0.686,1,1,0.84,0.84,0.686,0.686,2025-26,in,permanent,0,22.0,Centre-Forward,70000000.0,76500000.0,,1.0929,-6500000.0,0.7041,0.5358,0.6681,-0.009577,0.034726,0.014839,0.039973,0.6246,,,,,,,,live_unlabeled,,neutral,1.0,0.0,1.0,0.0
2025-08-14,2025-08-14,Juventus,Edon Zhegrova,The Guardian / Rob Smyth,Football transfer rumours: Manchester City to sign Xavi Simons?,https://www.theguardian.com/football/2025/aug/14/football-transfer-rumours-manchester-city-to-sign-xavi-simons,0.84,0.686,1,1,0.84,0.84,0.686,0.686,2025-26,in,permanent,0,26.0,Right Winger,25000000.0,15500000.0,,0.62,9500000.0,0.8105,0.7309,0.6681,0.006964,-0.038564,0.009179,0.056155,0.6329,0.069924,0.066252,0.060043,0.071703,0.060043,positive,positive,test,positive,positive,1.0,0.0,0.0,1.0
2025-08-14,2025-08-14,Juventus,Tiago Djaló,The Guardian / Rob Smyth,Football transfer rumours: Manchester City to sign Xavi Simons?,https://www.theguardian.com/football/2025/aug/14/football-transfer-rumours-manchester-city-to-sign-xavi-simons,0.84,0.686,1,1,0.84,0.84,0.686,0.686,2025-26,out,permanent,0,25.0,Centre-Back,8000000.0,3500000.0,,0.4375,4500000.0,0.5434,0.4473,0.6681,0.006964,-0.038564,0.009179,0.056155,0.6329,0.069924,0.066252,0.060043,0.071703,0.060043,positive,positive,test,positive,neutral,1.0,0.0,1.0,0.0
2025-08-15,2025-08-15,Borussia Dortmund,Carney Chukwuemeka,The Guardian / Ewan Murray and Jacob Steinberg,Bournemouth close to signing Ben Doak from Liverpool in £25m deal,https://www.theguardian.com/football/2025/aug/15/bournemouth-ben-doak-liverpool-transfer-latest-chelsea-nkunku-bayern-munich,0.84,0.686,1,1,0.84,0.84,0.686,0.686,2025-26,in,permanent,0,21.0,Central Midfield,18000000.0,20000000.0,,1.1111,-2000000.0,0.675,0.4992,0.6681,-0.00684,-0.063226,0.011234,0.024805,0.5861,0.018099,0.011366,0.027772,0.036836,0.027772,positive,positive,test,positive,neutral,1.0,0.0,1.0,0.0
2025-08-19,2025-08-19,Borussia Dortmund,Carney Chukwuemeka,The Guardian / John Brewin,Football transfer rumours: Onana set for Inter return? Sterling to Fulham?,https://www.theguardian.com/football/2025/aug/19/football-transfer-rumours-andre-onana-manchester-united-chelsea-newcastle,0.84,0.686,1,1,0.84,0.84,0.686,0.686,2025-26,in,permanent,0,21.0,Central Midfield,18000000.0,20000000.0,,1.1111,-2000000.0,0.675,0.4992,0.6681,-0.004098,-0.049544,0.010343,0.004456,0.588,0.021654,0.015589,0.013263,0.02016,0.013263,neutral,neutral,test,neutral,neutral,1.0,0.0,1.0,0.0
2025-08-19,2025-08-19,Borussia Dortmund,Fábio Silva,"The Guardian / Louise Taylor, Ben Fisher and Jacob Steinberg",Transfer roundup: Leeds close on £18m deal for Milan striker Noah Okafor,https://www.theguardian.com/football/2025/aug/19/transfer-news-premier-league-wolves-jackson-tchatchoua,0.84,0.896,1,1,0.84,0.84,0.896,0.896,2025-26,in,permanent,0,23.0,Centre-Forward,20000000.0,22500000.0,,1.125,-2500000.0,0.7219,0.5518,0.7416,-0.004098,-0.049544,0.010343,0.004456,0.588,0.021654,0.015589,0.013263,0.02016,0.013263,neutral,neutral,test,neutral,neutral,1.0,0.0,1.0,0.0
2025-08-19,2025-08-19,Borussia Dortmund,Giovanni Reyna,"The Guardian / Louise Taylor, Ben Fisher and Jacob Steinberg",Transfer roundup: Leeds close on £18m deal for Milan striker Noah Okafor,https://www.theguardian.com/football/2025/aug/19/transfer-news-premier-league-wolves-jackson-tchatchoua,0.84,0.896,1,1,0.84,0.84,0.896,0.896,2025-26,out,permanent,0,22.0,Attacking Midfield,7000000.0,4000000.0,,0.5714,3000000.0,0.5736,0.4825,0.7416,-0.004098,-0.049544,0.010343,0.004456,0.588,0.021654,0.015589,0.013263,0.02016,0.013263,neutral,neutral,test,neutral,neutral,1.0,0.0,1.0,0.0
2025-08-22,2025-08-22,Borussia Dortmund,Giovanni Reyna,The Guardian / Yara El-Shaboury,Football transfer rumours: Crystal Palace to pursue Pino or hijack Dibling move?,https://www.theguardian.com/football/2025/aug/22/football-transfer-rumours-palace-to-pursue-pino-or-hijack-dibling-move,0.84,0.686,1,1,0.84,0.84,0.686,0.686,2025-26,out,permanent,0,22.0,Attacking Midfield,7000000.0,4000000.0,,0.5714,3000000.0,0.5736,0.4825,0.6681,0.012483,-0.053178,0.010154,0.001568,0.6001,-0.00453,0.001765,0.014845,0.005668,0.014845,neutral,neutral,test,neutral,negative,1.0,1.0,0.0,0.0
2025-08-22,2025-08-22,Juventus,Edon Zhegrova,The Guardian / Jacob Steinberg and Ben Fisher,Transfer latest: Edson Álvarez loan gives West Ham chance to recruit,https://www.theguardian.com/football/2025/aug/21/transfer-latest-edson-alvarez-west-ham-bournemouth,0.84,0.686,1,1,0.84,0.84,0.686,0.686,2025-26,in,permanent,0,26.0,Right Winger,25000000.0,15500000.0,,0.62,9500000.0,0.8105,0.7309,0.6681,0.044952,0.027192,0.012216,0.061316,0.689,0.015291,0.013401,-0.003901,-0.024052,-0.003901,neutral,neutral,test,neutral,positive,1.0,0.0,0.0,1.0
2025-08-22,2025-08-22,Juventus,Nicolò Savona,The Guardian / Jacob Steinberg and Ben Fisher,Transfer latest: Edson Álvarez loan gives West Ham chance to recruit,https://www.theguardian.com/football/2025/aug/21/transfer-latest-edson-alvarez-west-ham-bournemouth,0.84,0.686,1,1,0.84,0.84,0.686,0.686,2025-26,out,permanent,0,22.0,Right-Back,12000000.0,13000000.0,,1.0833,-1000000.0,0.6887,0.6168,0.6681,0.044952,0.027192,0.012216,0.061316,0.689,0.015291,0.013401,-0.003901,-0.024052,-0.003901,neutral,neutral,test,neutral,neutral,1.0,0.0,1.0,0.0
2025-08-22,2025-08-22,Juventus,Tiago Djaló,The Guardian / Jacob Steinberg and Ben Fisher,Transfer latest: Edson Álvarez loan gives West Ham chance to recruit,https://www.theguardian.com/football/2025/aug/21/transfer-latest-edson-alvarez-west-ham-bournemouth,0.84,0.686,1,1,0.84,0.84,0.686,0.686,2025-26,out,permanent,0,25.0,Centre-Back,8000000.0,3500000.0,,0.4375,4500000.0,0.5434,0.4473,0.6681,0.044952,0.027192,0.012216,0.061316,0.689,0.015291,0.013401,-0.003901,-0.024052,-0.003901,neutral,neutral,test,neutral,neutral,1.0,0.0,1.0,0.0
2025-08-22,2025-08-22,Manchester United,Antony,The Guardian / Jamie Jackson and Will Unwin,Manchester United close on signing Antwerp goalkeeper Senne Lammens in €20m deal,https://www.theguardian.com/football/2025/aug/22/manchester-united-close-on-royal-antwerp-goalkeeper-senne-lammens-20m-deal,0.84,0.686,1,1,0.84,0.84,0.686,0.686,2025-26,out,permanent,0,25.0,Right Winger,35000000.0,22000000.0,,0.6286,13000000.0,0.5864,0.4975,0.6681,-0.01659,-0.022184,0.012684,0.01764,0.5881,-0.018233,-0.007805,-0.024466,-0.087849,-0.024466,negative,negative,test,negative,positive,1.0,0.0,0.0,1.0
2025-08-22,2025-08-22,Manchester United,Senne Lammens,The Guardian / Jamie Jackson and Will Unwin,Manchester United close on signing Antwerp goalkeeper Senne Lammens in €20m deal,https://www.theguardian.com/football/2025/aug/22/manchester-united-close-on-royal-antwerp-goalkeeper-senne-lammens-20m-deal,0.84,0.686,1,1,0.84,0.84,0.686,0.686,2025-26,in,permanent,0,23.0,Goalkeeper,9000000.0,21000000.0,,2.3333,-12000000.0,0.525,0.4458,0.6681,-0.01659,-0.022184,0.012684,0.01764,0.5881,-0.018233,-0.007805,-0.024466,-0.087849,-0.024466,negative,negative,test,negative,neutral,1.0,0.0,1.0,0.0
2025-08-24,2025-08-24,Juventus,Edon Zhegrova,The Guardian / Exclusive by Will Unwin,Nottingham Forest in talks to sign Dominik Livakovic from Fenerbahce,https://www.theguardian.com/football/2025/aug/24/nottingham-forest-in-talks-to-sign-dominik-livakovic-from-fenerbahce,0.84,0.686,1,1,0.84,0.84,0.686,0.686,2025-26,in,permanent,0,26.0,Right Winger,25000000.0,15500000.0,,0.62,9500000.0,0.8105,0.7309,0.7081,0.061549,0.057162,0.012215,0.080643,0.7274,-0.001271,-0.017434,-0.025082,-0.039054,-0.025082,negative,negative,test,negative,positive,1.0,0.0,0.0,1.0
2025-08-24,2025-08-24,Juventus,Nicolò Savona,The Guardian / Exclusive by Will Unwin,Nottingham Forest in talks to sign Dominik Livakovic from Fenerbahce,https://www.theguardian.com/football/2025/aug/24/nottingham-forest-in-talks-to-sign-dominik-livakovic-from-fenerbahce,0.84,0.686,1,1,0.84,0.84,0.686,0.686,2025-26,out,permanent,0,22.0,Right-Back,12000000.0,13000000.0,,1.0833,-1000000.0,0.6887,0.6168,0.7081,0.061549,0.057162,0.012215,0.080643,0.7274,-0.001271,-0.017434,-0.025082,-0.039054,-0.025082,negative,negative,test,negative,neutral,1.0,0.0,1.0,0.0
2025-08-24,2025-08-24,Juventus,Tiago Djaló,The Guardian / Exclusive by Will Unwin,Nottingham Forest in talks to sign Dominik Livakovic from Fenerbahce,https://www.theguardian.com/football/2025/aug/24/nottingham-forest-in-talks-to-sign-dominik-livakovic-from-fenerbahce,0.84,0.686,1,1,0.84,0.84,0.686,0.686,2025-26,out,permanent,0,25.0,Centre-Back,8000000.0,3500000.0,,0.4375,4500000.0,0.5434,0.4473,0.7081,0.061549,0.057162,0.012215,0.080643,0.7274,-0.001271,-0.017434,-0.025082,-0.039054,-0.025082,negative,negative,test,negative,neutral,1.0,0.0,1.0,0.0
2025-08-24,2025-08-24,Manchester United,Senne Lammens,The Guardian / Exclusive by Jamie Jackson,Senne Lammens to miss Antwerp game as Manchester United move draws near,https://www.theguardian.com/football/2025/aug/24/senne-lammens-goalkeeper-manchester-united-move-draws-closer,0.84,0.686,1,1,0.84,0.84,0.686,0.686,2025-26,in,permanent,0,23.0,Goalkeeper,9000000.0,21000000.0,,2.3333,-12000000.0,0.525,0.4458,0.6681,0.005166,-0.021241,0.012734,0.031642,0.6145,-0.007392,-0.018494,-0.008871,-0.08914,-0.008871,neutral,neutral,test,neutral,neutral,1.0,0.0,1.0,0.0
2025-08-25,2025-08-25,Borussia Dortmund,Carney Chukwuemeka,The Guardian / Ben Fisher and Jacob Steinberg | The Guardian / Will Unwin,Football transfer rumours: Bayern to offer Manchester United duo escape route? || Everton sign Tyler Dibling from Saints as Bournemouth close on Chelsea’s Disasi,https://www.theguardian.com/football/2025/aug/25/chelsea-bournemouth-axel-disasi-dortmund-chukwuemeka-anselmino | https://www.theguardian.com/football/2025/aug/25/football-transfer-rumours-bayern-to-offer-manchester-united-duo-escape-route,0.84,0.686,2,2,0.84,0.84,0.686,0.686,2025-26,in,permanent,0,21.0,Central Midfield,18000000.0,20000000.0,,1.1111,-2000000.0,0.675,0.4992,0.7181,0.006887,-0.054334,0.010138,0.008379,0.5981,0.012092,0.009377,0.00634,0.020335,0.00634,neutral,neutral,test,neutral,neutral,1.0,0.0,1.0,0.0
2025-08-25,2025-08-25,Borussia Dortmund,Fábio Silva,The Guardian / Ben Fisher | The Guardian / Will Unwin,Football transfer rumours: Bayern to offer Manchester United duo escape route? || Wolves reject £50m Newcastle bid for striker Jørgen Strand Larsen ,https://www.theguardian.com/football/2025/aug/25/football-transfer-rumours-bayern-to-offer-manchester-united-duo-escape-route | https://www.theguardian.com/football/2025/aug/25/wolves-reject-50m-newcastle-bid-jorgen-strand-larsen,0.84,0.686,2,2,0.84,0.84,0.686,0.686,2025-26,in,permanent,0,23.0,Centre-Forward,20000000.0,22500000.0,,1.125,-2500000.0,0.7219,0.5518,0.7181,0.006887,-0.054334,0.010138,0.008379,0.5981,0.012092,0.009377,0.00634,0.020335,0.00634,neutral,neutral,test,neutral,negative,1.0,1.0,0.0,0.0
2025-08-25,2025-08-25,Borussia Dortmund,Giovanni Reyna,The Guardian / Will Unwin,Football transfer rumours: Bayern to offer Manchester United duo escape route?,https://www.theguardian.com/football/2025/aug/25/football-transfer-rumours-bayern-to-offer-manchester-united-duo-escape-route,0.84,0.686,1,1,0.84,0.84,0.686,0.686,2025-26,out,permanent,0,22.0,Attacking Midfield,7000000.0,4000000.0,,0.5714,3000000.0,0.5736,0.4825,0.6681,0.006887,-0.054334,0.010138,0.008379,0.5981,0.012092,0.009377,0.00634,0.020335,0.00634,neutral,neutral,test,neutral,negative,1.0,1.0,0.0,0.0
2025-08-26,2025-08-26,Juventus,Edon Zhegrova,The Guardian / Jacob Steinberg and Ed Aarons,"Transfer latest: West Ham land Magassa, Palace agree fee for Pino and eye Akanji",https://www.theguardian.com/football/2025/aug/26/west-ham-soungoutou-magassa-advanced-talks-to-buy-monaco-midfielder-20m-deal,0.9,0.725,1,1,0.9,0.9,0.725,0.725,2025-26,in,permanent,0,26.0,Right Winger,25000000.0,15500000.0,,0.62,9500000.0,0.8105,0.7309,0.7087,0.038775,0.043746,0.012236,0.075698,0.6985,-0.021538,-0.017748,-0.030419,-0.023058,-0.030419,negative,negative,test,negative,positive,1.0,0.0,0.0,1.0
2025-08-26,2025-08-26,Juventus,Tiago Djaló,The Guardian / Jacob Steinberg and Ed Aarons,"Transfer latest: West Ham land Magassa, Palace agree fee for Pino and eye Akanji",https://www.theguardian.com/football/2025/aug/26/west-ham-soungoutou-magassa-advanced-talks-to-buy-monaco-midfielder-20m-deal,0.9,0.725,1,1,0.9,0.9,0.725,0.725,2025-26,out,permanent,0,25.0,Centre-Back,8000000.0,3500000.0,,0.4375,4500000.0,0.5434,0.4473,0.7087,0.038775,0.043746,0.012236,0.075698,0.6985,-0.021538,-0.017748,-0.030419,-0.023058,-0.030419,negative,negative,test,negative,neutral,1.0,0.0,1.0,0.0
2025-08-26,2025-08-26,Manchester United,Antony,The Guardian / Dominic Booth,Football transfer rumours: Kobbie Mainoo to consider Manchester United exit?,https://www.theguardian.com/football/2025/aug/26/football-transfer-rumours-kobbie-mainoo-to-consider-manchester-united-exit,0.84,0.686,1,1,0.84,0.84,0.686,0.686,2025-26,out,permanent,0,25.0,Right Winger,35000000.0,22000000.0,,0.6286,13000000.0,0.5864,0.4975,0.6681,-0.031461,-0.022121,0.012769,0.031321,0.5816,-0.028542,-0.013686,0.029287,-0.088867,0.029287,positive,positive,test,positive,positive,1.0,0.0,0.0,1.0
2025-08-27,2025-08-27,Manchester United,Alejandro Garnacho,The Guardian / Jacob Steinberg,Chelsea close in on deal for Manchester United’s Alejandro Garnacho,https://www.theguardian.com/football/2025/aug/27/chelsea-close-in-on-deal-for-manchester-uniteds-alejandro-garnacho,0.84,0.686,1,1,0.84,0.84,0.686,0.686,2025-26,out,permanent,0,21.0,Left Winger,45000000.0,46200000.0,,1.0267,-1200000.0,0.676,0.602,0.6681,-0.021047,-0.024929,0.012765,0.032288,0.5899,0.006303,0.010125,-0.050598,-0.096809,-0.050598,negative,negative,test,negative,neutral,1.0,0.0,1.0,0.0
2025-08-28,2025-08-28,Borussia Dortmund,Fábio Silva,"The Guardian / Jacob Steinberg, Ben Fisher and Ed Aarons",West Ham poised to sign Fernandes and Magassa in double midfield swoop,https://www.theguardian.com/football/2025/aug/28/west-ham-mateus-fernandes-southampton-transfer-latest,0.84,0.686,1,1,0.84,0.84,0.686,0.686,2025-26,in,permanent,0,23.0,Centre-Forward,20000000.0,22500000.0,,1.125,-2500000.0,0.7219,0.5518,0.6681,-0.005435,-0.069886,0.009809,-0.013324,0.5702,0.013914,0.009934,-0.008331,0.014736,-0.008331,neutral,neutral,test,neutral,neutral,1.0,0.0,1.0,0.0
2025-08-28,2025-08-28,Manchester United,Alejandro Garnacho,"The Guardian / Jamie Jackson, Jacob Steinberg and David Hytner",Manchester United agree £40m fee with Chelsea for sale of Alejandro Garnacho,https://www.theguardian.com/football/2025/aug/28/christopher-nkunku-milan-chelsea,0.84,0.686,1,1,0.84,0.84,0.686,0.686,2025-26,out,permanent,0,21.0,Left Winger,45000000.0,46200000.0,,1.0267,-1200000.0,0.676,0.602,0.6681,-0.027319,-0.037725,0.012742,0.029225,0.5769,0.035266,0.043557,-0.06132,-0.06887,-0.06132,negative,negative,test,negative,neutral,1.0,0.0,1.0,0.0
2025-08-30,2025-08-30,Juventus,Nicolò Savona,The Guardian / Jacob Steinberg and agencies,Transfer roundup: West Ham reject Villa’s Paquetá move while Newcastle land Woltemade,https://www.theguardian.com/football/2025/aug/30/transfer-roundup-newcastle-land-striker-nick-woltemade-in-club-record-69m-deal,0.84,0.686,1,1,0.84,0.84,0.686,0.686,2025-26,out,permanent,0,22.0,Right-Back,12000000.0,13000000.0,,1.0833,-1000000.0,0.6887,0.6168,0.6681,-0.028458,0.011019,0.012686,0.046735,0.6079,-0.01562,-0.008289,0.008856,0.001284,0.008856,neutral,neutral,test,neutral,neutral,1.0,0.0,1.0,0.0
2025-09-01,2025-09-01,Juventus,Edon Zhegrova,"The Guardian / Will Magee, John Brewin, Daniel Harris and Niall McVeigh","Transfer deadline day: City agree Donnarumma deal, Guéhi to Liverpool move collapses – live",https://www.theguardian.com/football/live/2025/sep/01/transfer-deadline-day-guehi-wissa-martinez-ederson-latest-and-more-live,0.84,0.686,1,1,0.84,0.84,0.686,0.686,2025-26,in,permanent,0,26.0,Right Winger,25000000.0,15500000.0,,0.62,9500000.0,0.8105,0.7309,0.6681,-0.028458,0.011019,0.012686,0.046735,0.6079,-0.01562,-0.008289,0.008856,0.001284,0.008856,neutral,neutral,test,neutral,positive,1.0,0.0,0.0,1.0
2025-09-01,2025-09-01,Juventus,Nicolò Savona,"The Guardian / Will Magee, John Brewin, Daniel Harris and Niall McVeigh","Transfer deadline day: City agree Donnarumma deal, Guéhi to Liverpool move collapses – live",https://www.theguardian.com/football/live/2025/sep/01/transfer-deadline-day-guehi-wissa-martinez-ederson-latest-and-more-live,0.84,0.686,1,1,0.84,0.84,0.686,0.686,2025-26,out,permanent,0,22.0,Right-Back,12000000.0,13000000.0,,1.0833,-1000000.0,0.6887,0.6168,0.6681,-0.028458,0.011019,0.012686,0.046735,0.6079,-0.01562,-0.008289,0.008856,0.001284,0.008856,neutral,neutral,test,neutral,neutral,1.0,0.0,1.0,0.0
2025-09-01,2025-09-01,Manchester United,Antony,The Guardian / Jamie Jackson,Manchester United seal €21m deal for goalkeeper Senne Lammens,https://www.theguardian.com/football/2025/sep/01/manchester-united-keen-on-senne-lammens-or-emiliano-martinez-as-new-goalkeeper-option,0.84,0.686,1,1,0.84,0.84,0.686,0.686,2025-26,out,permanent,0,25.0,Right Winger,35000000.0,22000000.0,,0.6286,13000000.0,0.5864,0.4975,0.6681,0.038394,0.010759,0.014011,0.024527,0.6506,-0.082904,-0.106338,-0.118061,-0.107578,-0.118061,negative,negative,test,negative,neutral,1.0,0.0,1.0,0.0
2025-09-01,2025-09-01,Manchester United,Senne Lammens,The Guardian / Ben Fisher | The Guardian / Daniel Harris | The Guardian / Jamie Jackson,"Manchester United seal €21m deal for goalkeeper Senne Lammens || Aston Villa snap up Jadon Sancho and Harvey Elliott in loan deals || Football transfer rumours: Lookman in, Bissouma out at Tottenham?",https://www.theguardian.com/football/2025/sep/01/aston-villa-jadon-sancho-harvey-elliott-loan-deals-transfer-deadline-day | https://www.theguardian.com/football/2025/sep/01/football-transfer-rumours-victor-lindelof-to-aston-villa | https://www.theguardian.com/football/2025/sep/01/manchester-united-keen-on-senne-lammens-or-emiliano-martinez-as-new-goalkeeper-option,0.84,0.686,3,3,0.84,0.84,0.686,0.686,2025-26,in,permanent,0,23.0,Goalkeeper,9000000.0,21000000.0,,2.3333,-12000000.0,0.525,0.4458,0.7681,0.038394,0.010759,0.014011,0.024527,0.6506,-0.082904,-0.106338,-0.118061,-0.107578,-0.118061,negative,negative,test,negative,negative,1.0,1.0,0.0,0.0
2025-12-16,2025-12-16,Borussia Dortmund,Pascal Groß,The Guardian / Jacob Steinberg,Milan plot January loan move for misfit West Ham striker Niclas Füllkrug,https://www.theguardian.com/football/2025/dec/16/milan-january-loan-west-ham-striker-niclas-fullkrug,0.84,0.686,1,1,0.84,0.84,0.686,0.686,2025-26,out,permanent,0,34.0,Central Midfield,3500000.0,2000000.0,,0.5714,1500000.0,0.6786,0.625,0.6681,-0.022455,-0.018045,0.008729,0.011725,0.5962,0.007092,0.006285,0.004712,0.018341,0.004712,neutral,neutral,test,neutral,neutral,1.0,0.0,1.0,0.0
2025-12-22,2025-12-22,Borussia Dortmund,Pascal Groß,The Guardian / Jacob Steinberg,Milan agree loan deal for Niclas Füllkrug as West Ham look to sign new striker,https://www.theguardian.com/football/2025/dec/22/milan-agree-loan-deal-for-niclas-fullkrug-as-west-ham-look-to-sign-new-striker,0.84,0.686,1,1,0.84,0.84,0.686,0.686,2025-26,out,permanent,0,34.0,Central Midfield,3500000.0,2000000.0,,0.5714,1500000.0,0.6786,0.625,0.6681,0.0,-0.015083,0.008282,0.013707,0.6199,-0.002405,-0.002559,0.01346,0.013734,0.01346,neutral,neutral,test,neutral,neutral,1.0,0.0,1.0,0.0
2025-12-22,2025-12-22,Lazio,Diego González,The Guardian / Jacob Steinberg,Milan agree loan deal for Niclas Füllkrug as West Ham look to sign new striker,https://www.theguardian.com/football/2025/dec/22/milan-agree-loan-deal-for-niclas-fullkrug-as-west-ham-look-to-sign-new-striker,0.84,0.686,1,1,0.84,0.84,0.686,0.686,2025-26,out,permanent,0,22.0,Right Winger,4000000.0,1200000.0,,0.3,2800000.0,0.5125,0.4113,0.6681,0.136364,0.168224,0.018462,0.019637,0.7925,-0.000615,-0.02051,-0.057052,-0.076751,-0.057052,negative,negative,test,negative,neutral,1.0,0.0,1.0,0.0
2025-12-22,2025-12-22,Lazio,Kenneth Taylor,The Guardian / Jacob Steinberg,Milan agree loan deal for Niclas Füllkrug as West Ham look to sign new striker,https://www.theguardian.com/football/2025/dec/22/milan-agree-loan-deal-for-niclas-fullkrug-as-west-ham-look-to-sign-new-striker,0.84,0.686,1,1,0.84,0.84,0.686,0.686,2025-26,in,permanent,0,23.0,Central Midfield,23000000.0,16850000.0,,0.7326,6150000.0,0.8102,0.7137,0.6681,0.136364,0.168224,0.018462,0.019637,0.7925,-0.000615,-0.02051,-0.057052,-0.076751,-0.057052,negative,negative,test,negative,positive,1.0,0.0,0.0,1.0
2025-12-22,2025-12-22,Lazio,Mattéo Guendouzi,The Guardian / Jacob Steinberg,Milan agree loan deal for Niclas Füllkrug as West Ham look to sign new striker,https://www.theguardian.com/football/2025/dec/22/milan-agree-loan-deal-for-niclas-fullkrug-as-west-ham-look-to-sign-new-striker,0.84,0.686,1,1,0.84,0.84,0.686,0.686,2025-26,out,permanent,0,26.0,Central Midfield,28000000.0,28000000.0,,1.0,0.0,0.67,0.595,0.6681,0.136364,0.168224,0.018462,0.019637,0.7925,-0.000615,-0.02051,-0.057052,-0.076751,-0.057052,negative,negative,test,negative,neutral,1.0,0.0,1.0,0.0
2025-12-22,2025-12-22,Lazio,Petar Ratkov,The Guardian / Jacob Steinberg,Milan agree loan deal for Niclas Füllkrug as West Ham look to sign new striker,https://www.theguardian.com/football/2025/dec/22/milan-agree-loan-deal-for-niclas-fullkrug-as-west-ham-look-to-sign-new-striker,0.84,0.686,1,1,0.84,0.84,0.686,0.686,2025-26,in,permanent,0,22.0,Centre-Forward,7000000.0,13000000.0,,1.8571,-6000000.0,0.5321,0.4327,0.6681,0.136364,0.168224,0.018462,0.019637,0.7925,-0.000615,-0.02051,-0.057052,-0.076751,-0.057052,negative,negative,test,negative,neutral,1.0,0.0,1.0,0.0
2026-01-01,2026-01-01,Borussia Dortmund,Pascal Groß,The Guardian / Will Unwin,Football transfer rumours: Manchester United to sign Yan Diomande and Rúben Neves?,https://www.theguardian.com/football/2026/jan/01/football-transfer-rumours-manchester-united-to-sign-yan-diomande-and-ruben-neves,0.84,0.686,1,1,0.84,0.84,0.686,0.686,2025-26,out,permanent,0,34.0,Central Midfield,3500000.0,2000000.0,,0.5714,1500000.0,0.6786,0.625,0.6681,0.01072,0.001517,0.006892,0.02571,0.6482,0.001157,-0.007738,0.001245,0.014266,0.001245,neutral,neutral,test,neutral,neutral,1.0,0.0,1.0,0.0
2026-01-01,2026-01-01,Lazio,Diego González,The Guardian / Will Unwin,Football transfer rumours: Manchester United to sign Yan Diomande and Rúben Neves?,https://www.theguardian.com/football/2026/jan/01/football-transfer-rumours-manchester-united-to-sign-yan-diomande-and-ruben-neves,0.84,0.686,1,1,0.84,0.84,0.686,0.686,2025-26,out,permanent,0,22.0,Right Winger,4000000.0,1200000.0,,0.3,2800000.0,0.5125,0.4113,0.6681,-0.020492,0.111628,0.020788,0.021593,0.6207,-0.053338,-0.023173,-0.018438,-0.024769,-0.018438,neutral,neutral,test,neutral,negative,1.0,1.0,0.0,0.0
2026-01-01,2026-01-01,Lazio,Kenneth Taylor,The Guardian / Will Unwin,Football transfer rumours: Manchester United to sign Yan Diomande and Rúben Neves?,https://www.theguardian.com/football/2026/jan/01/football-transfer-rumours-manchester-united-to-sign-yan-diomande-and-ruben-neves,0.84,0.686,1,1,0.84,0.84,0.686,0.686,2025-26,in,permanent,0,23.0,Central Midfield,23000000.0,16850000.0,,0.7326,6150000.0,0.8102,0.7137,0.6681,-0.020492,0.111628,0.020788,0.021593,0.6207,-0.053338,-0.023173,-0.018438,-0.024769,-0.018438,neutral,neutral,test,neutral,positive,1.0,0.0,0.0,1.0
2026-01-01,2026-01-01,Lazio,Mattéo Guendouzi,The Guardian / Will Unwin,Football transfer rumours: Manchester United to sign Yan Diomande and Rúben Neves?,https://www.theguardian.com/football/2026/jan/01/football-transfer-rumours-manchester-united-to-sign-yan-diomande-and-ruben-neves,0.84,0.686,1,1,0.84,0.84,0.686,0.686,2025-26,out,permanent,0,26.0,Central Midfield,28000000.0,28000000.0,,1.0,0.0,0.67,0.595,0.6681,-0.020492,0.111628,0.020788,0.021593,0.6207,-0.053338,-0.023173,-0.018438,-0.024769,-0.018438,neutral,neutral,test,neutral,neutral,1.0,0.0,1.0,0.0
2026-01-01,2026-01-01,Lazio,Petar Ratkov,The Guardian / Will Unwin,Football transfer rumours: Manchester United to sign Yan Diomande and Rúben Neves?,https://www.theguardian.com/football/2026/jan/01/football-transfer-rumours-manchester-united-to-sign-yan-diomande-and-ruben-neves,0.84,0.686,1,1,0.84,0.84,0.686,0.686,2025-26,in,permanent,0,22.0,Centre-Forward,7000000.0,13000000.0,,1.8571,-6000000.0,0.5321,0.4327,0.6681,-0.020492,0.111628,0.020788,0.021593,0.6207,-0.053338,-0.023173,-0.018438,-0.024769,-0.018438,neutral,neutral,test,neutral,positive,1.0,0.0,0.0,1.0
2026-01-02,2026-01-02,Borussia Dortmund,Pascal Groß,"The Guardian / Ed Aarons | The Guardian / John Brewin , Tom Bassam, Tom Davies and Taha Hashim ","Liam Rosenior addresses Chelsea ‘noise’, Pascal Gross seals Brighton return: football news – as it happened || Crystal Palace seal club-record £35m Brennan Johnson transfer from Spurs",https://www.theguardian.com/football/2026/jan/02/crystal-palace-seal-brennan-johnson-transfer-from-spurs-club-record | https://www.theguardian.com/football/live/2026/jan/02/chelsea-manager-latest-premier-league-buildup-and-more-football-news-live,0.84,0.686,2,2,0.84,0.84,0.686,0.686,2025-26,out,permanent,0,34.0,Central Midfield,3500000.0,2000000.0,,0.5714,1500000.0,0.6786,0.625,0.7181,0.01072,0.001517,0.006892,0.02571,0.6482,0.001157,-0.007738,0.001245,0.014266,0.001245,neutral,neutral,test,neutral,neutral,1.0,0.0,1.0,0.0
2026-01-02,2026-01-02,Lazio,Diego González,The Guardian / Jacob Steinberg,West Ham sign striker Pablo and agree deal for Castellanos in £47m spree,https://www.theguardian.com/football/2026/jan/02/west-ham-taty-castellanos-pablo-felipe-agree-deals-buy-strikers,0.84,0.686,1,1,0.84,0.84,0.686,0.686,2025-26,out,permanent,0,22.0,Right Winger,4000000.0,1200000.0,,0.3,2800000.0,0.5125,0.4113,0.6681,-0.020492,0.111628,0.020788,0.021593,0.6207,-0.053338,-0.023173,-0.018438,-0.024769,-0.018438,neutral,neutral,test,neutral,negative,1.0,1.0,0.0,0.0
2026-01-02,2026-01-02,Lazio,Kenneth Taylor,The Guardian / Jacob Steinberg,West Ham sign striker Pablo and agree deal for Castellanos in £47m spree,https://www.theguardian.com/football/2026/jan/02/west-ham-taty-castellanos-pablo-felipe-agree-deals-buy-strikers,0.84,0.686,1,1,0.84,0.84,0.686,0.686,2025-26,in,permanent,0,23.0,Central Midfield,23000000.0,16850000.0,,0.7326,6150000.0,0.8102,0.7137,0.6681,-0.020492,0.111628,0.020788,0.021593,0.6207,-0.053338,-0.023173,-0.018438,-0.024769,-0.018438,neutral,neutral,test,neutral,positive,1.0,0.0,0.0,1.0
2026-01-02,2026-01-02,Lazio,Mattéo Guendouzi,The Guardian / Jacob Steinberg,West Ham sign striker Pablo and agree deal for Castellanos in £47m spree,https://www.theguardian.com/football/2026/jan/02/west-ham-taty-castellanos-pablo-felipe-agree-deals-buy-strikers,0.84,0.686,1,1,0.84,0.84,0.686,0.686,2025-26,out,permanent,0,26.0,Central Midfield,28000000.0,28000000.0,,1.0,0.0,0.67,0.595,0.6681,-0.020492,0.111628,0.020788,0.021593,0.6207,-0.053338,-0.023173,-0.018438,-0.024769,-0.018438,neutral,neutral,test,neutral,neutral,1.0,0.0,1.0,0.0
2026-01-02,2026-01-02,Lazio,Petar Ratkov,The Guardian / Jacob Steinberg,West Ham sign striker Pablo and agree deal for Castellanos in £47m spree,https://www.theguardian.com/football/2026/jan/02/west-ham-taty-castellanos-pablo-felipe-agree-deals-buy-strikers,0.84,0.686,1,1,0.84,0.84,0.686,0.686,2025-26,in,permanent,0,22.0,Centre-Forward,7000000.0,13000000.0,,1.8571,-6000000.0,0.5321,0.4327,0.6681,-0.020492,0.111628,0.020788,0.021593,0.6207,-0.053338,-0.023173,-0.018438,-0.024769,-0.018438,neutral,neutral,test,neutral,positive,1.0,0.0,0.0,1.0
2026-01-02,2026-01-02,Lazio,Taty Castellanos,The Guardian / Jacob Steinberg | The Guardian / Tom Davies,West Ham sign striker Pablo and agree deal for Castellanos in £47m spree || Football transfer rumours: Mohamed Salah in line for Roma return?,https://www.theguardian.com/football/2026/jan/02/football-transfer-rumour-mill-mohamed-salah-roma-return | https://www.theguardian.com/football/2026/jan/02/west-ham-taty-castellanos-pablo-felipe-agree-deals-buy-strikers,0.84,0.686,2,2,0.84,0.84,0.686,0.686,2025-26,out,permanent,0,27.0,Centre-Forward,25000000.0,29000000.0,,1.16,-4000000.0,0.706,0.6513,0.7181,-0.020492,0.111628,0.020788,0.021593,0.6207,-0.053338,-0.023173,-0.018438,-0.024769,-0.018438,neutral,neutral,test,neutral,neutral,1.0,0.0,1.0,0.0
2026-01-04,2026-01-04,Lazio,Taty Castellanos,The Guardian / Jacob Steinberg,Nuno Espírito Santo is losing support of West Ham squad as morale deteriorates,https://www.theguardian.com/football/2026/jan/04/nuno-espirito-santo-losing-support-west-ham-squad,0.84,0.686,1,1,0.84,0.84,0.686,0.686,2025-26,out,permanent,0,27.0,Centre-Forward,25000000.0,29000000.0,,1.16,-4000000.0,0.706,0.6513,0.6681,-0.02459,0.101852,0.020839,0.036717,0.6199,-0.025376,-0.016004,-0.01671,-0.006448,-0.01671,neutral,neutral,test,neutral,neutral,1.0,0.0,1.0,0.0
2026-01-05,2026-01-05,Lazio,Taty Castellanos,The Guardian / Jacob Steinberg,Callum Wilson in talks to leave West Ham after five months as Nuno problems mount,https://www.theguardian.com/football/2026/jan/05/callum-wilson-in-talks-to-leave-west-ham-after-five-months-nuno,0.84,0.896,1,1,0.84,0.84,0.896,0.896,2025-26,out,permanent,0,27.0,Centre-Forward,25000000.0,29000000.0,,1.16,-4000000.0,0.706,0.6513,0.7816,-0.02459,0.101852,0.020839,0.036717,0.6199,-0.025376,-0.016004,-0.01671,-0.006448,-0.01671,neutral,neutral,test,neutral,neutral,1.0,0.0,1.0,0.0
2026-01-06,2026-01-06,Lazio,Taty Castellanos,The Guardian / Will Unwin,Football transfer rumours: Leweling to Bournemouth? West Ham move for Bento?,https://www.theguardian.com/football/2026/jan/06/football-transfer-rumours-leweling-to-bournemouth-west-ham-move-for-bento,0.84,0.686,1,1,0.84,0.84,0.686,0.686,2025-26,out,permanent,0,27.0,Centre-Forward,25000000.0,29000000.0,,1.16,-4000000.0,0.706,0.6513,0.6681,-0.056,0.092593,0.020945,0.070216,0.6043,-0.008977,0.004696,0.002713,-0.00854,0.002713,neutral,neutral,test,neutral,neutral,1.0,0.0,1.0,0.0
2026-01-07,2026-01-07,Lazio,Diego González,The Guardian / Exclusive by Tom Garry,England’s Katie Robinson poised for shock move from Aston Villa to Bristol City,https://www.theguardian.com/football/2026/jan/07/katie-robinson-shock-move-aston-villa-bristol-city-lioness-transfer-window,0.84,0.686,1,1,0.84,0.84,0.686,0.686,2025-26,out,permanent,0,22.0,Right Winger,4000000.0,1200000.0,,0.3,2800000.0,0.5125,0.4113,0.6681,-0.020747,0.082569,0.020922,0.07273,0.6319,-0.003635,-0.001183,0.001077,-0.010864,0.001077,neutral,neutral,test,neutral,negative,1.0,1.0,0.0,0.0
2026-01-07,2026-01-07,Lazio,Mattéo Guendouzi,The Guardian / Exclusive by Tom Garry,England’s Katie Robinson poised for shock move from Aston Villa to Bristol City,https://www.theguardian.com/football/2026/jan/07/katie-robinson-shock-move-aston-villa-bristol-city-lioness-transfer-window,0.84,0.686,1,1,0.84,0.84,0.686,0.686,2025-26,out,permanent,0,26.0,Central Midfield,28000000.0,28000000.0,,1.0,0.0,0.67,0.595,0.6681,-0.020747,0.082569,0.020922,0.07273,0.6319,-0.003635,-0.001183,0.001077,-0.010864,0.001077,neutral,neutral,test,neutral,neutral,1.0,0.0,1.0,0.0
2026-01-07,2026-01-07,Lazio,Petar Ratkov,The Guardian / Exclusive by Tom Garry,England’s Katie Robinson poised for shock move from Aston Villa to Bristol City,https://www.theguardian.com/football/2026/jan/07/katie-robinson-shock-move-aston-villa-bristol-city-lioness-transfer-window,0.84,0.686,1,1,0.84,0.84,0.686,0.686,2025-26,in,permanent,0,22.0,Centre-Forward,7000000.0,13000000.0,,1.8571,-6000000.0,0.5321,0.4327,0.6681,-0.020747,0.082569,0.020922,0.07273,0.6319,-0.003635,-0.001183,0.001077,-0.010864,0.001077,neutral,neutral,test,neutral,neutral,1.0,0.0,1.0,0.0
2026-01-08,2026-01-08,Lazio,Diego González,The Guardian / John Brewin,Football transfer rumours: Ethan Nwaneri to replace Semenyo at Bournemouth?,https://www.theguardian.com/football/2026/jan/08/football-transfer-rumours-ethan-nwaneri-to-replace-semenyo-at-bournemouth,0.84,0.686,1,1,0.84,0.84,0.686,0.686,2025-26,out,permanent,0,22.0,Right Winger,4000000.0,1200000.0,,0.3,2800000.0,0.5125,0.4113,0.6681,-0.03252,0.0625,0.020433,0.061536,0.6082,0.002456,-0.00359,-0.009497,-0.02567,-0.009497,neutral,neutral,test,neutral,negative,1.0,1.0,0.0,0.0
2026-01-08,2026-01-08,Lazio,Kenneth Taylor,The Guardian / John Brewin,Football transfer rumours: Ethan Nwaneri to replace Semenyo at Bournemouth?,https://www.theguardian.com/football/2026/jan/08/football-transfer-rumours-ethan-nwaneri-to-replace-semenyo-at-bournemouth,0.84,0.686,1,1,0.84,0.84,0.686,0.686,2025-26,in,permanent,0,23.0,Central Midfield,23000000.0,16850000.0,,0.7326,6150000.0,0.8102,0.7137,0.6681,-0.03252,0.0625,0.020433,0.061536,0.6082,0.002456,-0.00359,-0.009497,-0.02567,-0.009497,neutral,neutral,test,neutral,neutral,1.0,0.0,1.0,0.0
2026-01-08,2026-01-08,Lazio,Mattéo Guendouzi,The Guardian / John Brewin,Football transfer rumours: Ethan Nwaneri to replace Semenyo at Bournemouth?,https://www.theguardian.com/football/2026/jan/08/football-transfer-rumours-ethan-nwaneri-to-replace-semenyo-at-bournemouth,0.84,0.686,1,1,0.84,0.84,0.686,0.686,2025-26,out,permanent,0,26.0,Central Midfield,28000000.0,28000000.0,,1.0,0.0,0.67,0.595,0.6681,-0.03252,0.0625,0.020433,0.061536,0.6082,0.002456,-0.00359,-0.009497,-0.02567,-0.009497,neutral,neutral,test,neutral,neutral,1.0,0.0,1.0,0.0
2026-01-08,2026-01-08,Lazio,Petar Ratkov,The Guardian / John Brewin,Football transfer rumours: Ethan Nwaneri to replace Semenyo at Bournemouth?,https://www.theguardian.com/football/2026/jan/08/football-transfer-rumours-ethan-nwaneri-to-replace-semenyo-at-bournemouth,0.84,0.686,1,1,0.84,0.84,0.686,0.686,2025-26,in,permanent,0,22.0,Centre-Forward,7000000.0,13000000.0,,1.8571,-6000000.0,0.5321,0.4327,0.6681,-0.03252,0.0625,0.020433,0.061536,0.6082,0.002456,-0.00359,-0.009497,-0.02567,-0.009497,neutral,neutral,test,neutral,neutral,1.0,0.0,1.0,0.0
2026-01-13,2026-01-13,Lazio,Kenneth Taylor,The Guardian / Will Unwin,Football transfer rumours: Manchester United to bid £30m for Marcos Llorente?,https://www.theguardian.com/football/2026/jan/13/football-transfer-rumours-manchester-united-to-bid-30m-for-marcos-llorente,0.84,0.686,1,1,0.84,0.84,0.686,0.686,2025-26,in,permanent,0,23.0,Central Midfield,23000000.0,16850000.0,,0.7326,6150000.0,0.8102,0.7137,0.6681,0.004202,0.106481,0.019882,0.071032,0.6679,0.003245,0.006594,-0.013353,-0.102942,-0.013353,neutral,neutral,test,neutral,positive,1.0,0.0,0.0,1.0
2026-01-15,2026-01-15,Lazio,Edoardo Motta,The Guardian / Will Unwin,Football transfer rumours: Everton to sign Youssef En-Nesyri and Callum Wilson?,https://www.theguardian.com/football/2026/jan/15/football-transfer-rumours-everton-to-sign-youssef-en-nesyri-and-callum-wilson,0.84,0.686,1,1,0.84,0.84,0.686,0.686,2025-26,in,permanent,0,21.0,Goalkeeper,1200000.0,1200000.0,,1.0,0.0,0.7,0.545,0.6681,0.025424,0.110092,0.019923,0.056155,0.6807,-0.012064,-0.020332,-0.070056,-0.129903,-0.070056,negative,negative,test,negative,positive,1.0,0.0,0.0,1.0
2026-01-22,2026-01-22,Lazio,Edoardo Motta,The Guardian / Yara El-Shaboury,Football transfer rumours: Real Madrid leading race to sign Adam Wharton?,https://www.theguardian.com/football/2026/jan/22/football-transfer-rumours-real-madrid-leading-race-to-sign-adam-wharton,0.84,0.686,1,1,0.84,0.84,0.686,0.686,2025-26,in,permanent,0,21.0,Goalkeeper,1200000.0,1200000.0,,1.0,0.0,0.7,0.545,0.6681,-0.079498,0.013825,0.022858,0.022266,0.5156,-0.059387,-0.026603,-0.054886,-0.080302,-0.054886,negative,negative,test,negative,positive,1.0,0.0,0.0,1.0
2026-01-23,2026-01-23,Lazio,Adrian Przyborek,The Guardian / Will Unwin and David Hytner,Tottenham in talks to sign Andrew Robertson from Liverpool,https://www.theguardian.com/football/2026/jan/23/tottenham-andrew-robertson-liverpool-talks-sign,0.84,0.686,1,1,0.84,0.84,0.686,0.686,2025-26,in,permanent,0,19.0,Attacking Midfield,7000000.0,4500000.0,,0.6429,2500000.0,0.7304,0.634,0.7081,-0.090909,-0.026549,0.021523,0.038174,0.4993,-0.025595,-0.019025,-0.054131,-0.068925,-0.054131,negative,negative,test,negative,positive,1.0,0.0,0.0,1.0
2026-01-23,2026-01-23,Lazio,Edoardo Motta,The Guardian / Will Unwin and David Hytner,Tottenham in talks to sign Andrew Robertson from Liverpool,https://www.theguardian.com/football/2026/jan/23/tottenham-andrew-robertson-liverpool-talks-sign,0.84,0.686,1,1,0.84,0.84,0.686,0.686,2025-26,in,permanent,0,21.0,Goalkeeper,1200000.0,1200000.0,,1.0,0.0,0.7,0.545,0.7081,-0.090909,-0.026549,0.021523,0.038174,0.4993,-0.025595,-0.019025,-0.054131,-0.068925,-0.054131,negative,negative,test,negative,positive,1.0,0.0,0.0,1.0
2026-01-26,2026-01-26,Lazio,Adrian Przyborek,The Guardian / Guardian staff and agencies,"Ukraine war briefing: US security agreement ‘100% ready’ to be signed, Zelenskyy says",https://www.theguardian.com/world/2026/jan/26/ukraine-war-briefing-us-security-agreement-volodymyr-zelenskyy,0.84,0.896,1,1,0.84,0.84,0.896,0.896,2025-26,in,permanent,0,19.0,Attacking Midfield,7000000.0,4500000.0,,0.6429,2500000.0,0.7304,0.634,0.8416,-0.096234,-0.022624,0.021399,0.032211,0.4939,-0.047887,-0.027999,-0.027505,-0.053039,-0.027505,negative,negative,test,negative,negative,1.0,1.0,0.0,0.0
2026-01-26,2026-01-26,Lazio,Edoardo Motta,The Guardian / Guardian staff and agencies,"Ukraine war briefing: US security agreement ‘100% ready’ to be signed, Zelenskyy says",https://www.theguardian.com/world/2026/jan/26/ukraine-war-briefing-us-security-agreement-volodymyr-zelenskyy,0.84,0.896,1,1,0.84,0.84,0.896,0.896,2025-26,in,permanent,0,21.0,Goalkeeper,1200000.0,1200000.0,,1.0,0.0,0.7,0.545,0.8416,-0.096234,-0.022624,0.021399,0.032211,0.4939,-0.047887,-0.027999,-0.027505,-0.053039,-0.027505,negative,negative,test,negative,neutral,1.0,0.0,1.0,0.0
2026-01-27,2026-01-27,Lazio,Adrian Przyborek,The Guardian / Hannah Ellis-Petersen in Delhi and Jennifer Rankin in Brussels,‘Mother of all deals’: EU and India sign free trade agreement ,https://www.theguardian.com/business/2026/jan/27/eu-and-india-sign-free-trade-agreement,0.84,0.896,1,1,0.84,0.84,0.896,0.896,2025-26,in,permanent,0,19.0,Attacking Midfield,7000000.0,4500000.0,,0.6429,2500000.0,0.7304,0.634,0.8416,-0.09205,-0.013636,0.021406,0.031555,0.5015,-0.034239,-0.035083,-0.043398,-0.024494,-0.043398,negative,negative,test,negative,negative,1.0,1.0,0.0,0.0
2026-01-27,2026-01-27,Lazio,Edoardo Motta,The Guardian / Hannah Ellis-Petersen in Delhi and Jennifer Rankin in Brussels,‘Mother of all deals’: EU and India sign free trade agreement ,https://www.theguardian.com/business/2026/jan/27/eu-and-india-sign-free-trade-agreement,0.84,0.896,1,1,0.84,0.84,0.896,0.896,2025-26,in,permanent,0,21.0,Goalkeeper,1200000.0,1200000.0,,1.0,0.0,0.7,0.545,0.8416,-0.09205,-0.013636,0.021406,0.031555,0.5015,-0.034239,-0.035083,-0.043398,-0.024494,-0.043398,negative,negative,test,negative,neutral,1.0,0.0,1.0,0.0
2026-02-01,2026-02-01,Lazio,Adrian Przyborek,The Guardian / Ben Fisher and Mark Dobson,Liverpool beat Chelsea to agree £60m summer deal for Rennes centre-back Jérémy Jacquet,https://www.theguardian.com/football/2026/feb/01/crystal-palace-agree-48m-deal-for-strand-larsen-as-liverpool-eye-geertruida-move,0.84,0.686,1,1,0.84,0.84,0.686,0.686,2025-26,in,permanent,0,19.0,Attacking Midfield,7000000.0,4500000.0,,0.6429,2500000.0,0.7304,0.634,0.6681,-0.040909,-0.045249,0.021631,0.03196,0.5308,-0.020677,-0.005894,0.01915,0.142157,0.01915,neutral,neutral,test,neutral,positive,1.0,0.0,0.0,1.0
2026-02-01,2026-02-01,Lazio,Marcos Antônio,The Guardian / Ben Fisher and Mark Dobson,Liverpool beat Chelsea to agree £60m summer deal for Rennes centre-back Jérémy Jacquet,https://www.theguardian.com/football/2026/feb/01/crystal-palace-agree-48m-deal-for-strand-larsen-as-liverpool-eye-geertruida-move,0.84,0.686,1,1,0.84,0.84,0.686,0.686,2025-26,out,permanent,0,25.0,Central Midfield,9000000.0,4200000.0,,0.4667,4800000.0,0.55,0.455,0.6681,-0.040909,-0.045249,0.021631,0.03196,0.5308,-0.020677,-0.005894,0.01915,0.142157,0.01915,neutral,neutral,test,neutral,negative,1.0,1.0,0.0,0.0
2026-02-03,2026-02-03,Lazio,Adrian Przyborek,"The Guardian / Will Magee, Niall McVeigh and Billy Munday","Early birds, big spenders, hidden gems: January transfer window trends",https://www.theguardian.com/football/2026/feb/03/january-transfer-window-trends-premier-league-la-liga-ligue-1-bundesliga-serie-a,0.84,0.686,1,1,0.84,0.84,0.686,0.686,2025-26,in,permanent,0,19.0,Attacking Midfield,7000000.0,4500000.0,,0.6429,2500000.0,0.7304,0.634,0.6681,-0.027778,-0.078947,0.020714,0.045806,0.5367,-0.010676,-0.000194,-0.01108,0.145789,-0.01108,neutral,neutral,test,neutral,positive,1.0,0.0,0.0,1.0
2026-02-03,2026-02-03,Lazio,Marcos Antônio,The Guardian / Guardian sport,Transfer window verdict: how every Premier League club fared,https://www.theguardian.com/football/2026/feb/03/transfer-window-verdict-how-every-premier-league-club-fared,0.84,0.686,1,1,0.84,0.84,0.686,0.686,2025-26,out,permanent,0,25.0,Central Midfield,9000000.0,4200000.0,,0.4667,4800000.0,0.55,0.455,0.6681,-0.027778,-0.078947,0.020714,0.045806,0.5367,-0.010676,-0.000194,-0.01108,0.145789,-0.01108,neutral,neutral,test,neutral,negative,1.0,1.0,0.0,0.0
2026-02-04,2026-02-04,Lazio,Marcos Antônio,The Guardian / Tom Garry,"WSL deadline day: Arsenal sign keeper Votikova on loan, Kramzar joins Everton",https://www.theguardian.com/football/2026/feb/03/transfer-deadline-day-wsl-womens-super-league-everton-roma-chelsea-psg-newcastle,0.84,0.896,1,1,0.84,0.84,0.896,0.896,2025-26,out,permanent,0,25.0,Central Midfield,9000000.0,4200000.0,,0.4667,4800000.0,0.55,0.455,0.7416,-0.023042,-0.131148,0.015718,0.052654,0.5376,0.030939,0.026887,0.016176,0.172333,0.016176,neutral,neutral,test,neutral,neutral,1.0,0.0,1.0,0.0
2026-02-15,2026-02-15,Lazio,Marcos Antônio,The Guardian / Sarah Martin,Australian man died in Bali after consulate refused to assist with medical transfer,https://www.theguardian.com/australia-news/2026/feb/16/australian-man-died-in-bali-after-consulate-refused-to-assist-with-medical-transfer,0.84,0.896,1,1,0.84,0.84,0.896,0.896,2025-26,out,permanent,0,25.0,Central Midfield,9000000.0,4200000.0,,0.4667,4800000.0,0.55,0.455,0.8416,0.165138,0.076271,0.025074,-0.009074,0.7361,-0.054361,-0.081843,-0.064253,0.057151,-0.064253,negative,negative,test,negative,neutral,1.0,0.0,1.0,0.0
2026-02-17,2026-02-17,Juventus,Gabriel Taliari,The Guardian / Patrick Wintour Diplomatic editor,"Iran-US talks: agreement reached on ‘guiding principles’ after ‘constructive’ meeting, Tehran says",https://www.theguardian.com/world/2026/feb/17/iran-us-nuclear-talks-open-geneva,0.94,0.961,1,1,0.94,0.94,0.961,0.961,2025-26,out,permanent,0,28.0,Centre-Forward,1500000.0,660000.0,,0.44,840000.0,0.569,0.4891,0.9494,-0.028668,-0.175376,0.017001,-0.0073,0.4771,0.006243,0.008766,-0.015263,9.8e-05,-0.015263,neutral,neutral,test,neutral,neutral,1.0,0.0,1.0,0.0
2026-02-17,2026-02-17,Lazio,Marcos Antônio,The Guardian / Patrick Wintour Diplomatic editor,"Iran-US talks: agreement reached on ‘guiding principles’ after ‘constructive’ meeting, Tehran says",https://www.theguardian.com/world/2026/feb/17/iran-us-nuclear-talks-open-geneva,0.94,0.961,1,1,0.94,0.94,0.961,0.961,2025-26,out,permanent,0,25.0,Central Midfield,9000000.0,4200000.0,,0.4667,4800000.0,0.55,0.455,0.9494,0.166667,0.038136,0.026028,-0.0073,0.7169,-0.066275,-0.029129,0.091534,0.053689,0.091534,positive,positive,test,positive,neutral,1.0,0.0,1.0,0.0
2026-02-18,2026-02-18,Juventus,Gabriel Taliari,The Guardian / Tom Ambrose (now) and Taz Ali (earlier),Zelenskyy says no agreement on key issues in peace talks as he accuses Russia of ‘dragging out negotiations’ – as it happened,https://www.theguardian.com/world/live/2026/feb/18/ukraine-russia-peace-talks-zelenskyy-trump-putin-denmark-greenland-europe-live,0.84,0.896,1,1,0.84,0.84,0.896,0.896,2025-26,out,permanent,0,28.0,Centre-Forward,1500000.0,660000.0,,0.44,840000.0,0.569,0.4891,0.8816,0.0,-0.141921,0.017737,0.0045,0.5213,-0.009336,-0.029436,-0.056561,-0.011088,-0.056561,negative,negative,test,negative,neutral,1.0,0.0,1.0,0.0
2026-02-25,2026-02-25,Juventus,Gabriel Taliari,The Guardian / Dani Anguiano,Death Valley erupts in wildflowers in sign of developing superbloom ,https://www.theguardian.com/us-news/2026/feb/25/death-valley-wildflowers-superbloom,0.84,0.686,1,1,0.84,0.84,0.686,0.686,2025-26,out,permanent,0,28.0,Centre-Forward,1500000.0,660000.0,,0.44,840000.0,0.569,0.4891,0.6681,-0.029514,-0.166294,0.016678,0.022017,0.4965,0.040054,0.039938,0.038376,0.052345,0.038376,positive,positive,test,positive,positive,1.0,0.0,0.0,1.0
2026-02-27,2026-02-27,Juventus,Gabriel Taliari,The Guardian / Martin Belam,Friday briefing: Is the result in Gorton and Denton a sign of things to come?,https://www.theguardian.com/world/2026/feb/27/friday-briefing-is-the-result-in-gorton-and-denton-a-sign-of-things-to-come,0.84,0.686,1,1,0.84,0.84,0.686,0.686,2025-26,out,permanent,0,28.0,Centre-Forward,1500000.0,660000.0,,0.44,840000.0,0.569,0.4891,0.6681,-0.003404,-0.157554,0.016528,0.035502,0.5308,0.025601,-0.000205,0.002776,-0.010718,0.002776,neutral,neutral,test,neutral,positive,1.0,0.0,0.0,1.0
2026-03-13,2026-03-13,Juventus,Gabriel Taliari,The Guardian / Lisa O’Carroll,UK signs ‘rebooted’ defence agreement to protect Irish waters,https://www.theguardian.com/world/2026/mar/13/uk-signs-rebooted-defence-agreement-to-protect-irish-waters,0.84,0.896,1,1,0.84,0.84,0.896,0.896,2025-26,out,permanent,0,28.0,Centre-Forward,1500000.0,660000.0,,0.44,840000.0,0.569,0.4891,0.8416,-0.063886,-0.178349,0.01686,-0.023525,0.4372,2.1e-05,0.038082,0.017249,-0.015597,0.017249,neutral,neutral,test,neutral,neutral,1.0,0.0,1.0,0.0
2026-04-28,2026-04-28,Lazio,Kenneth Taylor,The Guardian / Louise Taylor,"What, Howe and why: big questions Saudi owners may ask under-fire Newcastle manager | Louise Taylor",https://www.theguardian.com/football/2026/apr/28/eddie-howe-big-questions-saudi-owners-may-ask-newcastle-manager,0.84,0.686,1,1,0.84,0.84,0.686,0.686,2025-26,in,permanent,0,23.0,Central Midfield,23000000.0,16850000.0,,0.7326,6150000.0,0.8102,0.7137,0.6681,-0.028169,0.169492,0.023282,0.07575,0.6594,-0.006505,0.009723,-0.016036,-0.036563,-0.016036,neutral,neutral,test,neutral,positive,1.0,0.0,0.0,1.0
2026-04-30,2026-04-30,Borussia Dortmund,Jobe Bellingham,The Guardian / Thiago Rabelo,"‘Football isn’t a nice place’: Endrick on Brazil hopes, his baby and Bellingham’s help",https://www.theguardian.com/football/2026/apr/30/endrick-brazil-lyon-real-madrid-jude-bellingham,0.84,0.686,1,1,0.84,0.84,0.686,0.686,2025-26,in,permanent,0,19.0,Central Midfield,22000000.0,30500000.0,,1.3864,-8500000.0,0.5631,0.3982,0.6681,-0.020062,0.051324,0.013199,0.009424,0.6138,-0.037872,-0.032767,-0.04755,-0.058935,-0.04755,negative,negative,test,negative,positive,1.0,0.0,0.0,1.0
2026-05-02,2026-05-02,Borussia Dortmund,Daniel Svensson,GIVEMESPORT | Yardbarker,Liverpool Eyeing Move to Sign Borussia Dortmund Star Daniel Svensson || Arsenal and Liverpool ready to pounce on 24-year-old defender with six goal contributions,https://www.givemesport.com/liverpool-eyeing-move-daniel-svensson-borussia-transfer-news/ | https://www.yardbarker.com/soccer/articles/arsenal_and_liverpool_ready_to_pounce_on_24_year_old_defender_with_six_goal_contributions/s1_15953_43797340,0.52,0.478,2,2,0.52,0.52,0.478,0.478,2025-26,in,permanent,0,23.0,Left-Back,12000000.0,6500000.0,,0.5417,5500000.0,0.8531,0.7924,0.5013,-0.006221,0.059701,0.013207,0.033619,0.642,-0.052713,-0.054745,-0.049416,-0.061163,-0.049416,negative,negative,test,negative,neutral,1.0,0.0,1.0,0.0
2026-05-08,2026-05-08,Lazio,Christos Mandas,Yardbarker,Aston Villa Can Help Lazio Sell Christos Mandas to Bournemouth,https://www.yardbarker.com/soccer/articles/aston_villa_can_help_lazio_sell_christos_mandas_to_bournemouth/s1_16487_43819931,0.5,0.465,1,1,0.5,0.5,0.465,0.465,2025-26,in,permanent,0,24.0,Goalkeeper,10000000.0,0.0,,0.0,10000000.0,1.0,0.85,0.4378,-0.021583,0.105691,0.023454,0.136523,0.6648,-0.020441,-0.018395,-0.018395,-0.018395,-0.018395,neutral,neutral,test,neutral,negative,1.0,1.0,0.0,0.0
2026-05-09,2026-05-09,Juventus,Douglas Luiz,Yardbarker,Aston Villa snub Douglas Luiz purchase as Juventus face repeat of Arthur problem,https://www.yardbarker.com/soccer/articles/aston_villa_snub_douglas_luiz_purchase_as_juventus_face_repeat_of_arthur_problem/s1_17344_43824424,0.5,0.465,1,1,0.5,0.5,0.465,0.465,2025-26,in,permanent,0,28.0,Central Midfield,20000000.0,0.0,,0.0,20000000.0,0.9,0.7333,0.4378,-0.01561,-0.004931,0.014152,0.119896,0.643,-0.000204,0.002889,0.002889,0.002889,0.002889,neutral,neutral,test,neutral,neutral,1.0,0.0,1.0,0.0
2026-05-10,2026-05-10,Juventus,Douglas Luiz,Birmingham Live | Sports Mole,Aston Villa transfer news: Douglas Luiz stance 'revealed' ahead of potential Champions League qualification || Aston Villa set for Douglas Luiz decision day as £23m Juventus transfer unlikely,https://www.birminghammail.co.uk/sport/football/football-news/aston-villa-set-douglas-luiz-33920191 | https://www.sportsmole.co.uk/football/aston-villa/transfer-talk/news/aston-villas-stance-on-permanent-luiz-deal-revealed_597307.html,0.5,0.465,2,2,0.5,0.5,0.465,0.465,2025-26,in,permanent,0,28.0,Central Midfield,20000000.0,0.0,,0.0,20000000.0,0.9,0.7333,0.4878,-0.01561,-0.004931,0.014152,0.119896,0.643,-0.000204,0.002889,0.002889,0.002889,0.002889,neutral,neutral,test,neutral,positive,1.0,0.0,0.0,1.0
2026-05-10,2026-05-10,Manchester United,Marcus Rashford,Manchester Evening News,Marcus Rashford gets what he wants from Barcelona transfer as Man United handed ideal scenario,https://www.manchestereveningnews.co.uk/sport/football/football-news/rashford-goal-barcelona-real-madrid-33922824,0.5,0.465,1,1,0.5,0.5,0.465,0.465,2025-26,in,permanent,0,28.0,Left Winger,40000000.0,0.0,,0.0,40000000.0,0.9,0.7333,0.4378,0.042903,0.204281,0.020793,0.161737,0.7902,-0.01593,-0.039245,-0.039245,-0.039245,-0.039245,negative,negative,test,negative,negative,1.0,1.0,0.0,0.0
2026-05-11,2026-05-11,Manchester United,Marcus Rashford,Manchester Evening News,Marcus Rashford breaks silence on Man United transfer and future after Barcelona heroics,https://www.manchestereveningnews.co.uk/sport/football/transfer-news/marcus-rashford-man-united-barcelona-33923041,0.5,0.465,1,1,0.5,0.5,0.465,0.465,2025-26,in,permanent,0,28.0,Left Winger,40000000.0,0.0,,0.0,40000000.0,0.9,0.7333,0.4378,0.042903,0.204281,0.020793,0.161737,0.7902,-0.01593,-0.039245,-0.039245,-0.039245,-0.039245,negative,negative,test,negative,negative,1.0,1.0,0.0,0.0
