claim_id,article_id,published_at,date,published_date,source,journalist,club,subject_club,player,season,direction,subject_direction,transfer_type,is_loan,age,position,market_value_eur,transfer_fee_eur,wage_eur_annual,fee_to_market,market_minus_fee_eur,transfer_quality,transfer_indicator,rumor_strength,rumor_indicator,credibility_score,source_reputation_score,journalist_reputation_score,historical_conversion_score,club_specific_score,rumor_stage_score,article_type_score,time_to_confirmation_score,historical_support_n,match_score,ambiguity_flag,entity_match_indicator,rumor_stage,article_type,source_diversity,rumor_count,max_credibility,avg_credibility,max_rumor_strength,avg_rumor_strength,subject_club,subject_direction,buyer_club,seller_club,target_club,target_role,target_direction,target_entity_type,target_ticker,target_market_symbol,prediction_scope,public_target_count,has_public_buyer,has_public_seller,label
b23c4c0f9a6f1d3f,6c319f52545abc8c,20230614T163000Z,2023-06-14,2023-06-14,bignewsnetwork.com,,Borussia Dortmund,Borussia Dortmund,Jude Bellingham,2022-23,in,in,unclear,0,,,,,,0.0,0.0,0.0,0.0,0.6274,0.6274,0.5351,0.5,0.5,0.4167,0.1422,0.95,0.9,0.5,1,0.0,0,0.0,official,official,1,1,0.5351,0.5351,0.6274,0.6274,Borussia Dortmund,in,,,,,,,,,none,0,0,0,
c0c8b383a824d703,5c5e806b6cd0cd6a,20230615T164500Z,2023-06-15,2023-06-15,hypebeast.com,,Borussia Dortmund,Borussia Dortmund,Jude Bellingham,2022-23,unclear,unclear,unclear,0,,,,,,0.0,0.0,0.0,0.0,0.4544,0.4544,0.4401,0.5,0.5,0.4167,0.1422,0.4,0.65,0.5,1,0.0,0,0.0,unclear,report,1,1,0.4401,0.4401,0.4544,0.4544,Borussia Dortmund,unclear,,,,,,,,,none,0,0,0,
21d57994d8dfd201,21cb6900fa532e31,20210701T154500Z,2021-07-01,2021-07-01,pressandjournal.co.uk,,Manchester United,Manchester United,Jadon Sancho,2021-22,in,in,permanent,0,21.0,Left Winger,100000000.0,85000000.0,,0.85,15000000.0,0.7337,0.6069,0.5281,0.5281,0.5036,0.5,0.5,0.5833,0.3691,0.4,0.65,0.65,1,0.88,0,0.7333,unclear,report,1,1,0.5036,0.5036,0.5281,0.5281,Manchester United,in,Manchester United,Dortmund,Manchester United,buyer,in,club,MANU,^GSPC,direct,2,1,1,
21d57994d8dfd201,21cb6900fa532e31,20210701T154500Z,2021-07-01,2021-07-01,pressandjournal.co.uk,,Borussia Dortmund,Manchester United,Jadon Sancho,2021-22,out,in,permanent,0,21.0,Left Winger,100000000.0,85000000.0,,0.85,15000000.0,0.6362,0.5556,0.5281,0.5281,0.5036,0.5,0.5,0.5833,0.3691,0.4,0.65,0.65,1,0.88,0,0.7333,unclear,report,1,1,0.5036,0.5036,0.5281,0.5281,Manchester United,in,Manchester United,Dortmund,Borussia Dortmund,seller,out,club,BVB.DE,^GDAXI,direct,2,1,1,
c8242c7d6f1024f3,2630c408b54ee63e,20230728T104500Z,2023-07-28,2023-07-28,caughtoffside.com,,Manchester United,Manchester United,Rasmus Højlund,2023-24,in,in,permanent,0,20.0,Centre-Forward,45000000.0,77800000.0,,1.7289,-32800000.0,0.511,0.3888,0.5263,0.5263,0.5023,0.5,0.5,0.5769,0.3691,0.4,0.65,0.65,8,0.88,0,0.7333,unclear,report,1,1,0.5023,0.5023,0.5263,0.5263,Manchester United,in,Manchester United,Atalanta,Manchester United,buyer,in,club,MANU,^GSPC,direct,1,1,0,
f2574ff8a59eaba5,d8f66574b582ead9,20230801T210000Z,2023-08-01,2023-08-01,caughtoffside.com,,Manchester United,Manchester United,Rasmus Højlund,2023-24,in,in,permanent,0,20.0,Centre-Forward,45000000.0,77800000.0,,1.7289,-32800000.0,0.511,0.3888,0.6803,0.6803,0.5873,0.5,0.5,0.5769,0.3691,0.9,0.65,0.85,8,0.9,0,0.75,medical,report,1,1,0.5873,0.5873,0.6803,0.6803,Manchester United,in,Manchester United,Atalanta,Manchester United,buyer,in,club,MANU,^GSPC,direct,1,1,0,
4ec8f9c77564f43c,2cf45bfd3fcfb930,20230729T150000Z,2023-07-29,2023-07-29,thepeoplesperson.com,,Manchester United,Manchester United,Rasmus Højlund,2023-24,in,in,permanent,0,20.0,Centre-Forward,45000000.0,77800000.0,,1.7289,-32800000.0,0.511,0.3888,0.5688,0.5688,0.5255,0.5,0.5,0.6429,0.3691,0.4,0.65,0.85,2,0.9,0,0.75,unclear,report,1,1,0.5255,0.5255,0.5688,0.5688,Manchester United,in,Manchester United,Atalanta,Manchester United,buyer,in,club,MANU,^GSPC,direct,1,1,0,
3744987aac524efb,52441ca4ab8897b6,20250807T110000Z,2025-08-07,2025-08-07,teamtalk.com,,Manchester United,Manchester United,Benjamin Sesko,2025-26,in,in,permanent,0,22.0,Centre-Forward,70000000.0,76500000.0,,1.0929,-6500000.0,0.7041,0.5358,0.5097,0.5097,0.4797,0.5,0.5,0.3889,0.3691,0.4,0.65,0.95,4,0.9,0,0.75,unclear,report,1,1,0.4797,0.4797,0.5097,0.5097,Manchester United,in,Manchester United,Leipzig,Manchester United,buyer,in,club,MANU,^GSPC,direct,1,1,0,
c7535394d2e8856c,c3dd2c7fd2de0b10,20250601T163000Z,2025-06-01,2025-06-01,telecomasia.net,,Manchester United,Manchester United,Matheus Cunha,2024-25,in,in,unclear,0,,,,,,0.0,0.0,0.0,0.0,0.4634,0.4634,0.4627,0.5,0.5,0.4167,0.3691,0.4,0.65,0.5,1,0.0,0,0.0,unclear,report,1,1,0.4627,0.4627,0.4634,0.4634,Manchester United,in,,,,,,,,,none,0,0,0,
ebad462f299b0ba7,4f43e2f463088ba0,20220707T173000Z,2022-07-07,2022-07-07,thehardtackle.com,,Juventus,Juventus,Matthijs de Ligt,2022-23,out,out,permanent,0,22.0,Centre-Back,70000000.0,67000000.0,,0.9571,3000000.0,0.6604,0.5838,0.4903,0.4903,0.4819,0.5,0.5,0.4375,0.4439,0.4,0.65,0.65,3,0.88,0,0.7333,unclear,report,1,1,0.4819,0.4819,0.4903,0.4903,Juventus,out,Bayern Munich,Juventus,Juventus,seller,out,club,JUVE.MI,FTSEMIB.MI,direct,1,0,1,
d2869804aeb56727,b8ef582fb0444565,20220705T101500Z,2022-07-05,2022-07-05,90min.com,,Juventus,Juventus,Matthijs de Ligt,2022-23,out,out,permanent,0,22.0,Centre-Back,70000000.0,67000000.0,,0.9571,3000000.0,0.6604,0.5838,0.5571,0.5571,0.5339,0.5,0.5,0.6875,0.4439,0.48,0.45,0.65,3,0.88,0,0.7333,linked,aggregate,1,1,0.5339,0.5339,0.5571,0.5571,Juventus,out,Bayern Munich,Juventus,Juventus,seller,out,club,JUVE.MI,FTSEMIB.MI,direct,1,0,1,
6e9458f9d3295603,2ce8c4ca03324e69,20240718T233000Z,2024-07-18,2024-07-18,caughtoffside.com,,Manchester United,Manchester United,Leny Yoro,2024-25,in,in,permanent,0,18.0,Centre-Back,50000000.0,62000000.0,,1.24,-12000000.0,0.571,0.3855,0.6715,0.6715,0.5803,0.5,0.5,0.5769,0.3691,0.82,0.65,0.95,8,0.9,0,0.75,agreed,report,1,1,0.5803,0.5803,0.6715,0.6715,Manchester United,in,Manchester United,Lille,Manchester United,buyer,in,club,MANU,^GSPC,direct,1,1,0,
a7607c12aeecff20,2d06da7c4debf117,20240718T093000Z,2024-07-18,2024-07-18,caughtoffside.com,,Manchester United,Manchester United,Leny Yoro,2024-25,in,in,permanent,0,18.0,Centre-Back,50000000.0,62000000.0,,1.24,-12000000.0,0.571,0.3855,0.5863,0.5863,0.5273,0.5,0.5,0.5769,0.3691,0.4,0.85,0.95,8,0.9,0,0.75,unclear,exclusive,1,1,0.5273,0.5273,0.5863,0.5863,Manchester United,in,Manchester United,Lille,Manchester United,buyer,in,club,MANU,^GSPC,direct,1,1,0,
18322e26c6949504,0f1249d7cd621ee3,20220715T124500Z,2022-07-15,2022-07-15,dailypost.ng,,Manchester United,Manchester United,Lisandro Martínez,2022-23,in,in,permanent,0,24.0,Centre-Back,32000000.0,57370000.0,,1.7928,-25370000.0,0.5966,0.4983,0.5448,0.5448,0.5155,0.5,0.5,0.6429,0.3691,0.4,0.65,0.65,2,0.88,0,0.7333,unclear,report,1,1,0.5155,0.5155,0.5448,0.5448,Manchester United,in,Manchester United,Ajax,Manchester United,buyer,in,club,MANU,^GSPC,direct,2,1,1,
18322e26c6949504,0f1249d7cd621ee3,20220715T124500Z,2022-07-15,2022-07-15,dailypost.ng,,Ajax NV,Manchester United,Lisandro Martínez,2022-23,out,in,permanent,0,24.0,Centre-Back,32000000.0,57370000.0,,1.7928,-25370000.0,0.8484,0.8031,0.5448,0.5448,0.5155,0.5,0.5,0.6429,0.3691,0.4,0.65,0.65,2,0.88,0,0.7333,unclear,report,1,1,0.5155,0.5155,0.5448,0.5448,Manchester United,in,Manchester United,Ajax,Ajax NV,seller,out,club,AJAX.AS,^AEX,direct,2,1,1,
c3ed948da4797835,1f119b44a473b936,20220717T143000Z,2022-07-17,2022-07-17,90min.com,,Manchester United,Manchester United,Lisandro Martínez,2022-23,in,in,permanent,0,24.0,Centre-Back,32000000.0,57370000.0,,1.7928,-25370000.0,0.5966,0.4983,0.6665,0.6665,0.5874,0.5,0.5,0.6875,0.3691,0.82,0.65,0.65,3,0.88,0,0.7333,agreed,report,1,1,0.5874,0.5874,0.6665,0.6665,Manchester United,in,Manchester United,Ajax,Manchester United,buyer,in,club,MANU,^GSPC,direct,2,1,1,
c3ed948da4797835,1f119b44a473b936,20220717T143000Z,2022-07-17,2022-07-17,90min.com,,Ajax NV,Manchester United,Lisandro Martínez,2022-23,out,in,permanent,0,24.0,Centre-Back,32000000.0,57370000.0,,1.7928,-25370000.0,0.8484,0.8031,0.6665,0.6665,0.5874,0.5,0.5,0.6875,0.3691,0.82,0.65,0.65,3,0.88,0,0.7333,agreed,report,1,1,0.5874,0.5874,0.6665,0.6665,Manchester United,in,Manchester United,Ajax,Ajax NV,seller,out,club,AJAX.AS,^AEX,direct,2,1,1,
b9e18b058a19363e,786906eaa1b22bd7,20250607T194500Z,2025-06-07,2025-06-07,caughtoffside.com,,Borussia Dortmund,Borussia Dortmund,Jamie Gittens,2024-25,unclear,unclear,unclear,0,,,,,,0.0,0.0,0.0,0.0,0.4992,0.4992,0.4721,0.5,0.5,0.5769,0.1422,0.4,0.65,0.5,8,0.0,0,0.0,unclear,report,1,1,0.4721,0.4721,0.4992,0.4992,Borussia Dortmund,unclear,,,,,,,,,none,0,0,0,
1db4a57d691d1b82,d5007806863d21b5,20250703T210000Z,2025-07-03,2025-07-03,arabnews.com,,Borussia Dortmund,Borussia Dortmund,Jamie Gittens,2025-26,out,out,permanent,0,20.0,Left Winger,50000000.0,56000000.0,,1.12,-6000000.0,0.697,0.6265,0.555,0.555,0.4959,0.5,0.5,0.5833,0.1422,0.4,0.65,0.95,1,0.78,0,0.65,unclear,report,1,1,0.4959,0.4959,0.555,0.555,Borussia Dortmund,out,Chelsea,Borussia Dortmund,Borussia Dortmund,seller,out,club,BVB.DE,^GDAXI,direct,1,0,1,
bcc20d7a27c499a4,322e674d8308e297,20240614T090000Z,2024-06-14,2024-06-14,teamtalk.com,,Juventus,Juventus,Douglas Luiz,2023-24,unclear,unclear,unclear,0,,,,,,0.0,0.0,0.0,0.0,0.4587,0.4587,0.4647,0.5,0.5,0.3889,0.4439,0.4,0.65,0.5,4,0.0,0,0.0,unclear,report,1,1,0.4647,0.4647,0.4587,0.4587,Juventus,unclear,,,,,,,,,none,0,0,0,
bbb7ecac436e9fe0,8a055cab2573209a,20220719T164500Z,2022-07-19,2022-07-19,90min.com,,Juventus,Juventus,Bremer,2022-23,in,in,permanent,0,25.0,Centre-Back,35000000.0,51300000.0,,1.4657,-16300000.0,0.6452,0.5059,0.5963,0.5963,0.5469,0.5,0.5,0.6875,0.4439,0.4,0.65,0.95,3,0.98,0,0.8167,unclear,report,1,1,0.5469,0.5469,0.5963,0.5963,Juventus,in,Juventus,Torino,Juventus,buyer,in,club,JUVE.MI,FTSEMIB.MI,direct,1,1,0,
b600877f02571277,a35655d6547c58fd,20220721T063000Z,2022-07-21,2022-07-21,daijiworld.com,,Juventus,Juventus,Bremer,2022-23,in,in,permanent,0,25.0,Centre-Back,35000000.0,51300000.0,,1.4657,-16300000.0,0.6452,0.5059,0.5671,0.5671,0.5261,0.5,0.5,0.5833,0.4439,0.4,0.65,0.95,1,0.98,0,0.8167,unclear,report,1,1,0.5261,0.5261,0.5671,0.5671,Juventus,in,Juventus,Torino,Juventus,buyer,in,club,JUVE.MI,FTSEMIB.MI,direct,1,1,0,
3ce6745643f206e0,76ea88ccdce11ce6,20230714T130000Z,2023-07-14,2023-07-14,caughtoffside.com,,Manchester United,Manchester United,André Onana,2023-24,in,in,permanent,0,27.0,Goalkeeper,35000000.0,50200000.0,,1.4343,-15200000.0,0.6023,0.4511,0.5503,0.5503,0.5123,0.5,0.5,0.5769,0.3691,0.4,0.65,0.85,8,0.9,0,0.75,unclear,report,1,1,0.5123,0.5123,0.5503,0.5503,Manchester United,in,Manchester United,Inter,Manchester United,buyer,in,club,MANU,^GSPC,direct,1,1,0,
15c8958c3f2d3e8c,ac6ca3bfe6c6ceb2,20230714T073000Z,2023-07-14,2023-07-14,dailypost.ng,,Manchester United,Manchester United,André Onana,2023-24,in,in,permanent,0,27.0,Goalkeeper,35000000.0,50200000.0,,1.4343,-15200000.0,0.6023,0.4511,0.5688,0.5688,0.5255,0.5,0.5,0.6429,0.3691,0.4,0.65,0.85,2,0.9,0,0.75,unclear,report,1,1,0.5255,0.5255,0.5688,0.5688,Manchester United,in,Manchester United,Inter,Manchester United,buyer,in,club,MANU,^GSPC,direct,1,1,0,
7325ca39fba594b1,7383bd5745a31dda,20230717T221500Z,2023-07-17,2023-07-17,thepeoplesperson.com,,Manchester United,Manchester United,André Onana,2023-24,in,in,permanent,0,27.0,Goalkeeper,35000000.0,50200000.0,,1.4343,-15200000.0,0.6023,0.4511,0.5808,0.5808,0.5305,0.5,0.5,0.6429,0.3691,0.4,0.65,0.95,2,0.9,0,0.75,unclear,report,1,1,0.5305,0.5305,0.5808,0.5808,Manchester United,in,Manchester United,Inter,Manchester United,buyer,in,club,MANU,^GSPC,direct,1,1,0,
5b582b8747bb720e,dba44c7b1efe8d55,2023-06-14T10:16:08Z,2023-06-14,2023-06-14,The Guardian / David Tindall,David Tindall,Borussia Dortmund,Borussia Dortmund,Jude Bellingham,2022-23,out,out,unclear,0,,,,,,0.0,0.0,0.0,0.0,0.5962,0.5962,0.653,0.84,0.742,0.7,0.371,0.4,0.65,0.5,2,0.0,0,0.0,unclear,report,1,1,0.653,0.653,0.5962,0.5962,Borussia Dortmund,out,,,,,,,,,none,0,0,0,
3a2d14bdaac010a1,af2a27993f3c1cda,2023-06-07T14:13:42Z,2023-06-07,2023-06-07,The Guardian / Fabrizio Romano,Fabrizio Romano,Borussia Dortmund,Borussia Dortmund,Jude Bellingham,2022-23,in,in,unclear,0,,,,,,0.0,0.0,0.0,0.0,0.7817,0.7817,0.8182,0.95,0.8428,0.7969,0.6029,0.9,0.65,0.5,22,0.0,0,0.0,medical,report,1,1,0.8182,0.8182,0.7817,0.7817,Borussia Dortmund,in,,,,,,,,,none,0,0,0,
13c5cebe975ba686,a2081868c129d29f,2023-06-22T09:28:36Z,2023-06-22,2023-06-22,The Guardian / Daniel Gallan,Daniel Gallan,Borussia Dortmund,Borussia Dortmund,Jude Bellingham,2022-23,in,in,unclear,0,,,,,,0.0,0.0,0.0,0.0,0.593,0.593,0.655,0.84,0.742,0.7,0.371,0.48,0.45,0.5,2,0.0,0,0.0,linked,aggregate,1,1,0.655,0.655,0.593,0.593,Borussia Dortmund,in,,,,,,,,,none,0,0,0,
1856f5bec7c6a82c,bf1e8613c892eaf9,2023-06-15T14:50:48Z,2023-06-15,2023-06-15,The Guardian / Sid Lowe in Madrid,Sid Lowe in Madrid,Borussia Dortmund,Borussia Dortmund,Jude Bellingham,2022-23,in,in,unclear,0,,,,,,0.0,0.0,0.0,0.0,0.5233,0.5233,0.5957,0.84,0.672,0.6,0.288,0.4,0.35,0.5,4,0.0,0,0.0,unclear,analysis,1,1,0.5957,0.5957,0.5233,0.5233,Borussia Dortmund,in,,,,,,,,,none,0,0,0,
1672f4ffa1bbade4,f8e46181a5ee7563,2022-08-30T12:06:45Z,2022-08-30,2022-08-30,The Guardian / Jamie Jackson,Jamie Jackson,Manchester United,Manchester United,Antony,2022-23,in,in,permanent,0,22.0,Right Winger,35000000.0,95000000.0,,2.7143,-60000000.0,0.5,0.4167,0.7628,0.7628,0.7483,0.84,0.6842,0.6174,0.6295,0.9,0.65,0.95,36,1.06,0,0.8833,medical,report,1,1,0.7483,0.7483,0.7628,0.7628,Manchester United,in,Manchester United,Ajax,Manchester United,buyer,in,club,MANU,^GSPC,direct,2,1,1,
1672f4ffa1bbade4,f8e46181a5ee7563,2022-08-30T12:06:45Z,2022-08-30,2022-08-30,The Guardian / Jamie Jackson,Jamie Jackson,Ajax NV,Manchester United,Antony,2022-23,out,in,permanent,0,22.0,Right Winger,35000000.0,95000000.0,,2.7143,-60000000.0,0.895,0.8575,0.7628,0.7628,0.7483,0.84,0.6842,0.6174,0.6295,0.9,0.65,0.95,36,1.06,0,0.8833,medical,report,1,1,0.7483,0.7483,0.7628,0.7628,Manchester United,in,Manchester United,Ajax,Ajax NV,seller,out,club,AJAX.AS,^AEX,direct,2,1,1,
b3ef7109515ed259,6b0257cdadf3453d,2022-08-29T23:36:25Z,2022-08-29,2022-08-29,The Guardian / Fabrizio Romano,Fabrizio Romano,Manchester United,Manchester United,Antony,2022-23,in,in,permanent,0,22.0,Right Winger,35000000.0,95000000.0,,2.7143,-60000000.0,0.5,0.4167,0.8353,0.8353,0.8399,0.95,0.8428,0.7969,0.5943,0.9,0.65,0.95,22,0.8,0,0.6667,medical,report,1,1,0.8399,0.8399,0.8353,0.8353,Manchester United,in,Manchester United,Ajax,Manchester United,buyer,in,club,MANU,^GSPC,direct,2,1,1,
b3ef7109515ed259,6b0257cdadf3453d,2022-08-29T23:36:25Z,2022-08-29,2022-08-29,The Guardian / Fabrizio Romano,Fabrizio Romano,Ajax NV,Manchester United,Antony,2022-23,out,in,permanent,0,22.0,Right Winger,35000000.0,95000000.0,,2.7143,-60000000.0,0.895,0.8575,0.8353,0.8353,0.8399,0.95,0.8428,0.7969,0.5943,0.9,0.65,0.95,22,0.8,0,0.6667,medical,report,1,1,0.8399,0.8399,0.8353,0.8353,Manchester United,in,Manchester United,Ajax,Ajax NV,seller,out,club,AJAX.AS,^AEX,direct,2,1,1,
4c62f96b68890a67,a538530d159d493f,2022-09-01T17:32:50Z,2022-09-01,2022-09-01,The Guardian / Jamie Jackson,Jamie Jackson,Manchester United,Manchester United,Antony,2022-23,in,in,permanent,0,22.0,Right Winger,35000000.0,95000000.0,,2.7143,-60000000.0,0.5,0.4167,0.6328,0.6328,0.6733,0.84,0.6842,0.6174,0.6295,0.4,0.65,0.95,36,0.96,0,0.8,unclear,report,1,1,0.6733,0.6733,0.6328,0.6328,Manchester United,in,Manchester United,Ajax,Manchester United,buyer,in,club,MANU,^GSPC,direct,2,1,1,
4c62f96b68890a67,a538530d159d493f,2022-09-01T17:32:50Z,2022-09-01,2022-09-01,The Guardian / Jamie Jackson,Jamie Jackson,Ajax NV,Manchester United,Antony,2022-23,out,in,permanent,0,22.0,Right Winger,35000000.0,95000000.0,,2.7143,-60000000.0,0.895,0.8575,0.6328,0.6328,0.6733,0.84,0.6842,0.6174,0.6295,0.4,0.65,0.95,36,0.96,0,0.8,unclear,report,1,1,0.6733,0.6733,0.6328,0.6328,Manchester United,in,Manchester United,Ajax,Ajax NV,seller,out,club,AJAX.AS,^AEX,direct,2,1,1,
a5ffcb7724161050,a88e89d68113d7ff,2022-08-26T08:27:28Z,2022-08-26,2022-08-26,The Guardian / Gregg Bakowski,Gregg Bakowski,Manchester United,Manchester United,Antony,2022-23,in,in,permanent,0,22.0,Right Winger,35000000.0,95000000.0,,2.7143,-60000000.0,0.5,0.4167,0.6697,0.6697,0.7378,0.84,0.772,0.7429,0.878,0.48,0.45,0.85,4,0.98,0,0.8167,linked,aggregate,1,1,0.7378,0.7378,0.6697,0.6697,Manchester United,in,Manchester United,Ajax,Manchester United,buyer,in,club,MANU,^GSPC,direct,2,1,1,
a5ffcb7724161050,a88e89d68113d7ff,2022-08-26T08:27:28Z,2022-08-26,2022-08-26,The Guardian / Gregg Bakowski,Gregg Bakowski,Ajax NV,Manchester United,Antony,2022-23,out,in,permanent,0,22.0,Right Winger,35000000.0,95000000.0,,2.7143,-60000000.0,0.895,0.8575,0.6697,0.6697,0.7378,0.84,0.772,0.7429,0.878,0.48,0.45,0.85,4,0.98,0,0.8167,linked,aggregate,1,1,0.7378,0.7378,0.6697,0.6697,Manchester United,in,Manchester United,Ajax,Ajax NV,seller,out,club,AJAX.AS,^AEX,direct,2,1,1,
96c866196249fd48,d5b921811ef05c27,2022-08-08T16:03:13Z,2022-08-08,2022-08-08,"The Guardian / Jamie Jackson, Fabrizio Romano and Jacob Steinberg","Jamie Jackson, Fabrizio Romano and Jacob Steinberg",Manchester United,Manchester United,Antony,2022-23,in,in,permanent,0,22.0,Right Winger,35000000.0,95000000.0,,2.7143,-60000000.0,0.5,0.4167,0.8475,0.8475,0.9045,0.95,0.9558,0.9583,0.9619,0.82,0.65,0.65,2,0.96,0,0.8,agreed,report,1,1,0.9045,0.9045,0.8475,0.8475,Manchester United,in,Manchester United,Ajax,Manchester United,buyer,in,club,MANU,^GSPC,direct,2,1,1,
96c866196249fd48,d5b921811ef05c27,2022-08-08T16:03:13Z,2022-08-08,2022-08-08,"The Guardian / Jamie Jackson, Fabrizio Romano and Jacob Steinberg","Jamie Jackson, Fabrizio Romano and Jacob Steinberg",Ajax NV,Manchester United,Antony,2022-23,out,in,permanent,0,22.0,Right Winger,35000000.0,95000000.0,,2.7143,-60000000.0,0.895,0.8575,0.8475,0.8475,0.9045,0.95,0.9558,0.9583,0.9619,0.82,0.65,0.65,2,0.96,0,0.8,agreed,report,1,1,0.9045,0.9045,0.8475,0.8475,Manchester United,in,Manchester United,Ajax,Ajax NV,seller,out,club,AJAX.AS,^AEX,direct,2,1,1,
826a56c578bb26f0,f4af833c8ebe1aba,2022-01-13T09:07:45Z,2022-01-13,2022-01-13,The Guardian / Fabrizio Romano,Fabrizio Romano,Juventus,Juventus,Dušan Vlahović,2021-22,in,in,permanent,0,22.0,Centre-Forward,70000000.0,85400000.0,,1.22,-15400000.0,0.6755,0.5044,0.6821,0.6821,0.7817,0.95,0.8428,0.7969,0.9128,0.4,0.65,0.65,22,0.66,0,0.55,unclear,report,1,1,0.7817,0.7817,0.6821,0.6821,Juventus,in,Juventus,Fiorentina,Juventus,buyer,in,club,JUVE.MI,FTSEMIB.MI,direct,1,1,0,
c1239c265500553e,7e54ebd822217b8e,2022-01-31T21:47:08Z,2022-01-31,2022-01-31,The Guardian / PA Media and Guardian sport,PA Media and Guardian sport,Juventus,Juventus,Dušan Vlahović,2021-22,in,in,permanent,0,22.0,Centre-Forward,70000000.0,85400000.0,,1.22,-15400000.0,0.6755,0.5044,0.7234,0.7234,0.7752,0.84,0.8587,0.8667,0.8013,0.4,0.65,0.95,2,0.68,0,0.5667,unclear,report,1,1,0.7752,0.7752,0.7234,0.7234,Juventus,in,Juventus,Fiorentina,Juventus,buyer,in,club,JUVE.MI,FTSEMIB.MI,direct,1,1,0,
c54d0a4a0d23d674,2f1915d2b36f59bb,2022-01-27T19:33:05Z,2022-01-27,2022-01-27,"The Guardian / Fabrizio Romano, Will Unwin, Jacob Steinberg and PA Media","Fabrizio Romano, Will Unwin, Jacob Steinberg and PA Media",Juventus,Juventus,Dušan Vlahović,2021-22,in,in,permanent,0,22.0,Centre-Forward,70000000.0,85400000.0,,1.22,-15400000.0,0.6755,0.5044,0.749,0.749,0.8433,0.95,0.9558,0.9583,0.9299,0.4,0.45,0.95,2,0.88,0,0.7333,unclear,aggregate,1,1,0.8433,0.8433,0.749,0.749,Juventus,in,Juventus,Fiorentina,Juventus,buyer,in,club,JUVE.MI,FTSEMIB.MI,direct,1,1,0,
5fc8059c14398be3,61c8eb13f5d0ed5b,2022-01-25T14:44:40Z,2022-01-25,2022-01-25,The Guardian / Fabrizio Romano,Fabrizio Romano,Juventus,Juventus,Dušan Vlahović,2021-22,in,in,permanent,0,22.0,Centre-Forward,70000000.0,85400000.0,,1.22,-15400000.0,0.6755,0.5044,0.8273,0.8273,0.8597,0.95,0.8428,0.7969,0.9128,0.82,0.65,0.95,22,1.06,0,0.8833,agreed,report,1,1,0.8597,0.8597,0.8273,0.8273,Juventus,in,Juventus,Fiorentina,Juventus,buyer,in,club,JUVE.MI,FTSEMIB.MI,direct,1,1,0,
b27671f2020b976d,2c8f02c32b026c86,2021-07-23T12:03:08Z,2021-07-23,2021-07-23,The Guardian / Guardian sport,Guardian sport,Manchester United,Borussia Dortmund,Jadon Sancho,2021-22,in,out,permanent,0,21.0,Left Winger,100000000.0,85000000.0,,0.85,15000000.0,0.7337,0.6069,0.6861,0.6861,0.7277,0.84,0.7945,0.775,0.6382,0.4,0.65,0.95,6,1.06,0,0.8833,unclear,report,1,1,0.7277,0.7277,0.6861,0.6861,Borussia Dortmund,out,Man Utd,Borussia Dortmund,Manchester United,buyer,in,club,MANU,^GSPC,direct,2,1,1,
b27671f2020b976d,2c8f02c32b026c86,2021-07-23T12:03:08Z,2021-07-23,2021-07-23,The Guardian / Guardian sport,Guardian sport,Borussia Dortmund,Borussia Dortmund,Jadon Sancho,2021-22,out,out,permanent,0,21.0,Left Winger,100000000.0,85000000.0,,0.85,15000000.0,0.6362,0.5556,0.6861,0.6861,0.7277,0.84,0.7945,0.775,0.6382,0.4,0.65,0.95,6,1.06,0,0.8833,unclear,report,1,1,0.7277,0.7277,0.6861,0.6861,Borussia Dortmund,out,Man Utd,Borussia Dortmund,Borussia Dortmund,seller,out,club,BVB.DE,^GDAXI,direct,2,1,1,
bbc168cc6bb8e6d6,e6e58cd55828900b,2021-07-01T13:57:19Z,2021-07-01,2021-07-01,The Guardian / Fabrizio Romano and Jamie Jackson,Fabrizio Romano and Jamie Jackson,Manchester United,Borussia Dortmund,Jadon Sancho,2021-22,in,out,permanent,0,21.0,Left Winger,100000000.0,85000000.0,,0.85,15000000.0,0.7337,0.6069,0.8475,0.8475,0.9045,0.95,0.9558,0.9583,0.9619,0.82,0.65,0.65,2,0.96,0,0.8,agreed,report,1,1,0.9045,0.9045,0.8475,0.8475,Borussia Dortmund,out,Man Utd,Borussia Dortmund,Manchester United,buyer,in,club,MANU,^GSPC,direct,2,1,1,
bbc168cc6bb8e6d6,e6e58cd55828900b,2021-07-01T13:57:19Z,2021-07-01,2021-07-01,The Guardian / Fabrizio Romano and Jamie Jackson,Fabrizio Romano and Jamie Jackson,Borussia Dortmund,Borussia Dortmund,Jadon Sancho,2021-22,out,out,permanent,0,21.0,Left Winger,100000000.0,85000000.0,,0.85,15000000.0,0.6362,0.5556,0.8475,0.8475,0.9045,0.95,0.9558,0.9583,0.9619,0.82,0.65,0.65,2,0.96,0,0.8,agreed,report,1,1,0.9045,0.9045,0.8475,0.8475,Borussia Dortmund,out,Man Utd,Borussia Dortmund,Borussia Dortmund,seller,out,club,BVB.DE,^GDAXI,direct,2,1,1,
85e586791b831f36,d714d2c6092b4e28,2021-06-23T20:32:16Z,2021-06-23,2021-06-23,The Guardian / Fabrizio Romano,Fabrizio Romano,Borussia Dortmund,Borussia Dortmund,Jadon Sancho,2020-21,in,in,unclear,0,,,,,,0.0,0.0,0.0,0.0,0.6737,0.6737,0.7009,0.95,0.8428,0.7969,0.6029,0.72,0.65,0.25,22,0.78,1,0.5525,advanced,report,1,1,0.7009,0.7009,0.6737,0.6737,Borussia Dortmund,in,,,,,,,,,none,0,0,0,
82a2679bc5cdb3ac,006fe6af8b6eea18,2023-08-05T12:03:41Z,2023-08-05,2023-08-05,The Guardian / John Brewin and PA Media,John Brewin and PA Media,Manchester United,Manchester United,Rasmus Højlund,2023-24,in,in,permanent,0,20.0,Centre-Forward,45000000.0,77800000.0,,1.7289,-32800000.0,0.511,0.3888,0.7295,0.7295,0.7904,0.84,0.8587,0.8667,0.9533,0.4,0.65,0.95,2,1.06,0,0.8833,unclear,report,1,1,0.7904,0.7904,0.7295,0.7295,Manchester United,in,Manchester United,Atalanta,Manchester United,buyer,in,club,MANU,^GSPC,direct,1,1,0,
c6c93733198bdd2c,88f6cb12806a665f,2023-07-27T11:00:34Z,2023-07-27,2023-07-27,The Guardian / Jamie Jackson in Houston,Jamie Jackson in Houston,Manchester United,Manchester United,Rasmus Højlund,2023-24,in,in,permanent,0,20.0,Centre-Forward,45000000.0,77800000.0,,1.7289,-32800000.0,0.511,0.3888,0.8011,0.8011,0.8344,0.84,0.8587,0.8667,0.9133,0.82,0.65,0.65,2,0.96,0,0.8,agreed,report,1,1,0.8344,0.8344,0.8011,0.8011,Manchester United,in,Manchester United,Atalanta,Manchester United,buyer,in,club,MANU,^GSPC,direct,1,1,0,
34c92b6283dfc797,caff2f591d94a597,2023-07-29T19:07:44Z,2023-07-29,2023-07-29,The Guardian / Jamie Jackson,Jamie Jackson,Manchester United,Manchester United,Rasmus Højlund,2023-24,in,in,permanent,0,20.0,Centre-Forward,45000000.0,77800000.0,,1.7289,-32800000.0,0.511,0.3888,0.6208,0.6208,0.6683,0.84,0.6842,0.6174,0.6295,0.4,0.65,0.85,36,0.98,0,0.8167,unclear,report,1,1,0.6683,0.6683,0.6208,0.6208,Manchester United,in,Manchester United,Atalanta,Manchester United,buyer,in,club,MANU,^GSPC,direct,1,1,0,
12f632a140788e9a,b279995d1a498369,2023-07-26T16:21:16Z,2023-07-26,2023-07-26,The Guardian / Fabrizio Romano,Fabrizio Romano,Manchester United,Manchester United,Rasmus Højlund,2023-24,in,in,permanent,0,20.0,Centre-Forward,45000000.0,77800000.0,,1.7289,-32800000.0,0.511,0.3888,0.6693,0.6693,0.7499,0.95,0.8428,0.7969,0.5943,0.4,0.65,0.65,22,1.0,0,0.8333,unclear,report,1,1,0.7499,0.7499,0.6693,0.6693,Manchester United,in,Manchester United,Atalanta,Manchester United,buyer,in,club,MANU,^GSPC,direct,1,1,0,
b85ff4f389a1cfd0,147bc26e95883ef6,2023-07-07T20:10:24Z,2023-07-07,2023-07-07,The Guardian / Jacob Steinberg,Jacob Steinberg,Manchester United,Manchester United,Rasmus Højlund,2023-24,in,in,permanent,0,20.0,Centre-Forward,45000000.0,77800000.0,,1.7289,-32800000.0,0.511,0.3888,0.6244,0.6244,0.6359,0.84,0.588,0.48,0.3935,0.72,0.65,0.65,20,1.0,0,0.8333,advanced,report,1,1,0.6359,0.6359,0.6244,0.6244,Manchester United,in,Manchester United,Atalanta,Manchester United,buyer,in,club,MANU,^GSPC,direct,1,1,0,
d2663d045eef939b,6ebb2d42a655425f,2025-08-06T11:16:51Z,2025-08-06,2025-08-06,The Guardian / Will Unwin,Will Unwin,Manchester United,Manchester United,Benjamin Sesko,2025-26,in,in,permanent,0,22.0,Centre-Forward,70000000.0,76500000.0,,1.0929,-6500000.0,0.7041,0.5358,0.6633,0.6633,0.7083,0.84,0.742,0.7,0.6988,0.4,0.65,0.95,22,1.06,0,0.8833,unclear,report,1,1,0.7083,0.7083,0.6633,0.6633,Manchester United,in,Manchester United,Leipzig,Manchester United,buyer,in,club,MANU,^GSPC,direct,1,1,0,
6a08f457d43e2ad5,bf9ddc18ba8d0cb0,2025-08-09T09:33:11Z,2025-08-09,2025-08-09,The Guardian / Andy Martin,Andy Martin,Manchester United,Manchester United,Benjamin Sesko,2025-26,in,in,permanent,0,22.0,Centre-Forward,70000000.0,76500000.0,,1.0929,-6500000.0,0.7041,0.5358,0.7295,0.7295,0.7904,0.84,0.8587,0.8667,0.9533,0.4,0.65,0.95,2,1.06,0,0.8833,unclear,report,1,1,0.7904,0.7904,0.7295,0.7295,Manchester United,in,Manchester United,Leipzig,Manchester United,buyer,in,club,MANU,^GSPC,direct,1,1,0,
183bc5d27d2f4360,297f744501e9d7ba,2025-08-07T14:38:46Z,2025-08-07,2025-08-07,The Guardian / Will Unwin,Will Unwin,Manchester United,Manchester United,Benjamin Sesko,2025-26,in,in,permanent,0,22.0,Centre-Forward,70000000.0,76500000.0,,1.0929,-6500000.0,0.7041,0.5358,0.7933,0.7933,0.7833,0.84,0.742,0.7,0.6988,0.9,0.65,0.95,22,1.06,0,0.8833,medical,report,1,1,0.7833,0.7833,0.7933,0.7933,Manchester United,in,Manchester United,Leipzig,Manchester United,buyer,in,club,MANU,^GSPC,direct,1,1,0,
ea70a7fc70bde1a4,9ba1d7e82ada0653,2025-07-21T19:07:30Z,2025-07-21,2025-07-21,The Guardian / Will Unwin,Will Unwin,Manchester United,Manchester United,Bryan Mbeumo,2025-26,in,in,permanent,0,25.0,Right Winger,55000000.0,75000000.0,,1.3636,-20000000.0,0.6682,0.5174,0.6633,0.6633,0.7083,0.84,0.742,0.7,0.6988,0.4,0.65,0.95,22,1.06,0,0.8833,unclear,report,1,1,0.7083,0.7083,0.6633,0.6633,Manchester United,in,Manchester United,Brentford,Manchester United,buyer,in,club,MANU,^GSPC,direct,1,1,0,
a18dbe230e1c1ca9,d1b29c446e884abd,2025-07-17T17:22:50Z,2025-07-17,2025-07-17,The Guardian / Will Unwin,Will Unwin,Manchester United,Manchester United,Bryan Mbeumo,2025-26,in,in,permanent,0,25.0,Right Winger,55000000.0,75000000.0,,1.3636,-20000000.0,0.6682,0.5174,0.7033,0.7033,0.7333,0.84,0.742,0.7,0.6988,0.6,0.65,0.85,22,1.06,0,0.8833,bid,report,1,1,0.7333,0.7333,0.7033,0.7033,Manchester United,in,Manchester United,Brentford,Manchester United,buyer,in,club,MANU,^GSPC,direct,1,1,0,
9e1d8f58d89906ee,185adc6a1e646b69,2025-06-25T12:30:29Z,2025-06-25,2025-06-25,The Guardian / Jamie Jackson,Jamie Jackson,Manchester United,Manchester United,Bryan Mbeumo,2024-25,in,in,unclear,0,,,,,,0.0,0.0,0.0,0.0,0.662,0.662,0.6988,0.84,0.6842,0.6174,0.6295,0.72,0.65,0.5,36,0.0,0,0.0,advanced,report,1,1,0.6988,0.6988,0.662,0.662,Manchester United,in,,,,,,,,,none,0,0,0,
94393adb6326ac0d,b8ce35470529c823,2025-07-18T12:09:58Z,2025-07-18,2025-07-18,The Guardian / Will Unwin,Will Unwin,Manchester United,Manchester United,Bryan Mbeumo,2025-26,in,in,permanent,0,25.0,Right Winger,55000000.0,75000000.0,,1.3636,-20000000.0,0.6682,0.5174,0.7725,0.7725,0.7713,0.84,0.742,0.7,0.6988,0.82,0.65,0.95,22,1.06,0,0.8833,agreed,report,1,1,0.7713,0.7713,0.7725,0.7725,Manchester United,in,Manchester United,Brentford,Manchester United,buyer,in,club,MANU,^GSPC,direct,1,1,0,
332cef53bad3a259,7839f1e366b30290,2025-06-23T21:24:03Z,2025-06-23,2025-06-23,The Guardian / Jamie Jackson and Jacob Steinberg,Jamie Jackson and Jacob Steinberg,Manchester United,Manchester United,Bryan Mbeumo,2024-25,in,in,unclear,0,,,,,,0.0,0.0,0.0,0.0,0.6482,0.6482,0.683,0.84,0.742,0.7,0.371,0.6,0.65,0.5,2,0.0,0,0.0,bid,report,1,1,0.683,0.683,0.6482,0.6482,Manchester United,in,,,,,,,,,none,0,0,0,
2b98f089c497a496,2f20309697e90ebf,2025-06-01T13:28:35Z,2025-06-01,2025-06-01,The Guardian / Will Unwin,Will Unwin,Manchester United,Manchester United,Matheus Cunha,2024-25,in,in,unclear,0,,,,,,0.0,0.0,0.0,0.0,0.7823,0.7823,0.7808,0.84,0.742,0.7,0.6988,0.95,0.9,0.5,22,0.0,0,0.0,official,official,1,1,0.7808,0.7808,0.7823,0.7823,Manchester United,in,,,,,,,,,none,0,0,0,
119e338ebe7ac354,68ef3339a0b65707,2025-06-08T07:02:32Z,2025-06-08,2025-06-08,The Guardian / Jonathan Liew,Jonathan Liew,Manchester United,Manchester United,Matheus Cunha,2024-25,in,in,unclear,0,,,,,,0.0,0.0,0.0,0.0,0.5602,0.5602,0.638,0.84,0.742,0.7,0.371,0.4,0.35,0.5,2,0.0,0,0.0,unclear,analysis,1,1,0.638,0.638,0.5602,0.5602,Manchester United,in,,,,,,,,,none,0,0,0,
a2b9b663ef7cce63,55b941ec487c2697,2022-08-19T19:39:53Z,2022-08-19,2022-08-19,"The Guardian / Jamie Jackson, Fabrizio Romano, Will Unwin and agencies","Jamie Jackson, Fabrizio Romano, Will Unwin and agencies",Manchester United,Manchester United,Casemiro,2022-23,in,in,permanent,0,30.0,Defensive Midfield,40000000.0,70650000.0,,1.7663,-30650000.0,0.4526,0.3263,0.8806,0.8806,0.9123,0.95,0.9558,0.9583,0.8899,0.82,0.65,0.95,2,0.78,0,0.65,agreed,report,1,1,0.9123,0.9123,0.8806,0.8806,Manchester United,in,Manchester United,Real Madrid,Manchester United,buyer,in,club,MANU,^GSPC,direct,1,1,0,
026bf587027f632b,ec7ea461b4480238,2022-08-17T12:29:27Z,2022-08-17,2022-08-17,"The Guardian / Jacob Steinberg, Jamie Jackson and Fabrizio Romano","Jacob Steinberg, Jamie Jackson and Fabrizio Romano",Manchester United,Manchester United,Casemiro,2022-23,in,in,permanent,0,30.0,Defensive Midfield,40000000.0,70650000.0,,1.7663,-30650000.0,0.4526,0.3263,0.761,0.761,0.8483,0.95,0.9558,0.9583,0.9299,0.4,0.65,0.85,2,0.88,0,0.7333,unclear,report,1,1,0.8483,0.8483,0.761,0.761,Manchester United,in,Manchester United,Real Madrid,Manchester United,buyer,in,club,MANU,^GSPC,direct,1,1,0,
10ba4ca1fca57218,96abf97620267c1d,2023-07-05T09:50:45Z,2023-07-05,2023-07-05,The Guardian / Jamie Jackson and Fabrizio Romano,Jamie Jackson and Fabrizio Romano,Manchester United,Manchester United,Mason Mount,2023-24,in,in,permanent,0,24.0,Attacking Midfield,60000000.0,67700000.0,,1.1283,-7700000.0,0.7461,0.5796,0.7758,0.7758,0.8603,0.95,0.9558,0.9583,1.0,0.4,0.65,0.95,2,1.06,0,0.8833,unclear,report,1,1,0.8603,0.8603,0.7758,0.7758,Manchester United,in,Manchester United,Chelsea,Manchester United,buyer,in,club,MANU,^GSPC,direct,1,1,0,
a9be1339f3dc90cb,5b1f409d37ba0560,2023-06-22T16:59:53Z,2023-06-22,2023-06-22,The Guardian / Jacob Steinberg,Jacob Steinberg,Manchester United,Manchester United,Mason Mount,2022-23,in,in,unclear,0,,,,,,0.0,0.0,0.0,0.0,0.5232,0.5232,0.5804,0.84,0.588,0.48,0.3935,0.4,0.65,0.5,20,0.0,0,0.0,unclear,report,1,1,0.5804,0.5804,0.5232,0.5232,Manchester United,in,,,,,,,,,none,0,0,0,
c682401140bf7f83,1061631df4ef9ef2,2023-06-29T16:29:36Z,2023-06-29,2023-06-29,The Guardian / Jacob Steinberg,Jacob Steinberg,Manchester United,Manchester United,Mason Mount,2022-23,in,in,unclear,0,,,,,,0.0,0.0,0.0,0.0,0.5232,0.5232,0.5804,0.84,0.588,0.48,0.3935,0.4,0.65,0.5,20,0.0,0,0.0,unclear,report,1,1,0.5804,0.5804,0.5232,0.5232,Manchester United,in,,,,,,,,,none,0,0,0,
351010e009f5d35a,8d6462001e5d555f,2023-06-23T22:02:47Z,2023-06-23,2023-06-23,The Guardian / Jacob Steinberg,Jacob Steinberg,Manchester United,Manchester United,Mason Mount,2022-23,in,in,unclear,0,,,,,,0.0,0.0,0.0,0.0,0.5752,0.5752,0.6104,0.84,0.588,0.48,0.3935,0.6,0.65,0.5,20,0.0,0,0.0,bid,report,1,1,0.6104,0.6104,0.5752,0.5752,Manchester United,in,,,,,,,,,none,0,0,0,
45233424a17ca58f,639d661671193265,2023-06-28T18:00:38Z,2023-06-28,2023-06-28,The Guardian / Jacob Steinberg,Jacob Steinberg,Manchester United,Manchester United,Mason Mount,2022-23,in,in,unclear,0,,,,,,0.0,0.0,0.0,0.0,0.6064,0.6064,0.6284,0.84,0.588,0.48,0.3935,0.72,0.65,0.5,20,0.0,0,0.0,advanced,report,1,1,0.6284,0.6284,0.6064,0.6064,Manchester United,in,,,,,,,,,none,0,0,0,
d2d87d7c16b59a2f,1123bf6ea3465183,2022-07-17T21:00:22Z,2022-07-17,2022-07-17,The Guardian / Fabrizio Romano,Fabrizio Romano,Juventus,Juventus,Matthijs de Ligt,2022-23,out,out,permanent,0,22.0,Centre-Back,70000000.0,67000000.0,,0.9571,3000000.0,0.6604,0.5838,0.8273,0.8273,0.8597,0.95,0.8428,0.7969,0.9128,0.82,0.65,0.95,22,1.06,0,0.8833,agreed,report,1,1,0.8597,0.8597,0.8273,0.8273,Juventus,out,Bayern Munich,Juventus,Juventus,seller,out,club,JUVE.MI,FTSEMIB.MI,direct,1,0,1,
32f4d355d862afd1,5528216ac13fd12d,2022-06-24T07:59:02Z,2022-06-24,2022-06-24,The Guardian / Barry Glendenning,Barry Glendenning,Juventus,Juventus,Matthijs de Ligt,2021-22,in,in,unclear,0,,,,,,0.0,0.0,0.0,0.0,0.593,0.593,0.655,0.84,0.742,0.7,0.371,0.48,0.45,0.5,2,0.0,0,0.0,linked,aggregate,1,1,0.655,0.655,0.593,0.593,Juventus,in,,,,,,,,,none,0,0,0,
94eef7f1484c684c,a901e54c7473e053,2022-07-05T07:59:59Z,2022-07-05,2022-07-05,The Guardian / Rob Smyth,Rob Smyth,Juventus,Juventus,Matthijs de Ligt,2022-23,out,out,permanent,0,22.0,Centre-Back,70000000.0,67000000.0,,0.9571,3000000.0,0.6604,0.5838,0.6874,0.6874,0.7702,0.84,0.8587,0.8667,0.8813,0.48,0.45,0.65,2,0.88,0,0.7333,linked,aggregate,1,1,0.7702,0.7702,0.6874,0.6874,Juventus,out,Bayern Munich,Juventus,Juventus,seller,out,club,JUVE.MI,FTSEMIB.MI,direct,1,0,1,
1eea70c6624c8808,a243ac36ed0d0695,2022-07-15T07:30:52Z,2022-07-15,2022-07-15,The Guardian / Will Unwin,Will Unwin,Juventus,Juventus,Matthijs de Ligt,2022-23,out,out,permanent,0,22.0,Centre-Back,70000000.0,67000000.0,,0.9571,3000000.0,0.6604,0.5838,0.6515,0.6515,0.7137,0.84,0.742,0.7,0.783,0.48,0.45,0.85,22,0.78,0,0.65,linked,aggregate,1,1,0.7137,0.7137,0.6515,0.6515,Juventus,out,Bayern Munich,Juventus,Juventus,seller,out,club,JUVE.MI,FTSEMIB.MI,direct,1,0,1,
53b9560d2cfbd9fa,9573e28e8ad33ba9,2024-07-17T15:34:43Z,2024-07-17,2024-07-17,The Guardian / Jamie Jackson,Jamie Jackson,Manchester United,Manchester United,Leny Yoro,2024-25,in,in,permanent,0,18.0,Centre-Back,50000000.0,62000000.0,,1.24,-12000000.0,0.571,0.3855,0.7628,0.7628,0.7483,0.84,0.6842,0.6174,0.6295,0.9,0.65,0.95,36,1.06,0,0.8833,medical,report,1,1,0.7483,0.7483,0.7628,0.7628,Manchester United,in,Manchester United,Lille,Manchester United,buyer,in,club,MANU,^GSPC,direct,1,1,0,
685a5b86ca7d7860,c3e7b12db2895036,2024-07-16T16:23:00Z,2024-07-16,2024-07-16,The Guardian / Jamie Jackson,Jamie Jackson,Manchester United,Manchester United,Leny Yoro,2024-25,in,in,permanent,0,18.0,Centre-Back,50000000.0,62000000.0,,1.24,-12000000.0,0.571,0.3855,0.742,0.742,0.7363,0.84,0.6842,0.6174,0.6295,0.82,0.65,0.95,36,0.98,0,0.8167,agreed,report,1,1,0.7363,0.7363,0.742,0.742,Manchester United,in,Manchester United,Lille,Manchester United,buyer,in,club,MANU,^GSPC,direct,1,1,0,
28a39dc7920c167e,af4856ec456a6c62,2022-06-13T09:30:02Z,2022-06-13,2022-06-13,The Guardian / Guardian sport,Guardian sport,Borussia Dortmund,Borussia Dortmund,Erling Haaland,2021-22,in,in,unclear,0,,,,,,0.0,0.0,0.0,0.0,0.6321,0.6321,0.7052,0.84,0.7945,0.775,0.6382,0.4,0.65,0.5,6,0.0,0,0.0,unclear,report,1,1,0.7052,0.7052,0.6321,0.6321,Borussia Dortmund,in,,,,,,,,,none,0,0,0,
7893dc974f82de0c,b71862ba38864d92,2022-06-16T10:25:30Z,2022-06-16,2022-06-16,The Guardian / Fabrizio Romano and Will Unwin,Fabrizio Romano and Will Unwin,Borussia Dortmund,Borussia Dortmund,Erling Haaland,2021-22,in,in,unclear,0,,,,,,0.0,0.0,0.0,0.0,0.7726,0.7726,0.7981,0.95,0.8392,0.7917,0.4196,0.9,0.65,0.5,2,0.0,0,0.0,medical,report,1,1,0.7981,0.7981,0.7726,0.7726,Borussia Dortmund,in,,,,,,,,,none,0,0,0,
1b04ffafe12aa3eb,aaf512c417a0f578,2022-06-20T07:37:36Z,2022-06-20,2022-06-20,The Guardian / Will Unwin,Will Unwin,Borussia Dortmund,Borussia Dortmund,Erling Haaland,2021-22,unclear,unclear,unclear,0,,,,,,0.0,0.0,0.0,0.0,0.593,0.593,0.655,0.84,0.742,0.7,0.371,0.48,0.45,0.5,22,0.0,0,0.0,linked,aggregate,1,1,0.655,0.655,0.593,0.593,Borussia Dortmund,unclear,,,,,,,,,none,0,0,0,
f375c479219f4b0c,5912d43b652ad641,2022-06-17T07:51:54Z,2022-06-17,2022-06-17,The Guardian / Luke McLaughlin,Luke McLaughlin,Borussia Dortmund,Borussia Dortmund,Erling Haaland,2021-22,in,in,unclear,0,,,,,,0.0,0.0,0.0,0.0,0.593,0.593,0.655,0.84,0.742,0.7,0.371,0.48,0.45,0.5,2,0.0,0,0.0,linked,aggregate,1,1,0.655,0.655,0.593,0.593,Borussia Dortmund,in,,,,,,,,,none,0,0,0,
dc105d741a19e1d1,5831f33fb0fb851e,2024-08-12T15:15:47Z,2024-08-12,2024-08-12,The Guardian / Ed Aarons,Ed Aarons,Juventus,Juventus,Teun Koopmeiners,2024-25,in,in,permanent,0,26.0,Attacking Midfield,50000000.0,58400000.0,,1.168,-8400000.0,0.6872,0.5103,0.6687,0.6687,0.7272,0.84,0.7342,0.6889,0.8511,0.55,0.65,0.65,8,0.96,0,0.8,talks,report,1,1,0.7272,0.7272,0.6687,0.6687,Juventus,in,Juventus,Atalanta,Juventus,buyer,in,club,JUVE.MI,FTSEMIB.MI,direct,1,1,0,
a78cffc9eaf16254,ead7bc12e09d11c4,2024-08-20T08:55:01Z,2024-08-20,2024-08-20,The Guardian / Daniel Harris,Daniel Harris,Juventus,Juventus,Teun Koopmeiners,2024-25,in,in,permanent,0,26.0,Attacking Midfield,50000000.0,58400000.0,,1.168,-8400000.0,0.6872,0.5103,0.6887,0.6887,0.7734,0.84,0.8587,0.8667,0.9133,0.48,0.45,0.65,2,0.96,0,0.8,linked,aggregate,1,1,0.7734,0.7734,0.6887,0.6887,Juventus,in,Juventus,Atalanta,Juventus,buyer,in,club,JUVE.MI,FTSEMIB.MI,direct,1,1,0,
f08083d204388653,d7689fd3bcdfb3f8,2022-07-27T12:26:33Z,2022-07-27,2022-07-27,The Guardian / Guardian sport,Guardian sport,Manchester United,Manchester United,Lisandro Martínez,2022-23,in,in,permanent,0,24.0,Centre-Back,32000000.0,57370000.0,,1.7928,-25370000.0,0.5966,0.4983,0.6974,0.6974,0.756,0.84,0.7945,0.775,0.9213,0.4,0.65,0.95,6,1.06,0,0.8833,unclear,report,1,1,0.756,0.756,0.6974,0.6974,Manchester United,in,Manchester United,Ajax,Manchester United,buyer,in,club,MANU,^GSPC,direct,2,1,1,
f08083d204388653,d7689fd3bcdfb3f8,2022-07-27T12:26:33Z,2022-07-27,2022-07-27,The Guardian / Guardian sport,Guardian sport,Ajax NV,Manchester United,Lisandro Martínez,2022-23,out,in,permanent,0,24.0,Centre-Back,32000000.0,57370000.0,,1.7928,-25370000.0,0.8484,0.8031,0.6974,0.6974,0.756,0.84,0.7945,0.775,0.9213,0.4,0.65,0.95,6,1.06,0,0.8833,unclear,report,1,1,0.756,0.756,0.6974,0.6974,Manchester United,in,Manchester United,Ajax,Ajax NV,seller,out,club,AJAX.AS,^AEX,direct,2,1,1,
619d555494b4ef48,9b86e63b7355d8cf,2022-07-16T11:51:47Z,2022-07-16,2022-07-16,The Guardian / Jamie Jackson in Melbourne,Jamie Jackson in Melbourne,Manchester United,Manchester United,Lisandro Martínez,2022-23,in,in,permanent,0,24.0,Centre-Back,32000000.0,57370000.0,,1.7928,-25370000.0,0.5966,0.4983,0.6996,0.6996,0.7811,0.84,0.872,0.8857,0.9451,0.4,0.65,0.65,4,1.04,0,0.8667,unclear,report,1,1,0.7811,0.7811,0.6996,0.6996,Manchester United,in,Manchester United,Ajax,Manchester United,buyer,in,club,MANU,^GSPC,direct,2,1,1,
619d555494b4ef48,9b86e63b7355d8cf,2022-07-16T11:51:47Z,2022-07-16,2022-07-16,The Guardian / Jamie Jackson in Melbourne,Jamie Jackson in Melbourne,Ajax NV,Manchester United,Lisandro Martínez,2022-23,out,in,permanent,0,24.0,Centre-Back,32000000.0,57370000.0,,1.7928,-25370000.0,0.8484,0.8031,0.6996,0.6996,0.7811,0.84,0.872,0.8857,0.9451,0.4,0.65,0.65,4,1.04,0,0.8667,unclear,report,1,1,0.7811,0.7811,0.6996,0.6996,Manchester United,in,Manchester United,Ajax,Ajax NV,seller,out,club,AJAX.AS,^AEX,direct,2,1,1,
dffeef6212f119e3,1135b61a28a709f4,2022-07-17T14:00:39Z,2022-07-17,2022-07-17,The Guardian / Jamie Jackson in Melbourne,Jamie Jackson in Melbourne,Manchester United,Manchester United,Lisandro Martínez,2022-23,in,in,permanent,0,24.0,Centre-Back,32000000.0,57370000.0,,1.7928,-25370000.0,0.5966,0.4983,0.8088,0.8088,0.8441,0.84,0.872,0.8857,0.9451,0.82,0.65,0.65,4,0.96,0,0.8,agreed,report,1,1,0.8441,0.8441,0.8088,0.8088,Manchester United,in,Manchester United,Ajax,Manchester United,buyer,in,club,MANU,^GSPC,direct,2,1,1,
dffeef6212f119e3,1135b61a28a709f4,2022-07-17T14:00:39Z,2022-07-17,2022-07-17,The Guardian / Jamie Jackson in Melbourne,Jamie Jackson in Melbourne,Ajax NV,Manchester United,Lisandro Martínez,2022-23,out,in,permanent,0,24.0,Centre-Back,32000000.0,57370000.0,,1.7928,-25370000.0,0.8484,0.8031,0.8088,0.8088,0.8441,0.84,0.872,0.8857,0.9451,0.82,0.65,0.65,4,0.96,0,0.8,agreed,report,1,1,0.8441,0.8441,0.8088,0.8088,Manchester United,in,Manchester United,Ajax,Ajax NV,seller,out,club,AJAX.AS,^AEX,direct,2,1,1,
b54325c85c0381c4,d6049d352e5fd6d6,2025-06-24T16:15:42Z,2025-06-24,2025-06-24,The Guardian / Jacob Steinberg in Philadelphia,Jacob Steinberg in Philadelphia,Borussia Dortmund,Borussia Dortmund,Jamie Gittens,2024-25,out,out,unclear,0,,,,,,0.0,0.0,0.0,0.0,0.7054,0.7054,0.716,0.84,0.742,0.7,0.371,0.82,0.65,0.5,2,0.0,0,0.0,agreed,report,1,1,0.716,0.716,0.7054,0.7054,Borussia Dortmund,out,,,,,,,,,none,0,0,0,
30209a8ee051d8dc,725ac49b3878fa53,2025-06-28T18:44:16Z,2025-06-28,2025-06-28,The Guardian / Jacob Steinberg and Ed Aarons,Jacob Steinberg and Ed Aarons,Borussia Dortmund,Borussia Dortmund,Jamie Gittens,2024-25,in,in,unclear,0,,,,,,0.0,0.0,0.0,0.0,0.5962,0.5962,0.653,0.84,0.742,0.7,0.371,0.4,0.65,0.5,2,0.0,0,0.0,unclear,report,1,1,0.653,0.653,0.5962,0.5962,Borussia Dortmund,in,,,,,,,,,none,0,0,0,
2d2c86e40404269e,f976a701012bb1c7,2025-07-05T20:30:33Z,2025-07-05,2025-07-05,The Guardian / Jacob Steinberg and Ben Fisher,Jacob Steinberg and Ben Fisher,Borussia Dortmund,Borussia Dortmund,Jamie Gittens,2025-26,out,out,permanent,0,20.0,Left Winger,50000000.0,56000000.0,,1.12,-6000000.0,0.697,0.6265,0.7263,0.7263,0.7824,0.84,0.8587,0.8667,0.8733,0.4,0.65,0.95,2,0.86,0,0.7167,unclear,report,1,1,0.7824,0.7824,0.7263,0.7263,Borussia Dortmund,out,Chelsea,Borussia Dortmund,Borussia Dortmund,seller,out,club,BVB.DE,^GDAXI,direct,1,0,1,
4ee9be268104a850,e64c3f9eba01f56b,2025-06-10T13:53:48Z,2025-06-10,2025-06-10,The Guardian / Jacob Steinberg,Jacob Steinberg,Borussia Dortmund,Borussia Dortmund,Jamie Gittens,2024-25,in,in,unclear,0,,,,,,0.0,0.0,0.0,0.0,0.5756,0.5756,0.6116,0.84,0.588,0.48,0.4048,0.6,0.65,0.5,20,0.0,0,0.0,bid,report,1,1,0.6116,0.6116,0.5756,0.5756,Borussia Dortmund,in,,,,,,,,,none,0,0,0,
a4c009d9bebd953b,4e6cdc5ccdca36a7,2025-07-09T15:09:05Z,2025-07-09,2025-07-09,The Guardian / Jacob Steinberg,Jacob Steinberg,Borussia Dortmund,Borussia Dortmund,Jamie Gittens,2025-26,out,out,permanent,0,20.0,Left Winger,50000000.0,56000000.0,,1.12,-6000000.0,0.697,0.6265,0.6508,0.6508,0.6521,0.84,0.588,0.48,0.4048,0.82,0.45,0.85,20,0.82,0,0.6833,agreed,aggregate,1,1,0.6521,0.6521,0.6508,0.6508,Borussia Dortmund,out,Chelsea,Borussia Dortmund,Borussia Dortmund,seller,out,club,BVB.DE,^GDAXI,direct,1,0,1,
9d08e05c20209268,6829edea5cb15bef,2024-06-30T13:10:57Z,2024-06-30,2024-06-30,The Guardian / Ben Fisher,Ben Fisher,Juventus,Juventus,Douglas Luiz,2023-24,in,in,unclear,0,,,,,,0.0,0.0,0.0,0.0,0.5962,0.5962,0.653,0.84,0.742,0.7,0.371,0.4,0.65,0.5,2,0.0,0,0.0,unclear,report,1,1,0.653,0.653,0.5962,0.5962,Juventus,in,,,,,,,,,none,0,0,0,
1c3c01ebd26f2635,3b62b4aaca3f0de7,2024-06-25T09:13:41Z,2024-06-25,2024-06-25,The Guardian / Tom Garry,Tom Garry,Juventus,Juventus,Douglas Luiz,2023-24,in,in,unclear,0,,,,,,0.0,0.0,0.0,0.0,0.6411,0.6411,0.7037,0.84,0.772,0.7429,0.6126,0.48,0.65,0.5,4,0.0,0,0.0,linked,report,1,1,0.7037,0.7037,0.6411,0.6411,Juventus,in,,,,,,,,,none,0,0,0,
07887cb1ff8095e0,30b706ed9692f630,2024-07-02T13:01:17Z,2024-07-02,2024-07-02,The Guardian / Tom Garry,Tom Garry,Juventus,Juventus,Douglas Luiz,2024-25,in,in,permanent,0,26.0,Central Midfield,70000000.0,51500000.0,,0.7357,18500000.0,0.7845,0.6832,0.6503,0.6503,0.7042,0.84,0.772,0.7429,0.6126,0.4,0.45,0.95,4,0.98,0,0.8167,unclear,aggregate,1,1,0.7042,0.7042,0.6503,0.6503,Juventus,in,Juventus,Aston Villa,Juventus,buyer,in,club,JUVE.MI,FTSEMIB.MI,direct,1,1,0,
f418706d3d6550a5,ded2a930c148c407,2024-06-22T15:33:52Z,2024-06-22,2024-06-22,The Guardian / Ed Aarons and Jacob Steinberg,Ed Aarons and Jacob Steinberg,Juventus,Juventus,Douglas Luiz,2023-24,in,in,unclear,0,,,,,,0.0,0.0,0.0,0.0,0.6554,0.6554,0.691,0.84,0.742,0.7,0.371,0.72,0.45,0.5,2,0.0,0,0.0,advanced,aggregate,1,1,0.691,0.691,0.6554,0.6554,Juventus,in,,,,,,,,,none,0,0,0,
0140e645598c2550,162c6adab48e40c0,2022-07-12T14:08:39Z,2022-07-12,2022-07-12,The Guardian / Jacob Steinberg and Ed Aarons in Los Angeles,Jacob Steinberg and Ed Aarons in Los Angeles,Juventus,Juventus,Bremer,2022-23,in,in,permanent,0,25.0,Centre-Back,35000000.0,51300000.0,,1.4657,-16300000.0,0.6452,0.5059,0.8017,0.8017,0.836,0.84,0.8587,0.8667,0.9293,0.82,0.65,0.65,2,1.0,0,0.8333,agreed,report,1,1,0.836,0.836,0.8017,0.8017,Juventus,in,Juventus,Torino,Juventus,buyer,in,club,JUVE.MI,FTSEMIB.MI,direct,1,1,0,
0b5aeacafb064ba4,002008400a0a9e56,2022-07-06T09:14:46Z,2022-07-06,2022-07-06,The Guardian / Fabrizio Romano,Fabrizio Romano,Juventus,Juventus,Bremer,2022-23,in,in,permanent,0,25.0,Centre-Back,35000000.0,51300000.0,,1.4657,-16300000.0,0.6452,0.5059,0.7913,0.7913,0.8447,0.95,0.8428,0.7969,0.9128,0.82,0.65,0.65,22,0.96,0,0.8,agreed,report,1,1,0.8447,0.8447,0.7913,0.7913,Juventus,in,Juventus,Torino,Juventus,buyer,in,club,JUVE.MI,FTSEMIB.MI,direct,1,1,0,
d1686d8ff6f29737,07f96e236db0ca0f,2023-07-18T19:00:27Z,2023-07-18,2023-07-18,The Guardian / Jamie Jackson,Jamie Jackson,Manchester United,Manchester United,André Onana,2023-24,in,in,permanent,0,27.0,Goalkeeper,35000000.0,50200000.0,,1.4343,-15200000.0,0.6023,0.4511,0.6328,0.6328,0.6733,0.84,0.6842,0.6174,0.6295,0.4,0.65,0.95,36,0.98,0,0.8167,unclear,report,1,1,0.6733,0.6733,0.6328,0.6328,Manchester United,in,Manchester United,Inter,Manchester United,buyer,in,club,MANU,^GSPC,direct,1,1,0,
8a2031af34ac75c5,176a3867b2a5ea2b,2023-07-20T18:01:24Z,2023-07-20,2023-07-20,The Guardian / Jamie Jackson in New York,Jamie Jackson in New York,Manchester United,Manchester United,André Onana,2023-24,in,in,permanent,0,27.0,Goalkeeper,35000000.0,50200000.0,,1.4343,-15200000.0,0.6023,0.4511,0.7282,0.7282,0.7872,0.84,0.8587,0.8667,0.9213,0.4,0.65,0.95,2,0.98,0,0.8167,unclear,report,1,1,0.7872,0.7872,0.7282,0.7282,Manchester United,in,Manchester United,Inter,Manchester United,buyer,in,club,MANU,^GSPC,direct,1,1,0,
bec88da49864885e,1d5c3a290f11f637,2024-08-25T15:24:54Z,2024-08-25,2024-08-25,The Guardian / Jamie Jackson,Jamie Jackson,Manchester United,Manchester United,Manuel Ugarte,2024-25,in,in,permanent,0,23.0,Defensive Midfield,45000000.0,50000000.0,,1.1111,-5000000.0,0.725,0.5575,0.73,0.73,0.7313,0.84,0.6842,0.6174,0.6295,0.82,0.65,0.85,36,0.82,0,0.6833,agreed,report,1,1,0.7313,0.7313,0.73,0.73,Manchester United,in,Manchester United,PSG,Manchester United,buyer,in,club,MANU,^GSPC,direct,1,1,0,
d785dccd22fd7b05,5c62588871bd98f9,2024-08-19T15:36:53Z,2024-08-19,2024-08-19,The Guardian / Jamie Jackson,Jamie Jackson,Manchester United,Manchester United,Manuel Ugarte,2024-25,in,in,permanent,0,23.0,Defensive Midfield,45000000.0,50000000.0,,1.1111,-5000000.0,0.725,0.5575,0.5968,0.5968,0.6583,0.84,0.6842,0.6174,0.6295,0.4,0.65,0.65,36,1.04,0,0.8667,unclear,report,1,1,0.6583,0.6583,0.5968,0.5968,Manchester United,in,Manchester United,PSG,Manchester United,buyer,in,club,MANU,^GSPC,direct,1,1,0,
5da73c643e684e11,ed7f017dc179166f,2025-08-27T17:58:27Z,2025-08-27,2025-08-27,The Guardian / Jacob Steinberg,Jacob Steinberg,Manchester United,Manchester United,Alejandro Garnacho,2025-26,out,out,permanent,0,21.0,Left Winger,45000000.0,46200000.0,,1.0267,-1200000.0,0.676,0.602,0.6604,0.6604,0.6509,0.84,0.588,0.48,0.3935,0.72,0.65,0.95,20,0.86,0,0.7167,advanced,report,1,1,0.6509,0.6509,0.6604,0.6604,Manchester United,out,Chelsea,Manchester United,Manchester United,seller,out,club,MANU,^GSPC,direct,1,0,1,
766693d7c9d31fb3,b1d8510f640a921c,2025-08-28T19:34:33Z,2025-08-28,2025-08-28,"The Guardian / Jamie Jackson, Jacob Steinberg and David Hytner","Jamie Jackson, Jacob Steinberg and David Hytner",Manchester United,Manchester United,Alejandro Garnacho,2025-26,out,out,permanent,0,21.0,Left Winger,45000000.0,46200000.0,,1.0267,-1200000.0,0.676,0.602,0.7295,0.7295,0.7904,0.84,0.8587,0.8667,0.9533,0.4,0.65,0.95,2,1.06,0,0.8833,unclear,report,1,1,0.7904,0.7904,0.7295,0.7295,Manchester United,out,Chelsea,Manchester United,Manchester United,seller,out,club,MANU,^GSPC,direct,1,0,1,
46e8f6a96ba2cbf1,84934a4720c05ee9,2025-08-06T13:10:23Z,2025-08-06,2025-08-06,The Guardian / Ed Aarons,Ed Aarons,Manchester United,Manchester United,Alejandro Garnacho,2025-26,out,out,permanent,0,21.0,Left Winger,45000000.0,46200000.0,,1.0267,-1200000.0,0.676,0.602,0.6193,0.6193,0.6789,0.84,0.7342,0.6889,0.5924,0.4,0.65,0.65,8,0.96,0,0.8,unclear,report,1,1,0.6789,0.6789,0.6193,0.6193,Manchester United,out,Chelsea,Manchester United,Manchester United,seller,out,club,MANU,^GSPC,direct,1,0,1,
b4687d21eccbb9d8,d1880ec202b4398b,2022-06-15T08:29:08Z,2022-06-15,2022-06-15,The Guardian / Fabrizio Romano,Fabrizio Romano,Juventus,Juventus,Federico Chiesa,2021-22,out,out,permanent,0,24.0,Right Winger,65000000.0,0.0,,0.0,65000000.0,0.445,0.4825,0.7913,0.7913,0.8447,0.95,0.8428,0.7969,0.9128,0.82,0.65,0.65,22,0.76,0,0.6333,agreed,report,1,1,0.8447,0.8447,0.7913,0.7913,Juventus,out,Fiorentina,Juventus,Juventus,seller,out,club,JUVE.MI,FTSEMIB.MI,direct,1,0,1,
ce8797214f2ba485,cf4d1389c62da96c,2022-06-30T08:35:55Z,2022-06-30,2022-06-30,The Guardian / Fabrizio Romano and Andy Hunter,Fabrizio Romano and Andy Hunter,Juventus,Juventus,Federico Chiesa,2021-22,out,out,permanent,0,24.0,Right Winger,65000000.0,0.0,,0.0,65000000.0,0.445,0.4825,0.9444,0.9444,0.9443,0.95,0.9558,0.9583,0.8899,0.95,0.9,0.95,2,0.78,0,0.65,official,official,1,1,0.9443,0.9443,0.9444,0.9444,Juventus,out,Fiorentina,Juventus,Juventus,seller,out,club,JUVE.MI,FTSEMIB.MI,direct,1,0,1,
6ef067197b7eede1,89c8fcfe3ef55293,2024-07-14T15:00:54Z,2024-07-14,2024-07-14,The Guardian / Will Unwin,Will Unwin,Manchester United,Manchester United,Joshua Zirkzee,2024-25,in,in,permanent,0,23.0,Centre-Forward,50000000.0,42500000.0,,0.85,7500000.0,0.7837,0.6652,0.6633,0.6633,0.7083,0.84,0.742,0.7,0.6988,0.4,0.65,0.95,22,1.06,0,0.8833,unclear,report,1,1,0.7083,0.7083,0.6633,0.6633,Manchester United,in,Manchester United,Bologna,Manchester United,buyer,in,club,MANU,^GSPC,direct,1,1,0,
44cb9f305389a9df,4d1fc970e45cf2fb,2024-07-11T18:30:29Z,2024-07-11,2024-07-11,The Guardian / Jamie Jackson,Jamie Jackson,Manchester United,Manchester United,Joshua Zirkzee,2024-25,in,in,permanent,0,23.0,Centre-Forward,50000000.0,42500000.0,,0.85,7500000.0,0.7837,0.6652,0.6328,0.6328,0.6733,0.84,0.6842,0.6174,0.6295,0.4,0.65,0.95,36,0.98,0,0.8167,unclear,report,1,1,0.6733,0.6733,0.6328,0.6328,Manchester United,in,Manchester United,Bologna,Manchester United,buyer,in,club,MANU,^GSPC,direct,1,1,0,
f4ad1d3fc111e362,034d5fd9a51a5e34,2024-07-08T21:37:41Z,2024-07-08,2024-07-08,The Guardian / Jamie Jackson,Jamie Jackson,Manchester United,Manchester United,Joshua Zirkzee,2024-25,in,in,permanent,0,23.0,Centre-Forward,50000000.0,42500000.0,,0.85,7500000.0,0.7837,0.6652,0.73,0.73,0.7313,0.84,0.6842,0.6174,0.6295,0.82,0.65,0.85,36,0.98,0,0.8167,agreed,report,1,1,0.7313,0.7313,0.73,0.73,Manchester United,in,Manchester United,Bologna,Manchester United,buyer,in,club,MANU,^GSPC,direct,1,1,0,
12f32b687a430a65,d366317101b61354,20210618T170000Z,2021-06-18,2021-06-18,bundesliga.com,,Borussia Dortmund,Borussia Dortmund,Immanuel Pherai,2020-21,unclear,unclear,unclear,0,,,,,,0.0,0.0,0.0,0.0,0.4184,0.4184,0.4251,0.5,0.5,0.4167,0.1422,0.4,0.35,0.5,1,0.0,0,0.0,unclear,analysis,1,1,0.4251,0.4251,0.4184,0.4184,Borussia Dortmund,unclear,,,,,,,,,none,0,0,0,
713a5db00c5778de,15237a3435ac4a60,20210627T104500Z,2021-06-27,2021-06-27,derwesten.de,,Borussia Dortmund,Borussia Dortmund,Lukasz Piszczek,2020-21,unclear,unclear,unclear,0,,,,,,0.0,0.0,0.0,0.0,0.4252,0.4252,0.4192,0.5,0.5,0.3125,0.1422,0.4,0.65,0.5,3,0.0,0,0.0,unclear,report,1,1,0.4192,0.4192,0.4252,0.4252,Borussia Dortmund,unclear,,,,,,,,,none,0,0,0,
8be91ec32be8de34,31ba2d85ad2a7f75,20210617T014500Z,2021-06-17,2021-06-17,hitc.com,,Borussia Dortmund,Borussia Dortmund,Thomas Delaney,2021-22,out,out,permanent,0,29.0,Central Midfield,15000000.0,6000000.0,,0.4,9000000.0,0.585,0.5054,0.495,0.495,0.4709,0.5,0.5,0.5833,0.1422,0.4,0.65,0.45,1,0.63,0,0.525,unclear,report,1,1,0.4709,0.4709,0.495,0.495,Borussia Dortmund,out,Sevilla FC,Borussia Dortmund,Borussia Dortmund,seller,out,club,BVB.DE,^GDAXI,direct,1,0,1,
14dfe43b00f3fc8e,a164ff01e08d1297,20210626T160000Z,2021-06-26,2021-06-26,the-sun.com,,Manchester United,Manchester United,Sergio Romero,2020-21,unclear,unclear,unclear,0,,,,,,0.0,0.0,0.0,0.0,0.5024,0.5024,0.4852,0.5,0.5,0.4167,0.3691,0.55,0.65,0.5,1,0.0,0,0.0,talks,report,1,1,0.4852,0.4852,0.5024,0.5024,Manchester United,unclear,,,,,,,,,none,0,0,0,
d2663d045eef939b,6ebb2d42a655425f,2025-08-06T11:16:51Z,2025-08-06,2025-08-06,The Guardian / Will Unwin,Will Unwin,Manchester United,Manchester United,Benjamin Sesko,2025-26,in,in,permanent,0,22.0,Centre-Forward,70000000.0,76500000.0,,1.0929,-6500000.0,0.7041,0.5358,0.6783,0.6783,0.722,0.84,0.7752,0.7474,0.6747,0.4,0.65,0.95,28,1.06,0,0.8833,unclear,report,1,1,0.722,0.722,0.6783,0.6783,Manchester United,in,Manchester United,Leipzig,Manchester United,buyer,in,club,MANU,^GSPC,direct,1,1,0,
6a08f457d43e2ad5,bf9ddc18ba8d0cb0,2025-08-09T09:33:11Z,2025-08-09,2025-08-09,The Guardian / Andy Martin,Andy Martin,Manchester United,Manchester United,Benjamin Sesko,2025-26,in,in,permanent,0,22.0,Centre-Forward,70000000.0,76500000.0,,1.0929,-6500000.0,0.7041,0.5358,0.7295,0.7295,0.7904,0.84,0.8587,0.8667,0.9533,0.4,0.65,0.95,2,1.06,0,0.8833,unclear,report,1,1,0.7904,0.7904,0.7295,0.7295,Manchester United,in,Manchester United,Leipzig,Manchester United,buyer,in,club,MANU,^GSPC,direct,1,1,0,
183bc5d27d2f4360,297f744501e9d7ba,2025-08-07T14:38:46Z,2025-08-07,2025-08-07,The Guardian / Will Unwin,Will Unwin,Manchester United,Manchester United,Benjamin Sesko,2025-26,in,in,permanent,0,22.0,Centre-Forward,70000000.0,76500000.0,,1.0929,-6500000.0,0.7041,0.5358,0.8083,0.8083,0.797,0.84,0.7752,0.7474,0.6747,0.9,0.65,0.95,28,1.06,0,0.8833,medical,report,1,1,0.797,0.797,0.8083,0.8083,Manchester United,in,Manchester United,Leipzig,Manchester United,buyer,in,club,MANU,^GSPC,direct,1,1,0,
ea70a7fc70bde1a4,9ba1d7e82ada0653,2025-07-21T19:07:30Z,2025-07-21,2025-07-21,The Guardian / Will Unwin,Will Unwin,Manchester United,Manchester United,Bryan Mbeumo,2025-26,in,in,permanent,0,25.0,Right Winger,55000000.0,75000000.0,,1.3636,-20000000.0,0.6682,0.5174,0.6783,0.6783,0.722,0.84,0.7752,0.7474,0.6747,0.4,0.65,0.95,28,1.06,0,0.8833,unclear,report,1,1,0.722,0.722,0.6783,0.6783,Manchester United,in,Manchester United,Brentford,Manchester United,buyer,in,club,MANU,^GSPC,direct,1,1,0,
a18dbe230e1c1ca9,d1b29c446e884abd,2025-07-17T17:22:50Z,2025-07-17,2025-07-17,The Guardian / Will Unwin,Will Unwin,Manchester United,Manchester United,Bryan Mbeumo,2025-26,in,in,permanent,0,25.0,Right Winger,55000000.0,75000000.0,,1.3636,-20000000.0,0.6682,0.5174,0.7183,0.7183,0.747,0.84,0.7752,0.7474,0.6747,0.6,0.65,0.85,28,1.06,0,0.8833,bid,report,1,1,0.747,0.747,0.7183,0.7183,Manchester United,in,Manchester United,Brentford,Manchester United,buyer,in,club,MANU,^GSPC,direct,1,1,0,
9e1d8f58d89906ee,185adc6a1e646b69,2025-06-25T12:30:29Z,2025-06-25,2025-06-25,The Guardian / Jamie Jackson,Jamie Jackson,Manchester United,Manchester United,Bryan Mbeumo,2024-25,in,in,unclear,0,,,,,,0.0,0.0,0.0,0.0,0.6666,0.6666,0.694,0.84,0.707,0.65,0.4708,0.72,0.65,0.5,6,0.0,0,0.0,advanced,report,1,1,0.694,0.694,0.6666,0.6666,Manchester United,in,,,,,,,,,none,0,0,0,
94393adb6326ac0d,b8ce35470529c823,2025-07-18T12:09:58Z,2025-07-18,2025-07-18,The Guardian / Will Unwin,Will Unwin,Manchester United,Manchester United,Bryan Mbeumo,2025-26,in,in,permanent,0,25.0,Right Winger,55000000.0,75000000.0,,1.3636,-20000000.0,0.6682,0.5174,0.7875,0.7875,0.785,0.84,0.7752,0.7474,0.6747,0.82,0.65,0.95,28,1.06,0,0.8833,agreed,report,1,1,0.785,0.785,0.7875,0.7875,Manchester United,in,Manchester United,Brentford,Manchester United,buyer,in,club,MANU,^GSPC,direct,1,1,0,
332cef53bad3a259,7839f1e366b30290,2025-06-23T21:24:03Z,2025-06-23,2025-06-23,The Guardian / Jamie Jackson and Jacob Steinberg,Jamie Jackson and Jacob Steinberg,Manchester United,Manchester United,Bryan Mbeumo,2024-25,in,in,unclear,0,,,,,,0.0,0.0,0.0,0.0,0.6482,0.6482,0.683,0.84,0.742,0.7,0.371,0.6,0.65,0.5,2,0.0,0,0.0,bid,report,1,1,0.683,0.683,0.6482,0.6482,Manchester United,in,,,,,,,,,none,0,0,0,
2b98f089c497a496,2f20309697e90ebf,2025-06-01T13:28:35Z,2025-06-01,2025-06-01,The Guardian / Will Unwin,Will Unwin,Manchester United,Manchester United,Matheus Cunha,2024-25,in,in,unclear,0,,,,,,0.0,0.0,0.0,0.0,0.7973,0.7973,0.7945,0.84,0.7752,0.7474,0.6747,0.95,0.9,0.5,28,0.0,0,0.0,official,official,1,1,0.7945,0.7945,0.7973,0.7973,Manchester United,in,,,,,,,,,none,0,0,0,
119e338ebe7ac354,68ef3339a0b65707,2025-06-08T07:02:32Z,2025-06-08,2025-06-08,The Guardian / Jonathan Liew,Jonathan Liew,Manchester United,Manchester United,Matheus Cunha,2024-25,in,in,unclear,0,,,,,,0.0,0.0,0.0,0.0,0.5602,0.5602,0.638,0.84,0.742,0.7,0.371,0.4,0.35,0.5,2,0.0,0,0.0,unclear,analysis,1,1,0.638,0.638,0.5602,0.5602,Manchester United,in,,,,,,,,,none,0,0,0,
b54325c85c0381c4,d6049d352e5fd6d6,2025-06-24T16:15:42Z,2025-06-24,2025-06-24,The Guardian / Jacob Steinberg in Philadelphia,Jacob Steinberg in Philadelphia,Borussia Dortmund,Borussia Dortmund,Jamie Gittens,2024-25,out,out,unclear,0,,,,,,0.0,0.0,0.0,0.0,0.7054,0.7054,0.716,0.84,0.742,0.7,0.371,0.82,0.65,0.5,2,0.0,0,0.0,agreed,report,1,1,0.716,0.716,0.7054,0.7054,Borussia Dortmund,out,,,,,,,,,none,0,0,0,
30209a8ee051d8dc,725ac49b3878fa53,2025-06-28T18:44:16Z,2025-06-28,2025-06-28,The Guardian / Jacob Steinberg and Ed Aarons,Jacob Steinberg and Ed Aarons,Borussia Dortmund,Borussia Dortmund,Jamie Gittens,2024-25,in,in,unclear,0,,,,,,0.0,0.0,0.0,0.0,0.6112,0.6112,0.6691,0.84,0.772,0.7429,0.386,0.4,0.65,0.5,4,0.0,0,0.0,unclear,report,1,1,0.6691,0.6691,0.6112,0.6112,Borussia Dortmund,in,,,,,,,,,none,0,0,0,
2d2c86e40404269e,f976a701012bb1c7,2025-07-05T20:30:33Z,2025-07-05,2025-07-05,The Guardian / Jacob Steinberg and Ben Fisher,Jacob Steinberg and Ben Fisher,Borussia Dortmund,Borussia Dortmund,Jamie Gittens,2025-26,out,out,permanent,0,20.0,Left Winger,50000000.0,56000000.0,,1.12,-6000000.0,0.697,0.6265,0.7329,0.7329,0.7895,0.84,0.872,0.8857,0.88,0.4,0.65,0.95,4,0.86,0,0.7167,unclear,report,1,1,0.7895,0.7895,0.7329,0.7329,Borussia Dortmund,out,Chelsea,Borussia Dortmund,Borussia Dortmund,seller,out,club,BVB.DE,^GDAXI,direct,1,0,1,
4ee9be268104a850,e64c3f9eba01f56b,2025-06-10T13:53:48Z,2025-06-10,2025-06-10,The Guardian / Jacob Steinberg,Jacob Steinberg,Borussia Dortmund,Borussia Dortmund,Jamie Gittens,2024-25,in,in,unclear,0,,,,,,0.0,0.0,0.0,0.0,0.693,0.693,0.7451,0.84,0.812,0.8,0.6518,0.6,0.65,0.5,18,0.0,0,0.0,bid,report,1,1,0.7451,0.7451,0.693,0.693,Borussia Dortmund,in,,,,,,,,,none,0,0,0,
a4c009d9bebd953b,4e6cdc5ccdca36a7,2025-07-09T15:09:05Z,2025-07-09,2025-07-09,The Guardian / Jacob Steinberg,Jacob Steinberg,Borussia Dortmund,Borussia Dortmund,Jamie Gittens,2025-26,out,out,permanent,0,20.0,Left Winger,50000000.0,56000000.0,,1.12,-6000000.0,0.697,0.6265,0.7682,0.7682,0.7856,0.84,0.812,0.8,0.6518,0.82,0.45,0.85,18,0.82,0,0.6833,agreed,aggregate,1,1,0.7856,0.7856,0.7682,0.7682,Borussia Dortmund,out,Chelsea,Borussia Dortmund,Borussia Dortmund,seller,out,club,BVB.DE,^GDAXI,direct,1,0,1,
5da73c643e684e11,ed7f017dc179166f,2025-08-27T17:58:27Z,2025-08-27,2025-08-27,The Guardian / Jacob Steinberg,Jacob Steinberg,Manchester United,Manchester United,Alejandro Garnacho,2025-26,out,out,permanent,0,21.0,Left Winger,45000000.0,46200000.0,,1.0267,-1200000.0,0.676,0.602,0.7862,0.7862,0.8054,0.84,0.812,0.8,0.85,0.72,0.65,0.95,18,0.86,0,0.7167,advanced,report,1,1,0.8054,0.8054,0.7862,0.7862,Manchester United,out,Chelsea,Manchester United,Manchester United,seller,out,club,MANU,^GSPC,direct,1,0,1,
766693d7c9d31fb3,b1d8510f640a921c,2025-08-28T19:34:33Z,2025-08-28,2025-08-28,"The Guardian / Jamie Jackson, Jacob Steinberg and David Hytner","Jamie Jackson, Jacob Steinberg and David Hytner",Manchester United,Manchester United,Alejandro Garnacho,2025-26,out,out,permanent,0,21.0,Left Winger,45000000.0,46200000.0,,1.0267,-1200000.0,0.676,0.602,0.7295,0.7295,0.7904,0.84,0.8587,0.8667,0.9533,0.4,0.65,0.95,2,1.06,0,0.8833,unclear,report,1,1,0.7904,0.7904,0.7295,0.7295,Manchester United,out,Chelsea,Manchester United,Manchester United,seller,out,club,MANU,^GSPC,direct,1,0,1,
46e8f6a96ba2cbf1,84934a4720c05ee9,2025-08-06T13:10:23Z,2025-08-06,2025-08-06,The Guardian / Ed Aarons,Ed Aarons,Manchester United,Manchester United,Alejandro Garnacho,2025-26,out,out,permanent,0,21.0,Left Winger,45000000.0,46200000.0,,1.0267,-1200000.0,0.676,0.602,0.6495,0.6495,0.7259,0.84,0.7738,0.7455,0.8709,0.4,0.65,0.65,12,0.96,0,0.8,unclear,report,1,1,0.7259,0.7259,0.6495,0.6495,Manchester United,out,Chelsea,Manchester United,Manchester United,seller,out,club,MANU,^GSPC,direct,1,0,1,
a2c01f85243dfb59,dcb48f2edd0674dd,2025-07-04T17:21:20Z,2025-07-04,2025-07-04,"The Guardian / Ed Aarons, Will Unwin and Jacob Steinberg","Ed Aarons, Will Unwin and Jacob Steinberg",Juventus,Juventus,Francisco Conceição,2025-26,in,in,permanent,0,22.0,Right Winger,28000000.0,32000000.0,,1.1429,-4000000.0,0.6929,0.5152,0.7771,0.7771,0.8244,0.84,0.8587,0.8667,0.9133,0.82,0.45,0.65,2,0.96,0,0.8,agreed,aggregate,1,1,0.8244,0.8244,0.7771,0.7771,Juventus,in,Juventus,Porto,Juventus,buyer,in,club,JUVE.MI,FTSEMIB.MI,direct,2,1,1,
a2c01f85243dfb59,dcb48f2edd0674dd,2025-07-04T17:21:20Z,2025-07-04,2025-07-04,"The Guardian / Ed Aarons, Will Unwin and Jacob Steinberg","Ed Aarons, Will Unwin and Jacob Steinberg",FC Porto SAD,Juventus,Francisco Conceição,2025-26,out,in,permanent,0,22.0,Right Winger,28000000.0,32000000.0,,1.1429,-4000000.0,0.7021,0.6325,0.7771,0.7771,0.8244,0.84,0.8587,0.8667,0.9133,0.82,0.45,0.65,2,0.96,0,0.8,agreed,aggregate,1,1,0.8244,0.8244,0.7771,0.7771,Juventus,in,Juventus,Porto,FC Porto SAD,seller,out,club,FCP.LS,PSI20.LS,direct,2,1,1,
50c771a4e0cf9c17,564d80c3439d4d33,2025-07-03T10:15:45Z,2025-07-03,2025-07-03,The Guardian / Tom Bassam,Tom Bassam,Juventus,Juventus,Francisco Conceição,2025-26,in,in,permanent,0,22.0,Right Winger,28000000.0,32000000.0,,1.1429,-4000000.0,0.6929,0.5152,0.6874,0.6874,0.7702,0.84,0.8587,0.8667,0.8813,0.48,0.45,0.65,2,0.88,0,0.7333,linked,aggregate,1,1,0.7702,0.7702,0.6874,0.6874,Juventus,in,Juventus,Porto,Juventus,buyer,in,club,JUVE.MI,FTSEMIB.MI,direct,2,1,1,
50c771a4e0cf9c17,564d80c3439d4d33,2025-07-03T10:15:45Z,2025-07-03,2025-07-03,The Guardian / Tom Bassam,Tom Bassam,FC Porto SAD,Juventus,Francisco Conceição,2025-26,out,in,permanent,0,22.0,Right Winger,28000000.0,32000000.0,,1.1429,-4000000.0,0.7021,0.6325,0.6874,0.6874,0.7702,0.84,0.8587,0.8667,0.8813,0.48,0.45,0.65,2,0.88,0,0.7333,linked,aggregate,1,1,0.7702,0.7702,0.6874,0.6874,Juventus,in,Juventus,Porto,FC Porto SAD,seller,out,club,FCP.LS,PSI20.LS,direct,2,1,1,
f1a9c8885c7ebe2e,83f842cabfc5e933,2025-07-18T08:44:19Z,2025-07-18,2025-07-18,The Guardian / Michael Butler,Michael Butler,Juventus,Juventus,Francisco Conceição,2025-26,in,in,permanent,0,22.0,Right Winger,28000000.0,32000000.0,,1.1429,-4000000.0,0.6929,0.5152,0.6697,0.6697,0.7378,0.84,0.772,0.7429,0.878,0.48,0.45,0.85,4,0.98,0,0.8167,linked,aggregate,1,1,0.7378,0.7378,0.6697,0.6697,Juventus,in,Juventus,Porto,Juventus,buyer,in,club,JUVE.MI,FTSEMIB.MI,direct,2,1,1,
f1a9c8885c7ebe2e,83f842cabfc5e933,2025-07-18T08:44:19Z,2025-07-18,2025-07-18,The Guardian / Michael Butler,Michael Butler,FC Porto SAD,Juventus,Francisco Conceição,2025-26,out,in,permanent,0,22.0,Right Winger,28000000.0,32000000.0,,1.1429,-4000000.0,0.7021,0.6325,0.6697,0.6697,0.7378,0.84,0.772,0.7429,0.878,0.48,0.45,0.85,4,0.98,0,0.8167,linked,aggregate,1,1,0.7378,0.7378,0.6697,0.6697,Juventus,in,Juventus,Porto,FC Porto SAD,seller,out,club,FCP.LS,PSI20.LS,direct,2,1,1,
5f145cb534345b3b,39d70279e1d8b09f,2025-06-03T09:00:12Z,2025-06-03,2025-06-03,The Guardian / Michael Butler,Michael Butler,Borussia Dortmund,Borussia Dortmund,Jobe Bellingham,2024-25,in,in,unclear,0,,,,,,0.0,0.0,0.0,0.0,0.6704,0.6704,0.7071,0.84,0.772,0.7429,0.386,0.72,0.45,0.5,4,0.0,0,0.0,advanced,aggregate,1,1,0.7071,0.7071,0.6704,0.6704,Borussia Dortmund,in,,,,,,,,,none,0,0,0,
2ce77f5f9daf3678,72819b22b0bba242,2025-06-08T19:54:53Z,2025-06-08,2025-06-08,The Guardian / Louise Taylor,Louise Taylor,Borussia Dortmund,Borussia Dortmund,Jobe Bellingham,2024-25,unclear,unclear,unclear,0,,,,,,0.0,0.0,0.0,0.0,0.5962,0.5962,0.653,0.84,0.742,0.7,0.371,0.4,0.65,0.5,2,0.0,0,0.0,unclear,report,1,1,0.653,0.653,0.5962,0.5962,Borussia Dortmund,unclear,,,,,,,,,none,0,0,0,
0db19ff93a55a3c7,c8d7337dbc4bc7eb,2025-06-13T16:12:03Z,2025-06-13,2025-06-13,The Guardian / Ed Aarons,Ed Aarons,Borussia Dortmund,Borussia Dortmund,Jobe Bellingham,2024-25,in,in,unclear,0,,,,,,0.0,0.0,0.0,0.0,0.6583,0.6583,0.7106,0.84,0.7738,0.7455,0.5673,0.55,0.65,0.5,12,0.0,0,0.0,talks,report,1,1,0.7106,0.7106,0.6583,0.6583,Borussia Dortmund,in,,,,,,,,,none,0,0,0,
c2d3dc9b7776143d,758a1f9c52eb0b1f,2026-01-02T21:16:00Z,2026-01-02,2026-01-02,The Guardian / Jacob Steinberg,Jacob Steinberg,Lazio,Lazio,Taty Castellanos,2025-26,out,out,permanent,0,27.0,Centre-Forward,25000000.0,29000000.0,,1.16,-4000000.0,0.706,0.6513,0.6968,0.6968,0.7421,0.84,0.812,0.8,0.6967,0.4,0.65,0.95,18,0.82,0,0.6833,unclear,report,1,1,0.7421,0.7421,0.6968,0.6968,Lazio,out,West Ham,Lazio,Lazio,seller,out,club,SSL.MI,FTSEMIB.MI,direct,1,0,1,
a2da2c370b36efc9,6661906740a3a9fd,2026-01-05T14:31:13Z,2026-01-05,2026-01-05,The Guardian / Jacob Steinberg,Jacob Steinberg,Lazio,Lazio,Taty Castellanos,2025-26,out,out,permanent,0,27.0,Centre-Forward,25000000.0,29000000.0,,1.16,-4000000.0,0.706,0.6513,0.7358,0.7358,0.7646,0.84,0.812,0.8,0.6967,0.55,0.65,0.95,18,0.78,0,0.65,talks,report,1,1,0.7646,0.7646,0.7358,0.7358,Lazio,out,West Ham,Lazio,Lazio,seller,out,club,SSL.MI,FTSEMIB.MI,direct,1,0,1,
77f3f6546e9802e9,e87ac6d89bf601c3,2026-01-02T09:38:06Z,2026-01-02,2026-01-02,The Guardian / Tom Davies,Tom Davies,Lazio,Lazio,Taty Castellanos,2025-26,out,out,permanent,0,27.0,Centre-Forward,25000000.0,29000000.0,,1.16,-4000000.0,0.706,0.6513,0.7304,0.7304,0.7931,0.84,0.872,0.8857,0.896,0.48,0.45,0.95,4,0.9,0,0.75,linked,aggregate,1,1,0.7931,0.7931,0.7304,0.7304,Lazio,out,West Ham,Lazio,Lazio,seller,out,club,SSL.MI,FTSEMIB.MI,direct,1,0,1,
4eeede49a90a517c,9cba918ce89bcd63,2026-01-06T07:25:06Z,2026-01-06,2026-01-06,The Guardian / Will Unwin,Will Unwin,Lazio,Lazio,Taty Castellanos,2025-26,out,out,permanent,0,27.0,Centre-Forward,25000000.0,29000000.0,,1.16,-4000000.0,0.706,0.6513,0.6782,0.6782,0.7318,0.84,0.7752,0.7474,0.7525,0.48,0.45,0.95,28,0.78,0,0.65,linked,aggregate,1,1,0.7318,0.7318,0.6782,0.6782,Lazio,out,West Ham,Lazio,Lazio,seller,out,club,SSL.MI,FTSEMIB.MI,direct,1,0,1,
4c5e4b358b5b3519,33e2c5cc59f3fe0a,2025-06-13T17:10:08Z,2025-06-13,2025-06-13,The Guardian / Andy Hunter and Agencies,Andy Hunter and Agencies,Juventus,Juventus,Nico González,2024-25,in,in,unclear,0,,,,,,0.0,0.0,0.0,0.0,0.6186,0.6186,0.7382,0.84,0.8587,0.8667,0.8813,0.4,0.45,0.25,2,0.88,0,0.7333,unclear,aggregate,1,1,0.7382,0.7382,0.6186,0.6186,Juventus,in,,,,,,,,,none,0,0,0,
c09f726e291120d6,329c9fa3403a9b9c,2026-01-01T00:01:23Z,2026-01-01,2026-01-01,The Guardian / Will Unwin,Will Unwin,Lazio,Lazio,Mattéo Guendouzi,2025-26,out,out,permanent,0,26.0,Central Midfield,28000000.0,28000000.0,,1.0,0.0,0.67,0.595,0.6974,0.6974,0.7448,0.84,0.7752,0.7474,0.7525,0.6,0.45,0.85,28,0.78,0,0.65,bid,aggregate,1,1,0.7448,0.7448,0.6974,0.6974,Lazio,out,Fenerbahçe,Lazio,Lazio,seller,out,club,SSL.MI,FTSEMIB.MI,direct,1,0,1,
c78b2a612c568041,83ae920e52f8d6a3,2025-12-22T15:12:02Z,2025-12-22,2025-12-22,The Guardian / Jacob Steinberg,Jacob Steinberg,Lazio,Lazio,Mattéo Guendouzi,2025-26,out,out,permanent,0,26.0,Central Midfield,28000000.0,28000000.0,,1.0,0.0,0.67,0.595,0.77,0.77,0.7901,0.84,0.812,0.8,0.6967,0.82,0.65,0.65,18,0.66,0,0.55,agreed,report,1,1,0.7901,0.7901,0.77,0.77,Lazio,out,Fenerbahçe,Lazio,Lazio,seller,out,club,SSL.MI,FTSEMIB.MI,direct,1,0,1,
6429fcc9426cb149,924f4ff1f58af699,2026-01-08T09:14:57Z,2026-01-08,2026-01-08,The Guardian / John Brewin,John Brewin,Lazio,Lazio,Mattéo Guendouzi,2025-26,out,out,permanent,0,26.0,Central Midfield,28000000.0,28000000.0,,1.0,0.0,0.67,0.595,0.6615,0.6615,0.7193,0.84,0.7342,0.6889,0.8271,0.48,0.45,0.95,8,0.9,0,0.75,linked,aggregate,1,1,0.7193,0.7193,0.6615,0.6615,Lazio,out,Fenerbahçe,Lazio,Lazio,seller,out,club,SSL.MI,FTSEMIB.MI,direct,1,0,1,
d62e93f07bd25333,4c5dbed9a054ad3d,2025-07-31T15:56:59Z,2025-07-31,2025-07-31,The Guardian / Ed Aarons,Ed Aarons,Borussia Dortmund,Borussia Dortmund,Fábio Silva,2025-26,in,in,permanent,0,23.0,Centre-Forward,20000000.0,22500000.0,,1.125,-2500000.0,0.7219,0.5518,0.6763,0.6763,0.7181,0.84,0.7738,0.7455,0.5673,0.55,0.65,0.65,12,0.86,0,0.7167,talks,report,1,1,0.7181,0.7181,0.6763,0.6763,Borussia Dortmund,in,Borussia Dortmund,Wolves,Borussia Dortmund,buyer,in,club,BVB.DE,^GDAXI,direct,1,1,0,
1715552c99679590,24f267760bb25e02,2025-08-25T07:00:33Z,2025-08-25,2025-08-25,The Guardian / Will Unwin,Will Unwin,Borussia Dortmund,Borussia Dortmund,Fábio Silva,2025-26,in,in,permanent,0,23.0,Centre-Forward,20000000.0,22500000.0,,1.125,-2500000.0,0.7219,0.5518,0.7337,0.7337,0.7755,0.84,0.7752,0.7474,0.8796,0.72,0.45,0.85,28,0.98,0,0.8167,advanced,aggregate,1,1,0.7755,0.7755,0.7337,0.7337,Borussia Dortmund,in,Borussia Dortmund,Wolves,Borussia Dortmund,buyer,in,club,BVB.DE,^GDAXI,direct,1,1,0,
4fadf78662beadcb,5038fd8ab464e7ac,2025-08-28T12:44:24Z,2025-08-28,2025-08-28,"The Guardian / Jacob Steinberg, Ben Fisher and Ed Aarons","Jacob Steinberg, Ben Fisher and Ed Aarons",Borussia Dortmund,Borussia Dortmund,Fábio Silva,2025-26,in,in,permanent,0,23.0,Centre-Forward,20000000.0,22500000.0,,1.125,-2500000.0,0.7219,0.5518,0.7282,0.7282,0.7872,0.84,0.8587,0.8667,0.9213,0.4,0.65,0.95,2,0.98,0,0.8167,unclear,report,1,1,0.7872,0.7872,0.7282,0.7282,Borussia Dortmund,in,Borussia Dortmund,Wolves,Borussia Dortmund,buyer,in,club,BVB.DE,^GDAXI,direct,1,1,0,
9ff1af8af5e239af,6d2adc728e9ca5e2,2025-08-25T15:01:13Z,2025-08-25,2025-08-25,The Guardian / Ben Fisher,Ben Fisher,Borussia Dortmund,Borussia Dortmund,Fábio Silva,2025-26,in,in,permanent,0,23.0,Centre-Forward,20000000.0,22500000.0,,1.125,-2500000.0,0.7219,0.5518,0.7351,0.7351,0.7753,0.84,0.7945,0.775,0.8639,0.6,0.65,0.85,6,0.98,0,0.8167,bid,report,1,1,0.7753,0.7753,0.7351,0.7351,Borussia Dortmund,in,Borussia Dortmund,Wolves,Borussia Dortmund,buyer,in,club,BVB.DE,^GDAXI,direct,1,1,0,
bdc56419412aada3,48d3c316a89c6382,2025-08-19T18:07:16Z,2025-08-19,2025-08-19,"The Guardian / Louise Taylor, Ben Fisher and Jacob Steinberg","Louise Taylor, Ben Fisher and Jacob Steinberg",Borussia Dortmund,Borussia Dortmund,Fábio Silva,2025-26,in,in,permanent,0,23.0,Centre-Forward,20000000.0,22500000.0,,1.125,-2500000.0,0.7219,0.5518,0.7524,0.7524,0.8126,0.84,0.8587,0.8667,0.9453,0.72,0.45,0.65,2,1.04,0,0.8667,advanced,aggregate,1,1,0.8126,0.8126,0.7524,0.7524,Borussia Dortmund,in,Borussia Dortmund,Wolves,Borussia Dortmund,buyer,in,club,BVB.DE,^GDAXI,direct,1,1,0,
73256c11227bf1fc,52d6ffb8cc9f9b5c,2025-08-26T09:05:15Z,2025-08-26,2025-08-26,The Guardian / Dominic Booth,Dominic Booth,Manchester United,Manchester United,Antony,2025-26,out,out,permanent,0,25.0,Right Winger,35000000.0,22000000.0,,0.6286,13000000.0,0.5864,0.4975,0.7098,0.7098,0.7762,0.84,0.8587,0.8667,0.8413,0.48,0.45,0.85,2,0.78,0,0.65,linked,aggregate,1,1,0.7762,0.7762,0.7098,0.7098,Manchester United,out,Real Betis,Manchester United,Manchester United,seller,out,club,MANU,^GSPC,direct,1,0,1,
5edab381cf5605c2,8c8be8d5dbf91db1,2025-09-01T21:00:09Z,2025-09-01,2025-09-01,The Guardian / Jamie Jackson,Jamie Jackson,Manchester United,Manchester United,Antony,2025-26,out,out,permanent,0,25.0,Right Winger,35000000.0,22000000.0,,0.6286,13000000.0,0.5864,0.4975,0.6374,0.6374,0.6685,0.84,0.707,0.65,0.4708,0.4,0.65,0.95,6,0.98,0,0.8167,unclear,report,1,1,0.6685,0.6685,0.6374,0.6374,Manchester United,out,Real Betis,Manchester United,Manchester United,seller,out,club,MANU,^GSPC,direct,1,0,1,
429bcd6c649f7234,b986d90ea58b9f05,2025-08-22T15:17:05Z,2025-08-22,2025-08-22,The Guardian / Jamie Jackson and Will Unwin,Jamie Jackson and Will Unwin,Manchester United,Manchester United,Antony,2025-26,out,out,permanent,0,25.0,Right Winger,35000000.0,22000000.0,,0.6286,13000000.0,0.5864,0.4975,0.7732,0.7732,0.8146,0.84,0.8587,0.8667,0.8653,0.72,0.65,0.65,2,0.84,0,0.7,advanced,report,1,1,0.8146,0.8146,0.7732,0.7732,Manchester United,out,Real Betis,Manchester United,Manchester United,seller,out,club,MANU,^GSPC,direct,1,0,1,
d35b40181117126c,2bd0ae09619f21d4,2025-08-24T08:45:06Z,2025-08-24,2025-08-24,The Guardian / Exclusive by Jamie Jackson,Exclusive by Jamie Jackson,Manchester United,Manchester United,Senne Lammens,2025-26,in,in,permanent,0,23.0,Goalkeeper,9000000.0,21000000.0,,2.3333,-12000000.0,0.525,0.4458,0.7172,0.7172,0.7846,0.84,0.8587,0.8667,0.9453,0.4,0.85,0.65,2,1.04,0,0.8667,unclear,exclusive,1,1,0.7846,0.7846,0.7172,0.7172,Manchester United,in,Manchester United,Royal Antwerp,Manchester United,buyer,in,club,MANU,^GSPC,direct,1,1,0,
6b244a6b9c87ec52,0bbb845640c0ece4,2025-09-01T08:32:40Z,2025-09-01,2025-09-01,The Guardian / Daniel Harris,Daniel Harris,Manchester United,Manchester United,Senne Lammens,2025-26,in,in,permanent,0,23.0,Goalkeeper,9000000.0,21000000.0,,2.3333,-12000000.0,0.525,0.4458,0.725,0.725,0.7892,0.84,0.8587,0.8667,0.9213,0.48,0.45,0.95,2,0.98,0,0.8167,linked,aggregate,1,1,0.7892,0.7892,0.725,0.725,Manchester United,in,Manchester United,Royal Antwerp,Manchester United,buyer,in,club,MANU,^GSPC,direct,1,1,0,
0bf45ff7ee6be49e,b8608399aa62bbd0,2025-08-25T19:58:17Z,2025-08-25,2025-08-25,The Guardian / Ben Fisher and Jacob Steinberg,Ben Fisher and Jacob Steinberg,Borussia Dortmund,Borussia Dortmund,Carney Chukwuemeka,2025-26,in,in,permanent,0,21.0,Central Midfield,18000000.0,20000000.0,,1.1111,-2000000.0,0.675,0.4992,0.8098,0.8098,0.8312,0.84,0.8587,0.8667,0.8813,0.72,0.65,0.95,2,0.88,0,0.7333,advanced,report,1,1,0.8312,0.8312,0.8098,0.8098,Borussia Dortmund,in,Borussia Dortmund,Chelsea,Borussia Dortmund,buyer,in,club,BVB.DE,^GDAXI,direct,1,1,0,
3abf3516fcffec01,66129f4e70bb691c,2025-06-12T15:01:27Z,2025-06-12,2025-06-12,The Guardian / Jamie Jackson and Ed Aarons,Jamie Jackson and Ed Aarons,Juventus,Lazio,Nicolò Rovella,2024-25,in,out,permanent,0,23.0,Defensive Midfield,30000000.0,0.0,,0.0,30000000.0,0.975,0.8208,0.7739,0.7739,0.8164,0.84,0.8587,0.8667,0.8333,0.82,0.45,0.65,2,0.76,0,0.6333,agreed,aggregate,1,1,0.8164,0.8164,0.7739,0.7739,Lazio,out,Juventus,Lazio,Juventus,buyer,in,club,JUVE.MI,FTSEMIB.MI,direct,2,1,1,
3abf3516fcffec01,66129f4e70bb691c,2025-06-12T15:01:27Z,2025-06-12,2025-06-12,The Guardian / Jamie Jackson and Ed Aarons,Jamie Jackson and Ed Aarons,Lazio,Lazio,Nicolò Rovella,2024-25,out,out,permanent,0,23.0,Defensive Midfield,30000000.0,0.0,,0.0,30000000.0,0.445,0.4825,0.7739,0.7739,0.8164,0.84,0.8587,0.8667,0.8333,0.82,0.45,0.65,2,0.76,0,0.6333,agreed,aggregate,1,1,0.8164,0.8164,0.7739,0.7739,Lazio,out,Juventus,Lazio,Lazio,seller,out,club,SSL.MI,FTSEMIB.MI,direct,2,1,1,
ed2dfa3218d31ebf,d9f6ef4692e16730,2026-01-13T08:18:59Z,2026-01-13,2026-01-13,The Guardian / Will Unwin,Will Unwin,Lazio,Lazio,Kenneth Taylor,2025-26,in,in,permanent,0,23.0,Central Midfield,23000000.0,16850000.0,,0.7326,6150000.0,0.8102,0.7137,0.6662,0.6662,0.7268,0.84,0.7752,0.7474,0.7525,0.48,0.45,0.85,28,0.98,0,0.8167,linked,aggregate,1,1,0.7268,0.7268,0.6662,0.6662,Lazio,in,Lazio,Ajax,Lazio,buyer,in,club,SSL.MI,FTSEMIB.MI,direct,2,1,1,
ed2dfa3218d31ebf,d9f6ef4692e16730,2026-01-13T08:18:59Z,2026-01-13,2026-01-13,The Guardian / Will Unwin,Will Unwin,Ajax NV,Lazio,Kenneth Taylor,2025-26,out,in,permanent,0,23.0,Central Midfield,23000000.0,16850000.0,,0.7326,6150000.0,0.6098,0.5248,0.6662,0.6662,0.7268,0.84,0.7752,0.7474,0.7525,0.48,0.45,0.85,28,0.98,0,0.8167,linked,aggregate,1,1,0.7268,0.7268,0.6662,0.6662,Lazio,in,Lazio,Ajax,Ajax NV,seller,out,club,AJAX.AS,^AEX,direct,2,1,1,
c0628df34d289cba,492a409b91e4e534,2025-08-24T19:34:23Z,2025-08-24,2025-08-24,The Guardian / Exclusive by Will Unwin,Exclusive by Will Unwin,Juventus,Juventus,Edon Zhegrova,2025-26,in,in,permanent,0,26.0,Right Winger,25000000.0,15500000.0,,0.62,9500000.0,0.8105,0.7309,0.7549,0.7549,0.8039,0.84,0.8587,0.8667,0.9133,0.55,0.85,0.65,2,0.96,0,0.8,talks,exclusive,1,1,0.8039,0.8039,0.7549,0.7549,Juventus,in,Juventus,Lille,Juventus,buyer,in,club,JUVE.MI,FTSEMIB.MI,direct,1,1,0,
d0549a5d09ee5940,ba6caa3ec0d1b48f,2025-08-22T00:00:50Z,2025-08-22,2025-08-22,The Guardian / Jacob Steinberg and Ben Fisher,Jacob Steinberg and Ben Fisher,Juventus,Juventus,Edon Zhegrova,2025-26,in,in,permanent,0,26.0,Right Winger,25000000.0,15500000.0,,0.62,9500000.0,0.8105,0.7309,0.6729,0.6729,0.7645,0.84,0.872,0.8857,0.88,0.4,0.45,0.65,4,0.86,0,0.7167,unclear,aggregate,1,1,0.7645,0.7645,0.6729,0.6729,Juventus,in,Juventus,Lille,Juventus,buyer,in,club,JUVE.MI,FTSEMIB.MI,direct,1,1,0,
1a7ac0ba5fc412ee,537890b0b89ad3eb,2025-08-14T07:59:08Z,2025-08-14,2025-08-14,The Guardian / Rob Smyth,Rob Smyth,Juventus,Juventus,Edon Zhegrova,2025-26,in,in,permanent,0,26.0,Right Winger,25000000.0,15500000.0,,0.62,9500000.0,0.8105,0.7309,0.6887,0.6887,0.7734,0.84,0.8587,0.8667,0.9133,0.48,0.45,0.65,2,0.96,0,0.8,linked,aggregate,1,1,0.7734,0.7734,0.6887,0.6887,Juventus,in,Juventus,Lille,Juventus,buyer,in,club,JUVE.MI,FTSEMIB.MI,direct,1,1,0,
347a14c0d88843f5,ce279253e4c27ba5,2025-08-26T21:56:39Z,2025-08-26,2025-08-26,The Guardian / Jacob Steinberg and Ed Aarons,Jacob Steinberg and Ed Aarons,Juventus,Juventus,Edon Zhegrova,2025-26,in,in,permanent,0,26.0,Right Winger,25000000.0,15500000.0,,0.62,9500000.0,0.8105,0.7309,0.6892,0.6892,0.7515,0.84,0.772,0.7429,0.91,0.55,0.45,0.85,4,1.06,0,0.8833,talks,aggregate,1,1,0.7515,0.7515,0.6892,0.6892,Juventus,in,Juventus,Lille,Juventus,buyer,in,club,JUVE.MI,FTSEMIB.MI,direct,1,1,0,
3a46b2793db4cb59,8b12f8952907651e,2025-08-30T17:45:26Z,2025-08-30,2025-08-30,The Guardian / Jacob Steinberg and agencies,Jacob Steinberg and agencies,Juventus,Juventus,Nicolò Savona,2025-26,out,out,permanent,0,22.0,Right-Back,12000000.0,13000000.0,,1.0833,-1000000.0,0.6887,0.6168,0.7029,0.7029,0.774,0.84,0.8587,0.8667,0.8893,0.4,0.45,0.95,2,0.9,0,0.75,unclear,aggregate,1,1,0.774,0.774,0.7029,0.7029,Juventus,out,Nott'm Forest,Juventus,Juventus,seller,out,club,JUVE.MI,FTSEMIB.MI,direct,1,0,1,
6f0b950896ad205b,e9f8df69009725db,2025-06-27T17:47:19Z,2025-06-27,2025-06-27,The Guardian / Ed Aarons,Ed Aarons,Juventus,Juventus,Samuel Mbangula,2024-25,in,in,permanent,0,20.0,Left Winger,250000.0,,,0.0,250000.0,0.9,0.7333,0.6392,0.6392,0.7252,0.84,0.7738,0.7455,0.8389,0.55,0.65,0.25,12,0.88,0,0.7333,talks,report,1,1,0.7252,0.7252,0.6392,0.6392,Juventus,in,Juventus,Juve Next Gen,Juventus,buyer,in,club,JUVE.MI,FTSEMIB.MI,direct,1,1,0,
f9ef700bb21a9c85,50865a229a625ac2,2025-07-04T10:44:49Z,2025-07-04,2025-07-04,The Guardian / Ben Fisher,Ben Fisher,Borussia Dortmund,Borussia Dortmund,Soumaïla Coulibaly,2025-26,out,out,permanent,0,21.0,Centre-Back,8000000.0,7500000.0,,0.9375,500000.0,0.6559,0.5786,0.6951,0.6951,0.7503,0.84,0.7945,0.775,0.8639,0.4,0.65,0.95,6,0.78,0,0.65,unclear,report,1,1,0.7503,0.7503,0.6951,0.6951,Borussia Dortmund,out,R. Strasbourg,Borussia Dortmund,Borussia Dortmund,seller,out,club,BVB.DE,^GDAXI,direct,1,0,1,
a92756292e8890fd,681e4a7a63b59d4f,2026-02-03T13:00:07Z,2026-02-03,2026-02-03,"The Guardian / Will Magee, Niall McVeigh and Billy Munday","Will Magee, Niall McVeigh and Billy Munday",Lazio,Lazio,Adrian Przyborek,2025-26,in,in,permanent,0,19.0,Attacking Midfield,7000000.0,4500000.0,,0.6429,2500000.0,0.7304,0.634,0.7269,0.7269,0.784,0.84,0.8587,0.8667,0.8893,0.4,0.65,0.95,2,0.9,0,0.75,unclear,report,1,1,0.784,0.784,0.7269,0.7269,Lazio,in,Lazio,Pogon Szczecin,Lazio,buyer,in,club,SSL.MI,FTSEMIB.MI,direct,1,1,0,
16159f9ba1dea2a0,555d654836868319,2026-01-26T00:54:05Z,2026-01-26,2026-01-26,The Guardian / Guardian staff and agencies,Guardian staff and agencies,Lazio,Lazio,Adrian Przyborek,2025-26,in,in,permanent,0,19.0,Attacking Midfield,7000000.0,4500000.0,,0.6429,2500000.0,0.7304,0.634,0.8254,0.8254,0.8452,0.84,0.8587,0.8667,0.9213,0.82,0.65,0.85,2,0.98,0,0.8167,agreed,report,1,1,0.8452,0.8452,0.8254,0.8254,Lazio,in,Lazio,Pogon Szczecin,Lazio,buyer,in,club,SSL.MI,FTSEMIB.MI,direct,1,1,0,
f8641b6bbc484e75,b90b7efb3903776f,2026-02-15T14:00:24Z,2026-02-15,2026-02-15,The Guardian / Sarah Martin,Sarah Martin,Lazio,Lazio,Marcos Antônio,2025-26,in,in,permanent,0,25.0,Central Midfield,9000000.0,0.0,,0.0,9000000.0,0.975,0.8208,0.8291,0.8291,0.7769,0.84,0.8587,0.8667,0.8813,0.95,0.9,0.65,2,0.88,1,0.6233,official,official,1,1,0.7769,0.7769,0.8291,0.8291,Lazio,in,Lazio,São Paulo,Lazio,buyer,in,club,SSL.MI,FTSEMIB.MI,direct,1,1,0,
5a3c888d31f61bdb,f0b5c53138ccadd5,2026-02-04T00:21:52Z,2026-02-04,2026-02-04,The Guardian / Tom Garry,Tom Garry,Lazio,Lazio,Marcos Antônio,2025-26,in,in,permanent,0,25.0,Central Midfield,9000000.0,0.0,,0.0,9000000.0,0.975,0.8208,0.6969,0.6969,0.7745,0.84,0.872,0.8857,0.88,0.4,0.65,0.65,4,0.86,0,0.7167,unclear,report,1,1,0.7745,0.7745,0.6969,0.6969,Lazio,in,Lazio,São Paulo,Lazio,buyer,in,club,SSL.MI,FTSEMIB.MI,direct,1,1,0,
42e01515722c56fa,a9819bfc64c9e1cc,2026-02-03T10:09:55Z,2026-02-03,2026-02-03,The Guardian / Guardian sport,Guardian sport,Lazio,Lazio,Marcos Antônio,2025-26,in,in,permanent,0,25.0,Central Midfield,9000000.0,0.0,,0.0,9000000.0,0.975,0.8208,0.6599,0.6599,0.6914,0.84,0.8587,0.8667,0.8813,0.4,0.65,0.65,2,0.88,1,0.6233,unclear,report,1,1,0.6914,0.6914,0.6599,0.6599,Lazio,in,Lazio,São Paulo,Lazio,buyer,in,club,SSL.MI,FTSEMIB.MI,direct,1,1,0,
080c8b2331570957,fb4491fe0f05d621,2025-07-07T09:00:24Z,2025-07-07,2025-07-07,The Guardian / John Brewin,John Brewin,Manchester United,Manchester United,Diego León,2025-26,in,in,permanent,0,18.0,Left-Back,4000000.0,4000000.0,,1.0,0.0,0.625,0.4575,0.6628,0.6628,0.7225,0.84,0.7342,0.6889,0.8591,0.48,0.45,0.95,8,0.98,0,0.8167,linked,aggregate,1,1,0.7225,0.7225,0.6628,0.6628,Manchester United,in,Manchester United,Cerro Porteño,Manchester United,buyer,in,club,MANU,^GSPC,direct,1,1,0,
842a5e948b917938,674e18726bf450d1,2025-07-01T08:26:54Z,2025-07-01,2025-07-01,The Guardian / Tom Davies,Tom Davies,Manchester United,Manchester United,Diego León,2025-26,in,in,permanent,0,18.0,Left-Back,4000000.0,4000000.0,,1.0,0.0,0.625,0.4575,0.7184,0.7184,0.7881,0.84,0.872,0.8857,0.896,0.48,0.45,0.85,4,0.9,0,0.75,linked,aggregate,1,1,0.7881,0.7881,0.7184,0.7184,Manchester United,in,Manchester United,Cerro Porteño,Manchester United,buyer,in,club,MANU,^GSPC,direct,1,1,0,
3fbb88cfda736c60,d9d101e7c8c1b2e6,2025-06-23T07:22:34Z,2025-06-23,2025-06-23,The Guardian / Will Unwin,Will Unwin,Manchester United,Manchester United,Diego León,2024-25,in,in,unclear,0,,,,,,0.0,0.0,0.0,0.0,0.6211,0.6211,0.7015,0.84,0.7752,0.7474,0.6747,0.48,0.45,0.5,28,0.0,0,0.0,linked,aggregate,1,1,0.7015,0.7015,0.6211,0.6211,Manchester United,in,,,,,,,,,none,0,0,0,
94921deda8962ca6,b3983471c56515a7,2025-08-22T08:25:20Z,2025-08-22,2025-08-22,The Guardian / Yara El-Shaboury,Yara El-Shaboury,Borussia Dortmund,Borussia Dortmund,Giovanni Reyna,2025-26,out,out,permanent,0,22.0,Attacking Midfield,7000000.0,4000000.0,,0.5714,3000000.0,0.5736,0.4825,0.7304,0.7304,0.7931,0.84,0.872,0.8857,0.896,0.48,0.45,0.95,4,0.9,0,0.75,linked,aggregate,1,1,0.7931,0.7931,0.7304,0.7304,Borussia Dortmund,out,Mönchengladbach,Borussia Dortmund,Borussia Dortmund,seller,out,club,BVB.DE,^GDAXI,direct,1,0,1,
7c6f0857fb0faae5,18450a233c4f9248,2025-12-16T11:49:09Z,2025-12-16,2025-12-16,The Guardian / Jacob Steinberg,Jacob Steinberg,Borussia Dortmund,Borussia Dortmund,Pascal Groß,2025-26,out,out,permanent,0,34.0,Central Midfield,3500000.0,2000000.0,,0.5714,1500000.0,0.6786,0.625,0.659,0.659,0.7226,0.84,0.812,0.8,0.6518,0.4,0.65,0.65,18,0.66,0,0.55,unclear,report,1,1,0.7226,0.7226,0.659,0.659,Borussia Dortmund,out,Brighton,Borussia Dortmund,Borussia Dortmund,seller,out,club,BVB.DE,^GDAXI,direct,1,0,1,
e810bcf74dd778c8,5b16b4b3de992a73,2026-01-02T15:53:19Z,2026-01-02,2026-01-02,The Guardian / Ed Aarons,Ed Aarons,Borussia Dortmund,Borussia Dortmund,Pascal Groß,2025-26,out,out,permanent,0,34.0,Central Midfield,3500000.0,2000000.0,,0.5714,1500000.0,0.6786,0.625,0.6733,0.6733,0.7106,0.84,0.7738,0.7455,0.5673,0.4,0.65,0.95,12,0.9,0,0.75,unclear,report,1,1,0.7106,0.7106,0.6733,0.6733,Borussia Dortmund,out,Brighton,Borussia Dortmund,Borussia Dortmund,seller,out,club,BVB.DE,^GDAXI,direct,1,0,1,
b1ab77bf4b1d6985,8faeec51a82c6424,2026-01-22T09:39:01Z,2026-01-22,2026-01-22,The Guardian / Yara El-Shaboury,Yara El-Shaboury,Lazio,Lazio,Edoardo Motta,2025-26,in,in,permanent,0,21.0,Goalkeeper,1200000.0,1200000.0,,1.0,0.0,0.7,0.545,0.7197,0.7197,0.7913,0.84,0.872,0.8857,0.928,0.48,0.45,0.85,4,0.98,0,0.8167,linked,aggregate,1,1,0.7913,0.7913,0.7197,0.7197,Lazio,in,Lazio,Reggiana,Lazio,buyer,in,club,SSL.MI,FTSEMIB.MI,direct,1,1,0,
0e11c1bde551bbf5,c1b1d2968a1f57b0,2026-01-15T07:22:19Z,2026-01-15,2026-01-15,The Guardian / Will Unwin,Will Unwin,Lazio,Lazio,Edoardo Motta,2025-26,in,in,permanent,0,21.0,Goalkeeper,1200000.0,1200000.0,,1.0,0.0,0.7,0.545,0.6422,0.6422,0.7168,0.84,0.7752,0.7474,0.7525,0.48,0.45,0.65,28,0.96,0,0.8,linked,aggregate,1,1,0.7168,0.7168,0.6422,0.6422,Lazio,in,Lazio,Reggiana,Lazio,buyer,in,club,SSL.MI,FTSEMIB.MI,direct,1,1,0,
4edb175b4bf0adf1,acf82f6339df9c2f,2025-03-25T13:37:06Z,2025-03-25,2025-03-25,The Guardian / Jacob Steinberg,Jacob Steinberg,Juventus,Juventus,Ênio,2024-25,in,in,permanent,0,24.0,Left Winger,400000.0,195000.0,,0.4875,205000.0,0.8903,0.8439,0.6744,0.6744,0.686,0.84,0.812,0.8,0.898,0.4,0.65,0.95,18,0.98,1,0.6942,unclear,report,1,1,0.686,0.686,0.6744,0.6744,Juventus,in,Juventus,Amazonas,Juventus,buyer,in,club,JUVE.MI,FTSEMIB.MI,direct,1,1,0,
7b22f3ab09034844,b49b7c6e3edb8ea8,2025-03-02T21:36:39Z,2025-03-02,2025-03-02,The Guardian / Tom Garry,Tom Garry,Juventus,Juventus,Ênio,2024-25,in,in,permanent,0,24.0,Left Winger,400000.0,195000.0,,0.4875,205000.0,0.8903,0.8439,0.7041,0.7041,0.7173,0.84,0.872,0.8857,0.88,0.55,0.65,0.65,4,0.86,1,0.6092,talks,report,1,1,0.7173,0.7173,0.7041,0.7041,Juventus,in,Juventus,Amazonas,Juventus,buyer,in,club,JUVE.MI,FTSEMIB.MI,direct,1,1,0,
69ec037db746611d,5850b5d54fde6406,2025-03-17T17:12:03Z,2025-03-17,2025-03-17,The Guardian,,Juventus,Juventus,Ênio,2024-25,in,in,permanent,0,24.0,Left Winger,400000.0,195000.0,,0.4875,205000.0,0.8903,0.8439,0.7498,0.7498,0.7412,0.84,0.84,0.8667,0.872,0.9,0.35,0.65,1,0.88,1,0.6233,medical,analysis,1,1,0.7412,0.7412,0.7498,0.7498,Juventus,in,Juventus,Amazonas,Juventus,buyer,in,club,JUVE.MI,FTSEMIB.MI,direct,1,1,0,
a9892c33bd94722e,32c8dfc9c4e4d632,"Wed, 20 May 2026 16:21:00 GMT",2026-05-20,2026-05-20,Google News Global EN,,Manchester United,Manchester United,,2025-26,unclear,unclear,unclear,0,,,,,,0.0,0.0,0.0,0.0,0.3886,0.3886,0.4034,0.5,0.5,0.1611,0.2872,0.4,0.65,0.5,85,0.0,0,0.0,unclear,report,1,1,0.4034,0.4034,0.3886,0.3886,Manchester United,unclear,,,,,,,,,none,0,0,0,
889ddf9d2ebd775c,35c2d3f2f6065f0e,"Thu, 21 May 2026 13:36:52 GMT",2026-05-21,2026-05-21,Google News Global EN,,Manchester United,Manchester United,Casemiro,2025-26,out,out,unclear,0,,,,,,0.0,0.0,0.0,0.0,0.3886,0.3886,0.4034,0.5,0.5,0.1611,0.2872,0.4,0.65,0.5,85,0.0,0,0.0,unclear,report,1,1,0.4034,0.4034,0.3886,0.3886,Manchester United,out,,,,,,,,,none,0,0,0,
002047534d5505f7,5e3473cace191395,"Thu, 21 May 2026 07:50:00 GMT",2026-05-21,2026-05-21,Google News Global EN,,Manchester United,Manchester United,,2025-26,unclear,unclear,unclear,0,,,,,,0.0,0.0,0.0,0.0,0.3886,0.3886,0.4034,0.5,0.5,0.1611,0.2872,0.4,0.65,0.5,85,0.0,0,0.0,unclear,report,1,1,0.4034,0.4034,0.3886,0.3886,Manchester United,unclear,,,,,,,,,none,0,0,0,
0e27d60802653ab9,e2446f40156832c5,"Thu, 21 May 2026 12:04:43 GMT",2026-05-21,2026-05-21,Google News Global EN,,Manchester United,Manchester United,,2025-26,unclear,unclear,unclear,0,,,,,,0.0,0.0,0.0,0.0,0.3886,0.3886,0.4034,0.5,0.5,0.1611,0.2872,0.4,0.65,0.5,85,0.0,0,0.0,unclear,report,1,1,0.4034,0.4034,0.3886,0.3886,Manchester United,unclear,,,,,,,,,none,0,0,0,
bab39ec51deff93c,2557db68b69671e9,"Thu, 21 May 2026 13:15:52 GMT",2026-05-21,2026-05-21,Google News Global EN,,Manchester United,Manchester United,,2025-26,unclear,unclear,unclear,0,,,,,,0.0,0.0,0.0,0.0,0.3886,0.3886,0.4034,0.5,0.5,0.1611,0.2872,0.4,0.65,0.5,85,0.0,0,0.0,unclear,report,1,1,0.4034,0.4034,0.3886,0.3886,Manchester United,unclear,,,,,,,,,none,0,0,0,
f65eaabcb643ce07,3c5350eb23058b5d,"Wed, 20 May 2026 20:16:00 GMT",2026-05-20,2026-05-20,Google News Global EN,,Manchester United,Manchester United,Casemiro,2025-26,unclear,unclear,unclear,0,,,,,,0.0,0.0,0.0,0.0,0.4718,0.4718,0.4514,0.5,0.5,0.1611,0.2872,0.72,0.65,0.5,85,0.0,0,0.0,advanced,report,1,1,0.4514,0.4514,0.4718,0.4718,Manchester United,unclear,,,,,,,,,none,0,0,0,
f793b2ae5b4dc667,9edbdd1ed5d61e5d,"Thu, 21 May 2026 10:30:00 GMT",2026-05-21,2026-05-21,Google News Global EN,,Borussia Dortmund,Borussia Dortmund,Jadon Sancho,2025-26,unclear,unclear,unclear,0,,,,,,0.0,0.0,0.0,0.0,0.3801,0.3801,0.3823,0.5,0.5,0.1611,0.0758,0.4,0.65,0.5,85,0.0,0,0.0,unclear,report,1,1,0.3823,0.3823,0.3801,0.3801,Borussia Dortmund,unclear,,,,,,,,,none,0,0,0,
e3a2f497e8403f52,78547a8dedeee4f7,"Wed, 20 May 2026 09:59:34 GMT",2026-05-20,2026-05-20,Google News Global EN,,Borussia Dortmund,Borussia Dortmund,,2025-26,unclear,unclear,unclear,0,,,,,,0.0,0.0,0.0,0.0,0.4009,0.4009,0.3943,0.5,0.5,0.1611,0.0758,0.48,0.65,0.5,85,0.0,0,0.0,linked,report,1,1,0.3943,0.3943,0.4009,0.4009,Borussia Dortmund,unclear,,,,,,,,,none,0,0,0,
6bdcb3681f15cb4c,eabfbd0981289a82,"Mon, 18 May 2026 11:06:39 GMT",2026-05-18,2026-05-18,Google News Global EN,,Borussia Dortmund,Borussia Dortmund,,2025-26,unclear,unclear,unclear,0,,,,,,0.0,0.0,0.0,0.0,0.3801,0.3801,0.3823,0.5,0.5,0.1611,0.0758,0.4,0.65,0.5,85,0.0,0,0.0,unclear,report,1,1,0.3823,0.3823,0.3801,0.3801,Borussia Dortmund,unclear,,,,,,,,,none,0,0,0,
35cafeadf60820db,a6ea25d79d1746eb,"Tue, 19 May 2026 08:12:00 GMT",2026-05-19,2026-05-19,Google News Global EN,,Borussia Dortmund,Borussia Dortmund,,2025-26,unclear,unclear,unclear,0,,,,,,0.0,0.0,0.0,0.0,0.4191,0.4191,0.4048,0.5,0.5,0.1611,0.0758,0.55,0.65,0.5,85,0.0,0,0.0,talks,report,1,1,0.4048,0.4048,0.4191,0.4191,Borussia Dortmund,unclear,,,,,,,,,none,0,0,0,
680dc64e7c6cccd5,7fc98a076b1fcda4,"Tue, 19 May 2026 20:30:00 GMT",2026-05-19,2026-05-19,Google News Global EN,,Borussia Dortmund,Borussia Dortmund,,2025-26,unclear,unclear,unclear,0,,,,,,0.0,0.0,0.0,0.0,0.3801,0.3801,0.3823,0.5,0.5,0.1611,0.0758,0.4,0.65,0.5,85,0.0,0,0.0,unclear,report,1,1,0.3823,0.3823,0.3801,0.3801,Borussia Dortmund,unclear,,,,,,,,,none,0,0,0,
4f7fa54d94522dab,603443a65d82e025,"Tue, 05 May 2026 07:00:00 GMT",2026-05-05,2026-05-05,Google News Global EN,,Borussia Dortmund,Borussia Dortmund,,2025-26,unclear,unclear,unclear,0,,,,,,0.0,0.0,0.0,0.0,0.4191,0.4191,0.4048,0.5,0.5,0.1611,0.0758,0.55,0.65,0.5,85,0.0,0,0.0,talks,report,1,1,0.4048,0.4048,0.4191,0.4191,Borussia Dortmund,unclear,,,,,,,,,none,0,0,0,
906767317e4d065f,07b4f8e46562bbc7,"Tue, 19 May 2026 04:20:16 GMT",2026-05-19,2026-05-19,Google News Global EN,,Borussia Dortmund,Borussia Dortmund,,2025-26,unclear,unclear,unclear,0,,,,,,0.0,0.0,0.0,0.0,0.3769,0.3769,0.3843,0.5,0.5,0.1611,0.0758,0.48,0.45,0.5,85,0.0,0,0.0,linked,aggregate,1,1,0.3843,0.3843,0.3769,0.3769,Borussia Dortmund,unclear,,,,,,,,,none,0,0,0,
7a39f9ac88eef687,427be4995a6bf0b6,"Tue, 19 May 2026 08:21:59 GMT",2026-05-19,2026-05-19,Google News Global EN,,Borussia Dortmund,Borussia Dortmund,,2025-26,unclear,unclear,unclear,0,,,,,,0.0,0.0,0.0,0.0,0.3769,0.3769,0.3843,0.5,0.5,0.1611,0.0758,0.48,0.45,0.5,85,0.0,0,0.0,linked,aggregate,1,1,0.3843,0.3843,0.3769,0.3769,Borussia Dortmund,unclear,,,,,,,,,none,0,0,0,
c51e3026f57daf8e,f512c39f71e37185,"Wed, 20 May 2026 18:46:23 GMT",2026-05-20,2026-05-20,Google News Germany DE,,Borussia Dortmund,Borussia Dortmund,,2025-26,unclear,unclear,unclear,0,,,,,,0.0,0.0,0.0,0.0,0.3817,0.3817,0.3834,0.5,0.5,0.1667,0.0758,0.4,0.65,0.5,10,0.0,0,0.0,unclear,report,1,1,0.3834,0.3834,0.3817,0.3817,Borussia Dortmund,unclear,,,,,,,,,none,0,0,0,
507dbc27a399da01,b438e2c5ff21dc12,"Thu, 21 May 2026 03:05:26 GMT",2026-05-21,2026-05-21,Google News Germany DE,,Borussia Dortmund,Borussia Dortmund,,2025-26,unclear,unclear,unclear,0,,,,,,0.0,0.0,0.0,0.0,0.3817,0.3817,0.3834,0.5,0.5,0.1667,0.0758,0.4,0.65,0.5,10,0.0,0,0.0,unclear,report,1,1,0.3834,0.3834,0.3817,0.3817,Borussia Dortmund,unclear,,,,,,,,,none,0,0,0,
38d0a026d1cfbd7e,644244ce38dce234,"Thu, 21 May 2026 09:59:16 GMT",2026-05-21,2026-05-21,Google News Germany DE,,Borussia Dortmund,Borussia Dortmund,,2025-26,unclear,unclear,unclear,0,,,,,,0.0,0.0,0.0,0.0,0.3817,0.3817,0.3834,0.5,0.5,0.1667,0.0758,0.4,0.65,0.5,10,0.0,0,0.0,unclear,report,1,1,0.3834,0.3834,0.3817,0.3817,Borussia Dortmund,unclear,,,,,,,,,none,0,0,0,
193d45521f52831a,76b4700c597866e3,"Mon, 18 May 2026 11:25:31 GMT",2026-05-18,2026-05-18,Google News Germany DE,,Borussia Dortmund,Borussia Dortmund,,2025-26,unclear,unclear,unclear,0,,,,,,0.0,0.0,0.0,0.0,0.3817,0.3817,0.3834,0.5,0.5,0.1667,0.0758,0.4,0.65,0.5,10,0.0,0,0.0,unclear,report,1,1,0.3834,0.3834,0.3817,0.3817,Borussia Dortmund,unclear,,,,,,,,,none,0,0,0,
163e82f8bec8ac44,cf35269891526704,"Fri, 15 May 2026 14:30:00 GMT",2026-05-15,2026-05-15,Google News Germany DE,,Borussia Dortmund,Borussia Dortmund,,2025-26,unclear,unclear,unclear,0,,,,,,0.0,0.0,0.0,0.0,0.3817,0.3817,0.3834,0.5,0.5,0.1667,0.0758,0.4,0.65,0.5,10,0.0,0,0.0,unclear,report,1,1,0.3834,0.3834,0.3817,0.3817,Borussia Dortmund,unclear,,,,,,,,,none,0,0,0,
9d1b082d34b41121,73bd1504bd056f5f,"Tue, 19 May 2026 06:27:00 GMT",2026-05-19,2026-05-19,Google News Germany DE,,Borussia Dortmund,Borussia Dortmund,,2025-26,unclear,unclear,unclear,0,,,,,,0.0,0.0,0.0,0.0,0.3817,0.3817,0.3834,0.5,0.5,0.1667,0.0758,0.4,0.65,0.5,10,0.0,0,0.0,unclear,report,1,1,0.3834,0.3834,0.3817,0.3817,Borussia Dortmund,unclear,,,,,,,,,none,0,0,0,
dc1980c40d0bef6e,0eec0dd3ffdfb189,"Tue, 19 May 2026 12:12:52 GMT",2026-05-19,2026-05-19,Google News Germany DE,,Borussia Dortmund,Borussia Dortmund,,2025-26,unclear,unclear,unclear,0,,,,,,0.0,0.0,0.0,0.0,0.3817,0.3817,0.3834,0.5,0.5,0.1667,0.0758,0.4,0.65,0.5,10,0.0,0,0.0,unclear,report,1,1,0.3834,0.3834,0.3817,0.3817,Borussia Dortmund,unclear,,,,,,,,,none,0,0,0,
6f59ca4f976ab556,68db93b175137093,"Wed, 20 May 2026 19:13:50 GMT",2026-05-20,2026-05-20,Google News Global EN,,Juventus,Juventus,,2025-26,unclear,unclear,unclear,0,,,,,,0.0,0.0,0.0,0.0,0.3894,0.3894,0.4054,0.5,0.5,0.1611,0.3064,0.4,0.65,0.5,85,0.0,0,0.0,unclear,report,1,1,0.4054,0.4054,0.3894,0.3894,Juventus,unclear,,,,,,,,,none,0,0,0,
c5e0f48d243e0a98,7a0cab3041908c2e,"Sun, 17 May 2026 19:32:46 GMT",2026-05-17,2026-05-17,Google News Global EN,,Juventus,Juventus,,2025-26,unclear,unclear,unclear,0,,,,,,0.0,0.0,0.0,0.0,0.5194,0.5194,0.4804,0.5,0.5,0.1611,0.3064,0.9,0.65,0.5,85,0.0,0,0.0,medical,report,1,1,0.4804,0.4804,0.5194,0.5194,Juventus,unclear,,,,,,,,,none,0,0,0,
6997a505d6afb413,bb6dc86a9f31a38c,"Thu, 21 May 2026 10:03:56 GMT",2026-05-21,2026-05-21,Google News Global EN,,Juventus,Juventus,Alisson Safira,2025-26,in,in,permanent,0,30.0,Centre-Forward,750000.0,,,0.0,750000.0,0.85,0.675,0.3894,0.3894,0.4054,0.5,0.5,0.1611,0.3064,0.4,0.65,0.5,85,0.52,0,0.4333,unclear,report,1,1,0.4054,0.4054,0.3894,0.3894,Juventus,in,Juventus,Santa Clara,Juventus,buyer,in,club,JUVE.MI,FTSEMIB.MI,direct,1,1,0,
6dccc0b0ba7815b1,d0972266b3899eb9,"Thu, 21 May 2026 12:27:14 GMT",2026-05-21,2026-05-21,Google News Global EN,,Juventus,Juventus,,2025-26,unclear,unclear,unclear,0,,,,,,0.0,0.0,0.0,0.0,0.4284,0.4284,0.4279,0.5,0.5,0.1611,0.3064,0.55,0.65,0.5,85,0.0,0,0.0,talks,report,1,1,0.4279,0.4279,0.4284,0.4284,Juventus,unclear,,,,,,,,,none,0,0,0,
22748c946ce2c47f,33f4e5a0e2778020,"Sun, 17 May 2026 14:31:04 GMT",2026-05-17,2026-05-17,Google News Global EN,,Juventus,Juventus,Jonathan Jesus,2025-26,out,out,unclear,0,,,,,,0.0,0.0,0.0,0.0,0.3894,0.3894,0.4054,0.5,0.5,0.1611,0.3064,0.4,0.65,0.5,85,0.0,0,0.0,unclear,report,1,1,0.4054,0.4054,0.3894,0.3894,Juventus,out,,,,,,,,,none,0,0,0,
56b77aae5c776d36,30433e6d40f98178,"Wed, 20 May 2026 10:55:28 GMT",2026-05-20,2026-05-20,Google News Global EN,,Lazio,Lazio,,2025-26,unclear,unclear,unclear,0,,,,,,0.0,0.0,0.0,0.0,0.4923,0.4923,0.4527,0.5,0.5,0.1611,0.15,0.82,0.65,0.5,85,0.0,0,0.0,agreed,report,1,1,0.4527,0.4527,0.4923,0.4923,Lazio,unclear,,,,,,,,,none,0,0,0,
7bac60def17b8067,5db9907008942071,"Fri, 08 May 2026 06:18:05 GMT",2026-05-08,2026-05-08,Google News Global EN,,Sporting CP SAD,Sporting CP SAD,Sebastián Coates,2025-26,unclear,unclear,unclear,0,,,,,,0.0,0.0,0.0,0.0,0.3796,0.3796,0.381,0.5,0.5,0.1611,0.0625,0.4,0.65,0.5,85,0.0,0,0.0,unclear,report,1,1,0.381,0.381,0.3796,0.3796,Sporting CP SAD,unclear,,,,,,,,,none,0,0,0,
95a16adca0a3eab4,38d80f75456c2d3f,"Tue, 19 May 2026 12:15:00 GMT",2026-05-19,2026-05-19,Google News Global EN,,Sporting CP SAD,Sporting CP SAD,,2025-26,unclear,unclear,unclear,0,,,,,,0.0,0.0,0.0,0.0,0.4004,0.4004,0.393,0.5,0.5,0.1611,0.0625,0.48,0.65,0.5,85,0.0,0,0.0,linked,report,1,1,0.393,0.393,0.4004,0.4004,Sporting CP SAD,unclear,,,,,,,,,none,0,0,0,
4eb333e8f5b3eb12,f4225e6bb42accc1,"Fri, 08 May 2026 17:22:29 GMT",2026-05-08,2026-05-08,Google News Global EN,,Sporting CP SAD,Sporting CP SAD,Cole Campbell,2025-26,unclear,unclear,unclear,0,,,,,,0.0,0.0,0.0,0.0,0.3796,0.3796,0.381,0.5,0.5,0.1611,0.0625,0.4,0.65,0.5,85,0.0,0,0.0,unclear,report,1,1,0.381,0.381,0.3796,0.3796,Sporting CP SAD,unclear,,,,,,,,,none,0,0,0,
253e195f091f6053,d9c72c90c10a46c8,"Sat, 09 May 2026 09:35:00 GMT",2026-05-09,2026-05-09,Google News Global EN,,Sporting CP SAD,Sporting CP SAD,,2025-26,unclear,unclear,unclear,0,,,,,,0.0,0.0,0.0,0.0,0.3796,0.3796,0.381,0.5,0.5,0.1611,0.0625,0.4,0.65,0.5,85,0.0,0,0.0,unclear,report,1,1,0.381,0.381,0.3796,0.3796,Sporting CP SAD,unclear,,,,,,,,,none,0,0,0,
170ef3452fe868ba,341e7b6dcce0626b,"Sat, 16 May 2026 14:00:00 GMT",2026-05-16,2026-05-16,Google News Global EN,,FC Porto SAD,FC Porto SAD,Samu Aghehowa,2025-26,unclear,unclear,unclear,0,,,,,,0.0,0.0,0.0,0.0,0.4055,0.4055,0.4057,0.5,0.5,0.1611,0.1901,0.48,0.65,0.5,85,0.0,0,0.0,linked,report,1,1,0.4057,0.4057,0.4055,0.4055,FC Porto SAD,unclear,,,,,,,,,none,0,0,0,
d2fca3204b9e45aa,f215a97f46508397,"Tue, 05 May 2026 07:00:00 GMT",2026-05-05,2026-05-05,Google News Global EN,,FC Porto SAD,FC Porto SAD,Jakub Kiwior,2025-26,in,in,loan,1,25.0,Centre-Back,28000000.0,0.0,,0.0,28000000.0,0.975,0.7408,0.3847,0.3847,0.3937,0.5,0.5,0.1611,0.1901,0.4,0.65,0.5,85,0.7,0,0.5833,unclear,report,1,1,0.3937,0.3937,0.3847,0.3847,FC Porto SAD,in,FC Porto SAD,Arsenal,FC Porto SAD,buyer,in,club,FCP.LS,PSI20.LS,direct,1,1,0,
eae47b83514a2306,24b9e7196da413e7,"Tue, 05 May 2026 07:00:00 GMT",2026-05-05,2026-05-05,Google News Global EN,,FC Porto SAD,FC Porto SAD,Jakub Kiwior,2025-26,in,in,loan,1,25.0,Centre-Back,28000000.0,0.0,,0.0,28000000.0,0.975,0.7408,0.3847,0.3847,0.3937,0.5,0.5,0.1611,0.1901,0.4,0.65,0.5,85,0.7,0,0.5833,unclear,report,1,1,0.3937,0.3937,0.3847,0.3847,FC Porto SAD,in,FC Porto SAD,Arsenal,FC Porto SAD,buyer,in,club,FCP.LS,PSI20.LS,direct,1,1,0,
a23aea870845f34f,4fe6585a695c0b39,"Tue, 05 May 2026 07:00:00 GMT",2026-05-05,2026-05-05,Google News Global EN,,FC Porto SAD,FC Porto SAD,Jakub Kiwior,2025-26,in,in,loan,1,25.0,Centre-Back,28000000.0,0.0,,0.0,28000000.0,0.975,0.7408,0.3847,0.3847,0.3937,0.5,0.5,0.1611,0.1901,0.4,0.65,0.5,85,0.7,0,0.5833,unclear,report,1,1,0.3937,0.3937,0.3847,0.3847,FC Porto SAD,in,FC Porto SAD,Arsenal,FC Porto SAD,buyer,in,club,FCP.LS,PSI20.LS,direct,1,1,0,
7a74144237bf79d3,b5e198d072ad79ba,"Tue, 12 May 2026 06:10:08 GMT",2026-05-12,2026-05-12,Google News Global EN,,FC Porto SAD,FC Porto SAD,,2025-26,unclear,unclear,unclear,0,,,,,,0.0,0.0,0.0,0.0,0.3847,0.3847,0.3937,0.5,0.5,0.1611,0.1901,0.4,0.65,0.5,85,0.0,0,0.0,unclear,report,1,1,0.3937,0.3937,0.3847,0.3847,FC Porto SAD,unclear,,,,,,,,,none,0,0,0,
da0083d5b6b5dac9,b6d4a66bc6dccfae,"Tue, 12 May 2026 07:00:00 GMT",2026-05-12,2026-05-12,Google News Global EN,,FC Porto SAD,FC Porto SAD,,2025-26,unclear,unclear,unclear,0,,,,,,0.0,0.0,0.0,0.0,0.3847,0.3847,0.3937,0.5,0.5,0.1611,0.1901,0.4,0.65,0.5,85,0.0,0,0.0,unclear,report,1,1,0.3937,0.3937,0.3847,0.3847,FC Porto SAD,unclear,,,,,,,,,none,0,0,0,
c0fc3ffe9b30e07b,02b26a327f258ae7,"Fri, 15 May 2026 00:23:37 GMT",2026-05-15,2026-05-15,Google News Global EN,,Celtic plc,Celtic plc,,2025-26,unclear,unclear,unclear,0,,,,,,0.0,0.0,0.0,0.0,0.3465,0.3465,0.3731,0.5,0.5,0.1611,0.1334,0.4,0.35,0.5,85,0.0,0,0.0,unclear,analysis,1,1,0.3731,0.3731,0.3465,0.3465,Celtic plc,unclear,,,,,,,,,none,0,0,0,
4df97eaaf1d213ac,3273c0e159a6a7c7,"Tue, 19 May 2026 08:42:27 GMT",2026-05-19,2026-05-19,Google News Global EN,,Celtic plc,Celtic plc,,2025-26,unclear,unclear,unclear,0,,,,,,0.0,0.0,0.0,0.0,0.4215,0.4215,0.4106,0.5,0.5,0.1611,0.1334,0.55,0.65,0.5,85,0.0,0,0.0,talks,report,1,1,0.4106,0.4106,0.4215,0.4215,Celtic plc,unclear,,,,,,,,,none,0,0,0,
0a5e567f3f45429c,2adc06c1511c7d01,"Thu, 21 May 2026 07:35:32 GMT",2026-05-21,2026-05-21,Google News Global EN,,Celtic plc,Celtic plc,,2025-26,unclear,unclear,unclear,0,,,,,,0.0,0.0,0.0,0.0,0.4215,0.4215,0.4106,0.5,0.5,0.1611,0.1334,0.55,0.65,0.5,85,0.0,0,0.0,talks,report,1,1,0.4106,0.4106,0.4215,0.4215,Celtic plc,unclear,,,,,,,,,none,0,0,0,
372364e9b9d8087c,b9f217ad08b7c082,"Tue, 19 May 2026 15:30:00 GMT",2026-05-19,2026-05-19,Google News Global EN,,Celtic plc,Celtic plc,Callum Osmand,2025-26,in,in,permanent,0,19.0,Centre-Forward,,0.0,,0.0,0.0,0.65,0.5917,0.3825,0.3825,0.3881,0.5,0.5,0.1611,0.1334,0.4,0.65,0.5,85,0.8,0,0.6667,unclear,report,1,1,0.3881,0.3881,0.3825,0.3825,Celtic plc,in,Celtic plc,Fulham U21,Celtic plc,buyer,in,club,CCP.L,^FTSE,direct,1,1,0,
140a42852aaa5699,9f96fb10c17fd6b6,"Thu, 21 May 2026 08:39:20 GMT",2026-05-21,2026-05-21,Google News Global EN,,Celtic plc,Celtic plc,,2025-26,unclear,unclear,unclear,0,,,,,,0.0,0.0,0.0,0.0,0.4215,0.4215,0.4106,0.5,0.5,0.1611,0.1334,0.55,0.65,0.5,85,0.0,0,0.0,talks,report,1,1,0.4106,0.4106,0.4215,0.4215,Celtic plc,unclear,,,,,,,,,none,0,0,0,
2b59a0b5ed3dbe23,2e3b31c8b49e08ed,"Thu, 21 May 2026 10:02:00 GMT",2026-05-21,2026-05-21,Google News Global EN,,Celtic plc,Celtic plc,,2025-26,unclear,unclear,unclear,0,,,,,,0.0,0.0,0.0,0.0,0.3975,0.3975,0.4006,0.5,0.5,0.1611,0.1334,0.55,0.45,0.5,85,0.0,0,0.0,talks,aggregate,1,1,0.4006,0.4006,0.3975,0.3975,Celtic plc,unclear,,,,,,,,,none,0,0,0,
db343a584e638e78,468fe8a2ed2396e4,"Thu, 21 May 2026 12:36:24 GMT",2026-05-21,2026-05-21,Google News Scotland EN,,Celtic plc,Celtic plc,,2025-26,unclear,unclear,unclear,0,,,,,,0.0,0.0,0.0,0.0,0.4151,0.4151,0.4114,0.5,0.5,0.2778,0.1334,0.4,0.65,0.5,4,0.0,0,0.0,unclear,report,1,1,0.4114,0.4114,0.4151,0.4151,Celtic plc,unclear,,,,,,,,,none,0,0,0,
142efe4bd2938863,1e8e89fea0d0d525,"Wed, 20 May 2026 06:56:40 GMT",2026-05-20,2026-05-20,Google News Global EN,,Benfica SAD,Benfica SAD,Rafa Silva,2025-26,in,in,permanent,0,32.0,Second Striker,5000000.0,5000000.0,,1.0,0.0,0.575,0.3992,0.3778,0.3778,0.3864,0.5,0.5,0.1611,0.0964,0.48,0.45,0.5,85,0.62,0,0.5167,linked,aggregate,1,1,0.3864,0.3864,0.3778,0.3778,Benfica SAD,in,Benfica SAD,Besiktas,Benfica SAD,buyer,in,club,SLBEN.LS,PSI20.LS,direct,1,1,0,
54a10d86d71773f8,cda7e1cd075d9573,"Wed, 06 May 2026 07:00:00 GMT",2026-05-06,2026-05-06,Google News Global EN,,Benfica SAD,Benfica SAD,,2025-26,out,out,unclear,0,,,,,,0.0,0.0,0.0,0.0,0.381,0.381,0.3844,0.5,0.5,0.1611,0.0964,0.4,0.65,0.5,85,0.0,0,0.0,unclear,report,1,1,0.3844,0.3844,0.381,0.381,Benfica SAD,out,,,,,,,,,none,0,0,0,
bd9f038fe4e7fbf0,e6d144d63e33badd,"Mon, 11 May 2026 09:32:52 GMT",2026-05-11,2026-05-11,Google News Global EN,,Benfica SAD,Benfica SAD,Souleyman Doumbia,2025-26,unclear,unclear,unclear,0,,,,,,0.0,0.0,0.0,0.0,0.433,0.433,0.4144,0.5,0.5,0.1611,0.0964,0.6,0.65,0.5,85,0.0,0,0.0,bid,report,1,1,0.4144,0.4144,0.433,0.433,Benfica SAD,unclear,,,,,,,,,none,0,0,0,
d28e06d1a57dbd51,ecd3ef54b8e1255d,"Tue, 19 May 2026 16:34:24 GMT",2026-05-19,2026-05-19,Google News Global EN,,Eagle Football Group,Eagle Football Group,Tanner Tessmann,2025-26,unclear,unclear,unclear,0,,,,,,0.0,0.0,0.0,0.0,0.4193,0.4193,0.4403,0.5,0.5,0.1611,0.536,0.48,0.65,0.5,85,0.0,0,0.0,linked,report,1,1,0.4403,0.4403,0.4193,0.4193,Eagle Football Group,unclear,,,,,,,,,none,0,0,0,
1f1ec5d68bcaa85f,2ae5669f02b7c79c,"Mon, 18 May 2026 21:45:11 GMT",2026-05-18,2026-05-18,Google News Global EN,,Eagle Football Group,Eagle Football Group,Endrick,2025-26,in,in,loan,1,19.0,Centre-Forward,25000000.0,0.0,,0.0,25000000.0,0.875,0.6242,0.3985,0.3985,0.4283,0.5,0.5,0.1611,0.536,0.4,0.65,0.5,85,0.82,0,0.6833,unclear,report,1,1,0.4283,0.4283,0.3985,0.3985,Eagle Football Group,in,Eagle Football Group,Real Madrid,Eagle Football Group,buyer,in,holding_company,EFG.PA,^FCHI,direct,1,1,0,
04d22abf8a296b03,42d48d06f00243e6,"Thu, 21 May 2026 07:57:06 GMT",2026-05-21,2026-05-21,Google News Global EN,,Eagle Football Group,Eagle Football Group,Tyler Morton,2025-26,in,in,permanent,0,22.0,Defensive Midfield,7000000.0,10000000.0,,1.4286,-3000000.0,0.6286,0.481,0.3985,0.3985,0.4283,0.5,0.5,0.1611,0.536,0.4,0.65,0.5,85,0.8,0,0.6667,unclear,report,1,1,0.4283,0.4283,0.3985,0.3985,Eagle Football Group,in,Eagle Football Group,Liverpool,Eagle Football Group,buyer,in,holding_company,EFG.PA,^FCHI,direct,1,1,0,
ac1a44e2b816292d,8e1067bba2730742,"Tue, 19 May 2026 21:49:32 GMT",2026-05-19,2026-05-19,Google News Global EN,,Eagle Football Group,Eagle Football Group,Tanner Tessmann,2025-26,out,out,unclear,0,,,,,,0.0,0.0,0.0,0.0,0.4193,0.4193,0.4403,0.5,0.5,0.1611,0.536,0.48,0.65,0.5,85,0.0,0,0.0,linked,report,1,1,0.4403,0.4403,0.4193,0.4193,Eagle Football Group,out,,,,,,,,,none,0,0,0,
63328ed4c0a52ea2,96ff4bab6d87e704,"Mon, 18 May 2026 13:11:32 GMT",2026-05-18,2026-05-18,Google News Global EN,,Eagle Football Group,Eagle Football Group,Endrick,2025-26,in,in,loan,1,19.0,Centre-Forward,25000000.0,0.0,,0.0,25000000.0,0.875,0.6242,0.3985,0.3985,0.4283,0.5,0.5,0.1611,0.536,0.4,0.65,0.5,85,0.82,0,0.6833,unclear,report,1,1,0.4283,0.4283,0.3985,0.3985,Eagle Football Group,in,Eagle Football Group,Real Madrid,Eagle Football Group,buyer,in,holding_company,EFG.PA,^FCHI,direct,1,1,0,
6efa94d388e0efad,d04c4fdb3227caa4,"Mon, 18 May 2026 08:33:23 GMT",2026-05-18,2026-05-18,Google News Global EN,,Eagle Football Group,Eagle Football Group,Endrick,2025-26,in,in,loan,1,19.0,Centre-Forward,25000000.0,0.0,,0.0,25000000.0,0.875,0.6242,0.3985,0.3985,0.4283,0.5,0.5,0.1611,0.536,0.4,0.65,0.5,85,0.82,0,0.6833,unclear,report,1,1,0.4283,0.4283,0.3985,0.3985,Eagle Football Group,in,Eagle Football Group,Real Madrid,Eagle Football Group,buyer,in,holding_company,EFG.PA,^FCHI,direct,1,1,0,
3ee196af7fe0ab80,950a684846efcf28,"Wed, 20 May 2026 14:18:58 GMT",2026-05-20,2026-05-20,Google News Global EN,,Eagle Football Group,Eagle Football Group,Corentin Tolisso,2025-26,unclear,unclear,unclear,0,,,,,,0.0,0.0,0.0,0.0,0.4375,0.4375,0.4508,0.5,0.5,0.1611,0.536,0.55,0.65,0.5,85,0.0,0,0.0,talks,report,1,1,0.4508,0.4508,0.4375,0.4375,Eagle Football Group,unclear,,,,,,,,,none,0,0,0,
54b990962c2c64b6,1f51f611e2c50841,"Tue, 12 May 2026 07:00:00 GMT",2026-05-12,2026-05-12,Google News Global EN,,Eagle Football Group,Eagle Football Group,Endrick,2025-26,in,in,loan,1,19.0,Centre-Forward,25000000.0,0.0,,0.0,25000000.0,0.875,0.6242,0.3985,0.3985,0.4283,0.5,0.5,0.1611,0.536,0.4,0.65,0.5,85,0.82,0,0.6833,unclear,report,1,1,0.4283,0.4283,0.3985,0.3985,Eagle Football Group,in,Eagle Football Group,Real Madrid,Eagle Football Group,buyer,in,holding_company,EFG.PA,^FCHI,direct,1,1,0,
d54f585d0b14bae9,51211dd7a48d6abe,"Fri, 01 May 2026 07:00:00 GMT",2026-05-01,2026-05-01,Google News Global EN,,Eagle Football Group,Eagle Football Group,Endrick,2025-26,in,in,loan,1,19.0,Centre-Forward,25000000.0,0.0,,0.0,25000000.0,0.875,0.6242,0.3985,0.3985,0.4283,0.5,0.5,0.1611,0.536,0.4,0.65,0.5,85,0.82,0,0.6833,unclear,report,1,1,0.4283,0.4283,0.3985,0.3985,Eagle Football Group,in,Eagle Football Group,Real Madrid,Eagle Football Group,buyer,in,holding_company,EFG.PA,^FCHI,direct,1,1,0,
