claim_id,article_id,published_at,date,published_date,source,journalist,club,subject_club,player,season,direction,subject_direction,transfer_type,is_loan,age,position,market_value_eur,transfer_fee_eur,wage_eur_annual,fee_to_market,market_minus_fee_eur,transfer_quality,transfer_indicator,rumor_strength,rumor_indicator,credibility_score,source_reputation_score,journalist_reputation_score,historical_conversion_score,club_specific_score,rumor_stage_score,article_type_score,time_to_confirmation_score,historical_support_n,match_score,ambiguity_flag,entity_match_indicator,rumor_stage,article_type,source_diversity,rumor_count,max_credibility,avg_credibility,max_rumor_strength,avg_rumor_strength,buyer_club,seller_club,target_club,target_role,target_direction,target_entity_type,target_ticker,target_market_symbol,prediction_scope,public_target_count,has_public_buyer,has_public_seller,label,market_feature_backend,market_feature_status,market_feature_notes,event_date_used,event_trading_date,event_trading_offset_days,estimation_points,market_model_alpha,market_model_beta,pre_window_ok_30d,post_window_ok_10d,pre_raw_return_m1,pre_raw_return_m3,pre_raw_return_m5,pre_raw_return_m10,pre_raw_return_m20,pre_raw_return_m30,pre_market_return_m1,pre_market_return_m3,pre_market_return_m5,pre_market_return_m10,pre_market_return_m20,pre_market_return_m30,pre_abnormal_return_m1,pre_abnormal_return_m3,pre_abnormal_return_m5,pre_abnormal_return_m10,raw_return_0_p1,raw_return_0_p3,raw_return_0_p5,raw_return_0_p10,market_return_0_p1,market_return_0_p3,market_return_0_p5,market_return_0_p10,abnormal_return_0_p1,abnormal_return_0_p3,abnormal_return_0_p5,abnormal_return_0_p10,pre_volatility_20d,post_volatility_20d,volatility_shift_20d,pre_close_zscore_20d,event_close_zscore_20d,pre_volume_zscore_20d,event_volume_zscore_20d,relative_volume_20d,target_abnormal_return_p3,target_label_p3
b23c4c0f9a6f1d3f,6c319f52545abc8c,20230614T163000Z,2023-06-14,2023-06-14,bignewsnetwork.com,,Borussia Dortmund,Borussia Dortmund,Jude Bellingham,2022-23,in,in,unclear,0,,,,,,0.0,0.0,0.0,0.0,0.6274,0.6274,0.5351,0.5,0.5,0.4167,0.1422,0.95,0.9,0.5,1,0.0,0,0.0,official,official,1,1,0.5351,0.5351,0.6274,0.6274,,,,,,,,,none,0,0,0,,python_fallback,no_public_target,no_public_target,2023-06-14,,,,,,,,,,,,,,,,,,,,,,,,,,,,,,,,,,,,,,,,,,,,,
c0c8b383a824d703,5c5e806b6cd0cd6a,20230615T164500Z,2023-06-15,2023-06-15,hypebeast.com,,Borussia Dortmund,Borussia Dortmund,Jude Bellingham,2022-23,unclear,unclear,unclear,0,,,,,,0.0,0.0,0.0,0.0,0.4544,0.4544,0.4401,0.5,0.5,0.4167,0.1422,0.4,0.65,0.5,1,0.0,0,0.0,unclear,report,1,1,0.4401,0.4401,0.4544,0.4544,,,,,,,,,none,0,0,0,,python_fallback,no_public_target,no_public_target,2023-06-15,,,,,,,,,,,,,,,,,,,,,,,,,,,,,,,,,,,,,,,,,,,,,
21d57994d8dfd201,21cb6900fa532e31,20210701T154500Z,2021-07-01,2021-07-01,pressandjournal.co.uk,,Manchester United,Manchester United,Jadon Sancho,2021-22,in,in,permanent,0,21.0,Left Winger,100000000.0,85000000.0,,0.85,15000000.0,0.7337,0.6069,0.5281,0.5281,0.5036,0.5,0.5,0.5833,0.3691,0.4,0.65,0.65,1,0.88,0,0.7333,unclear,report,1,1,0.5036,0.5036,0.5281,0.5281,Manchester United,Dortmund,Manchester United,buyer,in,club,MANU,^GSPC,direct,2,1,1,,python_fallback,ok,,2021-07-01,2021-07-01,0,118,-0.00087,0.514125,1,1,-0.001315,-0.021893,-0.0181,-0.017464,-0.029393,-0.043451,0.001328,0.003925,0.013122,0.017473,0.02124,0.041104,-0.001128,-0.021382,-0.020467,-0.01772,0.009217,-0.016458,-0.011192,-0.005925,0.012761,0.014108,0.016766,0.006902,0.004399,-0.020144,-0.014431,0.000371,0.008313,0.012834,0.004522,-2.165566,-1.304506,-0.300026,0.509687,1.318305,-0.020144,negative
21d57994d8dfd201,21cb6900fa532e31,20210701T154500Z,2021-07-01,2021-07-01,pressandjournal.co.uk,,Borussia Dortmund,Manchester United,Jadon Sancho,2021-22,out,in,permanent,0,21.0,Left Winger,100000000.0,85000000.0,,0.85,15000000.0,0.6362,0.5556,0.5281,0.5281,0.5036,0.5,0.5,0.5833,0.3691,0.4,0.65,0.65,1,0.88,0,0.7333,unclear,report,1,1,0.5036,0.5036,0.5281,0.5281,Manchester United,Dortmund,Borussia Dortmund,seller,out,club,BVB.DE,^GDAXI,direct,2,1,1,,python_fallback,ok,,2021-07-01,2021-07-01,0,119,0.00087,0.58744,1,1,-0.002408,-0.011924,-0.006395,-0.026625,0.022204,-0.02203,-0.010169,-0.004929,0.00483,-0.011427,-0.004593,0.009389,0.002696,-0.011722,-0.013528,-0.028696,0.010459,0.016895,-0.037812,-0.012872,0.007665,-0.001266,-0.007108,0.00635,0.004783,0.014616,-0.03832,-0.024759,0.011205,0.017825,0.00662,-0.81251,0.548206,-0.453183,0.753662,1.388039,0.014616,neutral
c8242c7d6f1024f3,2630c408b54ee63e,20230728T104500Z,2023-07-28,2023-07-28,caughtoffside.com,,Manchester United,Manchester United,Rasmus Højlund,2023-24,in,in,permanent,0,20.0,Centre-Forward,45000000.0,77800000.0,,1.7289,-32800000.0,0.511,0.3888,0.5263,0.5263,0.5023,0.5,0.5,0.5769,0.3691,0.4,0.65,0.65,8,0.88,0,0.7333,unclear,report,1,1,0.5023,0.5023,0.5263,0.5263,Manchester United,Atalanta,Manchester United,buyer,in,club,MANU,^GSPC,direct,1,1,0,,python_fallback,ok,,2023-07-28,2023-07-28,0,120,0.00031,0.270597,1,1,-0.011675,-0.011231,0.002733,-0.040959,-0.123806,-0.038865,-0.006425,-0.003783,0.00056,0.006069,0.036682,0.038544,-0.010246,-0.011131,0.001638,-0.043141,0.006815,-0.070423,-0.069514,0.040436,0.011361,-0.005294,-0.013087,-0.016168,0.003496,-0.068525,-0.065746,0.054985,0.021053,0.04531,0.024258,-1.263195,-0.645396,-1.087106,-0.567143,0.728477,-0.068525,negative
f2574ff8a59eaba5,d8f66574b582ead9,20230801T210000Z,2023-08-01,2023-08-01,caughtoffside.com,,Manchester United,Manchester United,Rasmus Højlund,2023-24,in,in,permanent,0,20.0,Centre-Forward,45000000.0,77800000.0,,1.7289,-32800000.0,0.511,0.3888,0.6803,0.6803,0.5873,0.5,0.5,0.5769,0.3691,0.9,0.65,0.85,8,0.9,0,0.75,medical,report,1,1,0.5873,0.5873,0.6803,0.6803,Manchester United,Atalanta,Manchester United,buyer,in,club,MANU,^GSPC,direct,1,1,0,,python_fallback,ok,,2023-08-01,2023-08-01,0,120,0.000423,0.270161,1,1,-0.015986,-0.004939,-0.004492,-0.063002,-0.091058,-0.106812,0.001469,0.004863,0.007535,0.01463,0.031139,0.036856,-0.016806,-0.007089,-0.0082,-0.069933,-0.076715,-0.075812,0.05731,0.066336,-0.016468,-0.024173,-0.019521,-0.032927,-0.072256,-0.069707,0.072253,0.084323,0.021816,0.044941,0.023126,-0.960237,-3.022862,-0.620927,3.904944,2.920781,-0.069707,negative
4ec8f9c77564f43c,2cf45bfd3fcfb930,20230729T150000Z,2023-07-29,2023-07-29,thepeoplesperson.com,,Manchester United,Manchester United,Rasmus Højlund,2023-24,in,in,permanent,0,20.0,Centre-Forward,45000000.0,77800000.0,,1.7289,-32800000.0,0.511,0.3888,0.5688,0.5688,0.5255,0.5,0.5,0.6429,0.3691,0.4,0.65,0.85,2,0.9,0,0.75,unclear,report,1,1,0.5255,0.5255,0.5688,0.5688,Manchester United,Atalanta,Manchester United,buyer,in,club,MANU,^GSPC,direct,1,1,0,,python_fallback,ok,,2023-07-29,2023-07-31,2,120,0.000134,0.27068,1,1,0.023171,0.009413,0.041628,-0.017452,-0.083435,-0.030146,0.009878,0.003234,0.010116,0.017048,0.042259,0.047944,0.020364,0.008409,0.038136,-0.019857,-0.100355,-0.106572,0.040853,0.073712,-0.0012,-0.017533,-0.013921,-0.020189,-0.10167,-0.104248,0.056901,0.09076,0.021672,0.045147,0.023474,-0.645396,-0.960237,-0.567143,-0.620927,0.702869,-0.104248,negative
3744987aac524efb,52441ca4ab8897b6,20250807T110000Z,2025-08-07,2025-08-07,teamtalk.com,,Manchester United,Manchester United,Benjamin Sesko,2025-26,in,in,permanent,0,22.0,Centre-Forward,70000000.0,76500000.0,,1.0929,-6500000.0,0.7041,0.5358,0.5097,0.5097,0.4797,0.5,0.5,0.3889,0.3691,0.4,0.65,0.95,4,0.9,0,0.75,unclear,report,1,1,0.4797,0.4797,0.5097,0.5097,Manchester United,Leipzig,Manchester United,buyer,in,club,MANU,^GSPC,direct,1,1,0,,python_fallback,ok,,2025-08-07,2025-08-07,0,120,0.000708,0.749604,1,1,-0.001666,0.023335,0.022172,-0.010457,0.017544,-0.065489,0.007282,0.017161,-0.002804,-0.002178,0.01306,0.041509,-0.007833,0.008237,0.020441,-0.015299,-0.026696,-0.022247,-0.031146,-0.043938,0.006996,0.015871,0.019461,0.003957,-0.033331,-0.036727,-0.049913,-0.054853,0.011961,0.023098,0.011137,1.300427,1.272391,-1.16504,-0.174994,0.957631,-0.036727,negative
c7535394d2e8856c,c3dd2c7fd2de0b10,20250601T163000Z,2025-06-01,2025-06-01,telecomasia.net,,Manchester United,Manchester United,Matheus Cunha,2024-25,in,in,unclear,0,,,,,,0.0,0.0,0.0,0.0,0.4634,0.4634,0.4627,0.5,0.5,0.4167,0.3691,0.4,0.65,0.5,1,0.0,0,0.0,unclear,report,1,1,0.4627,0.4627,0.4634,0.4634,,,,,,,,,none,0,0,0,,python_fallback,no_public_target,no_public_target,2025-06-01,,,,,,,,,,,,,,,,,,,,,,,,,,,,,,,,,,,,,,,,,,,,,
ebad462f299b0ba7,4f43e2f463088ba0,20220707T173000Z,2022-07-07,2022-07-07,thehardtackle.com,,Juventus,Juventus,Matthijs de Ligt,2022-23,out,out,permanent,0,22.0,Centre-Back,70000000.0,67000000.0,,0.9571,3000000.0,0.6604,0.5838,0.4903,0.4903,0.4819,0.5,0.5,0.4375,0.4439,0.4,0.65,0.65,3,0.88,0,0.7333,unclear,report,1,1,0.4819,0.4819,0.4903,0.4903,Bayern Munich,Juventus,Juventus,seller,out,club,JUVE.MI,FTSEMIB.MI,direct,1,0,1,,python_fallback,ok,,2022-07-07,2022-07-07,0,120,0.002599,0.980863,1,1,0.00441,0.012785,-0.003282,-0.011931,-0.060825,0.044126,0.010432,-0.020323,-0.041816,-0.039837,-0.136816,-0.137278,-0.008421,0.024666,0.025002,0.0013,0.059275,-0.039517,-0.083974,-0.031833,0.040772,0.027006,-0.017542,0.013192,0.013576,-0.074157,-0.082806,-0.070006,0.024351,0.025116,0.000765,0.070646,0.855304,-0.925117,0.095276,1.034514,-0.074157,negative
d2869804aeb56727,b8ef582fb0444565,20220705T101500Z,2022-07-05,2022-07-05,90min.com,,Juventus,Juventus,Matthijs de Ligt,2022-23,out,out,permanent,0,22.0,Centre-Back,70000000.0,67000000.0,,0.9571,3000000.0,0.6604,0.5838,0.5571,0.5571,0.5339,0.5,0.5,0.6875,0.4439,0.48,0.45,0.65,3,0.88,0,0.7333,linked,aggregate,1,1,0.5339,0.5339,0.5571,0.5571,Bayern Munich,Juventus,Juventus,seller,out,club,JUVE.MI,FTSEMIB.MI,direct,1,0,1,,python_fallback,ok,,2022-07-05,2022-07-05,0,120,0.002293,0.986395,1,1,0.013897,-0.002188,-0.02512,-0.020408,-0.0727,0.036364,-0.000515,-0.022442,-0.026677,-0.029995,-0.131157,-0.115714,0.012112,0.01318,-0.010208,-0.013677,-0.001096,0.058114,-0.04057,-0.008224,-0.019818,0.020146,0.006653,0.016492,0.013582,0.027545,-0.059502,-0.046329,0.024316,0.024838,0.000522,-0.094564,-0.141848,-1.582617,-1.589621,0.473242,0.027545,positive
6e9458f9d3295603,2ce8c4ca03324e69,20240718T233000Z,2024-07-18,2024-07-18,caughtoffside.com,,Manchester United,Manchester United,Leny Yoro,2024-25,in,in,permanent,0,18.0,Centre-Back,50000000.0,62000000.0,,1.24,-12000000.0,0.571,0.3855,0.6715,0.6715,0.5803,0.5,0.5,0.5769,0.3691,0.82,0.65,0.95,8,0.9,0,0.75,agreed,report,1,1,0.5803,0.5803,0.6715,0.6715,Manchester United,Lille,Manchester United,buyer,in,club,MANU,^GSPC,direct,1,1,0,,python_fallback,ok,,2024-07-18,2024-07-18,0,120,-0.000916,-0.119227,1,1,-0.024461,-0.005935,-0.004753,0.030769,0.024465,-0.03011,-0.013928,-0.004823,-0.008101,0.014387,0.021019,0.057703,-0.025205,-0.002774,-0.000138,0.044087,-0.003582,0.005373,0.020299,0.002388,-0.014901,-0.005821,-0.03383,-0.025337,-0.00353,0.0086,0.022042,0.010427,0.01874,0.01411,-0.004629,1.231129,0.943014,0.281269,1.994092,1.934291,0.0086,neutral
a7607c12aeecff20,2d06da7c4debf117,20240718T093000Z,2024-07-18,2024-07-18,caughtoffside.com,,Manchester United,Manchester United,Leny Yoro,2024-25,in,in,permanent,0,18.0,Centre-Back,50000000.0,62000000.0,,1.24,-12000000.0,0.571,0.3855,0.5863,0.5863,0.5273,0.5,0.5,0.5769,0.3691,0.4,0.85,0.95,8,0.9,0,0.75,unclear,exclusive,1,1,0.5273,0.5273,0.5863,0.5863,Manchester United,Lille,Manchester United,buyer,in,club,MANU,^GSPC,direct,1,1,0,,python_fallback,ok,,2024-07-18,2024-07-18,0,120,-0.000916,-0.119227,1,1,-0.024461,-0.005935,-0.004753,0.030769,0.024465,-0.03011,-0.013928,-0.004823,-0.008101,0.014387,0.021019,0.057703,-0.025205,-0.002774,-0.000138,0.044087,-0.003582,0.005373,0.020299,0.002388,-0.014901,-0.005821,-0.03383,-0.025337,-0.00353,0.0086,0.022042,0.010427,0.01874,0.01411,-0.004629,1.231129,0.943014,0.281269,1.994092,1.934291,0.0086,neutral
18322e26c6949504,0f1249d7cd621ee3,20220715T124500Z,2022-07-15,2022-07-15,dailypost.ng,,Manchester United,Manchester United,Lisandro Martínez,2022-23,in,in,permanent,0,24.0,Centre-Back,32000000.0,57370000.0,,1.7928,-25370000.0,0.5966,0.4983,0.5448,0.5448,0.5155,0.5,0.5,0.6429,0.3691,0.4,0.65,0.65,2,0.88,0,0.7333,unclear,report,1,1,0.5155,0.5155,0.5448,0.5448,Manchester United,Ajax,Manchester United,buyer,in,club,MANU,^GSPC,direct,2,1,1,,python_fallback,ok,,2022-07-15,2022-07-15,0,120,-0.001483,0.583647,1,1,0.014111,0.02569,-0.006452,-0.043478,-0.003697,-0.155172,-0.002999,-0.016617,-0.02876,-0.00745,0.014697,-0.08271,0.017344,0.039799,0.018414,-0.024488,0.022264,0.034323,0.033395,0.033395,0.010677,0.044724,0.04518,0.089677,0.018904,0.014111,0.016038,-0.000619,0.019624,0.030054,0.01043,-0.866047,-0.153662,-0.348721,-0.817643,0.549516,0.014111,neutral
18322e26c6949504,0f1249d7cd621ee3,20220715T124500Z,2022-07-15,2022-07-15,dailypost.ng,,Ajax NV,Manchester United,Lisandro Martínez,2022-23,out,in,permanent,0,24.0,Centre-Back,32000000.0,57370000.0,,1.7928,-25370000.0,0.8484,0.8031,0.5448,0.5448,0.5155,0.5,0.5,0.6429,0.3691,0.4,0.65,0.65,2,0.88,0,0.7333,unclear,report,1,1,0.5155,0.5155,0.5448,0.5448,Manchester United,Ajax,Ajax NV,seller,out,club,AJAX.AS,^AEX,direct,2,1,1,,python_fallback,ok,,2022-07-15,2022-07-15,0,120,-0.000776,0.24093,1,1,0.00813,-0.008,-0.011952,0.0,0.050847,-0.015873,-0.00931,-0.014137,-0.017441,0.000728,0.033477,-0.062166,0.011149,-0.00213,-0.003731,0.007733,0.004032,0.0,0.012097,0.008065,0.032423,0.052599,0.068712,0.105698,-0.002135,-0.008812,0.001309,-0.006291,0.015792,0.013784,-0.002008,0.434523,0.700165,0.328661,-0.406917,0.510319,-0.008812,neutral
c3ed948da4797835,1f119b44a473b936,20220717T143000Z,2022-07-17,2022-07-17,90min.com,,Manchester United,Manchester United,Lisandro Martínez,2022-23,in,in,permanent,0,24.0,Centre-Back,32000000.0,57370000.0,,1.7928,-25370000.0,0.5966,0.4983,0.6665,0.6665,0.5874,0.5,0.5,0.6875,0.3691,0.82,0.65,0.65,3,0.88,0,0.7333,agreed,report,1,1,0.5874,0.5874,0.6665,0.6665,Manchester United,Ajax,Manchester United,buyer,in,club,MANU,^GSPC,direct,2,1,1,,python_fallback,ok,,2022-07-17,2022-07-18,1,120,-0.001545,0.582733,1,1,0.022264,0.031835,0.027027,-0.008993,0.004558,-0.122611,0.019201,0.011616,-0.009289,0.020547,0.019306,-0.058048,0.012619,0.029483,0.040349,-0.004594,0.012704,0.024501,0.021779,0.014519,0.019034,0.03515,0.026838,0.06613,0.004568,0.010135,0.015383,-0.005695,0.020002,0.030965,0.010963,-0.153662,-0.161252,-0.817643,-0.892399,0.520503,0.010135,neutral
c3ed948da4797835,1f119b44a473b936,20220717T143000Z,2022-07-17,2022-07-17,90min.com,,Ajax NV,Manchester United,Lisandro Martínez,2022-23,out,in,permanent,0,24.0,Centre-Back,32000000.0,57370000.0,,1.7928,-25370000.0,0.8484,0.8031,0.6665,0.6665,0.5874,0.5,0.5,0.6875,0.3691,0.82,0.65,0.65,3,0.88,0,0.7333,agreed,report,1,1,0.5874,0.5874,0.6665,0.6665,Manchester United,Ajax,Ajax NV,seller,out,club,AJAX.AS,^AEX,direct,2,1,1,,python_fallback,ok,,2022-07-17,2022-07-18,1,120,-0.000772,0.241048,1,1,0.008065,0.0,-0.007937,0.01626,0.05042,-0.007937,0.018508,0.001849,-0.003411,0.024768,0.056893,-0.04106,0.004375,0.002008,-0.003122,0.018068,0.016,0.012,0.004,0.0,0.026119,0.048652,0.052224,0.08373,0.011369,0.004185,-0.002996,-0.009528,0.015785,0.014144,-0.00164,0.700165,0.444378,-0.406917,-0.453578,0.462255,0.004185,neutral
b9e18b058a19363e,786906eaa1b22bd7,20250607T194500Z,2025-06-07,2025-06-07,caughtoffside.com,,Borussia Dortmund,Borussia Dortmund,Jamie Gittens,2024-25,unclear,unclear,unclear,0,,,,,,0.0,0.0,0.0,0.0,0.4992,0.4992,0.4721,0.5,0.5,0.5769,0.1422,0.4,0.65,0.5,8,0.0,0,0.0,unclear,report,1,1,0.4721,0.4721,0.4992,0.4992,,,,,,,,,none,0,0,0,,python_fallback,no_public_target,no_public_target,2025-06-07,,,,,,,,,,,,,,,,,,,,,,,,,,,,,,,,,,,,,,,,,,,,,
1db4a57d691d1b82,d5007806863d21b5,20250703T210000Z,2025-07-03,2025-07-03,arabnews.com,,Borussia Dortmund,Borussia Dortmund,Jamie Gittens,2025-26,out,out,permanent,0,20.0,Left Winger,50000000.0,56000000.0,,1.12,-6000000.0,0.697,0.6265,0.555,0.555,0.4959,0.5,0.5,0.5833,0.1422,0.4,0.65,0.95,1,0.78,0,0.65,unclear,report,1,1,0.4959,0.4959,0.555,0.555,Chelsea,Borussia Dortmund,Borussia Dortmund,seller,out,club,BVB.DE,^GDAXI,direct,1,0,1,,python_fallback,ok,,2025-07-03,2025-07-03,0,120,0.001626,0.159796,1,1,0.007712,0.005128,0.009009,0.035667,0.037037,0.026178,0.004935,-0.010116,0.012417,0.020255,-0.020035,-0.013775,0.005298,0.001961,-0.000833,0.015936,-0.01148,-0.021684,-0.006378,0.003826,-0.000112,0.01752,0.028024,0.024414,-0.014742,-0.030864,-0.020174,-0.017412,0.010854,0.010988,0.000134,1.811045,1.410295,1.76649,0.879414,1.547887,-0.030864,negative
bcc20d7a27c499a4,322e674d8308e297,20240614T090000Z,2024-06-14,2024-06-14,teamtalk.com,,Juventus,Juventus,Douglas Luiz,2023-24,unclear,unclear,unclear,0,,,,,,0.0,0.0,0.0,0.0,0.4587,0.4587,0.4647,0.5,0.5,0.3889,0.4439,0.4,0.65,0.5,4,0.0,0,0.0,unclear,report,1,1,0.4647,0.4647,0.4587,0.4587,,,,,,,,,none,0,0,0,,python_fallback,no_public_target,no_public_target,2024-06-14,,,,,,,,,,,,,,,,,,,,,,,,,,,,,,,,,,,,,,,,,,,,,
bbb7ecac436e9fe0,8a055cab2573209a,20220719T164500Z,2022-07-19,2022-07-19,90min.com,,Juventus,Juventus,Bremer,2022-23,in,in,permanent,0,25.0,Centre-Back,35000000.0,51300000.0,,1.4657,-16300000.0,0.6452,0.5059,0.5963,0.5963,0.5469,0.5,0.5,0.6875,0.4439,0.4,0.65,0.95,3,0.98,0,0.8167,unclear,report,1,1,0.5469,0.5469,0.5963,0.5963,Juventus,Torino,Juventus,buyer,in,club,JUVE.MI,FTSEMIB.MI,direct,1,1,0,,python_fallback,ok,,2022-07-19,2022-07-19,0,120,0.002496,0.976656,1,1,0.03312,0.016581,-0.034221,-0.025219,-0.045113,-0.096085,0.011274,-0.005497,-0.0185,-0.008199,-0.037948,-0.138281,0.019613,0.015615,-0.026574,-0.039006,0.007312,0.008999,-0.003375,0.015748,0.008456,0.002031,-0.000425,0.055836,-0.006155,-0.002999,-0.017948,-0.065095,0.024343,0.013075,-0.011268,-0.753727,-0.169085,-0.442289,-0.512364,0.641565,-0.002999,neutral
b600877f02571277,a35655d6547c58fd,20220721T063000Z,2022-07-21,2022-07-21,daijiworld.com,,Juventus,Juventus,Bremer,2022-23,in,in,permanent,0,25.0,Centre-Back,35000000.0,51300000.0,,1.4657,-16300000.0,0.6452,0.5059,0.5671,0.5671,0.5261,0.5,0.5,0.5833,0.4439,0.4,0.65,0.95,1,0.98,0,0.8167,unclear,report,1,1,0.5261,0.5261,0.5671,0.5671,Juventus,Torino,Juventus,buyer,in,club,JUVE.MI,FTSEMIB.MI,direct,1,1,0,,python_fallback,ok,,2022-07-21,2022-07-21,0,120,0.00208,0.98883,1,1,-0.00995,0.040674,0.024014,-0.017014,-0.028742,-0.076804,-0.01604,0.019825,0.002913,0.02041,-0.02024,-0.119198,0.00383,0.01446,0.011486,-0.054261,0.001675,-0.010609,0.014517,0.017867,-0.006371,-0.008806,0.027356,0.060802,0.004065,-0.010024,-0.024668,-0.06339,0.024723,0.013117,-0.011607,-0.439528,-0.84581,-0.101611,0.613173,1.437722,-0.010024,neutral
3ce6745643f206e0,76ea88ccdce11ce6,20230714T130000Z,2023-07-14,2023-07-14,caughtoffside.com,,Manchester United,Manchester United,André Onana,2023-24,in,in,permanent,0,27.0,Goalkeeper,35000000.0,50200000.0,,1.4343,-15200000.0,0.6023,0.4511,0.5503,0.5503,0.5123,0.5,0.5,0.5769,0.3691,0.4,0.65,0.85,8,0.9,0,0.75,unclear,report,1,1,0.5123,0.5123,0.5503,0.5503,Manchester United,Inter,Manchester United,buyer,in,club,MANU,^GSPC,direct,1,1,0,,python_fallback,ok,,2023-07-14,2023-07-14,0,120,0.001098,0.222821,1,1,0.001309,-0.009922,-0.055944,-0.086385,0.002183,0.228587,0.00847,0.022794,0.022316,0.030428,0.03228,0.07241,-0.001676,-0.018104,-0.066772,-0.106532,0.030501,-0.038344,-0.057952,-0.018736,0.002827,0.012346,0.005831,0.016006,0.027716,-0.043427,-0.064662,-0.030861,0.032337,0.042933,0.010596,-0.774161,-0.814147,-0.692712,-0.572778,0.394532,-0.043427,negative
15c8958c3f2d3e8c,ac6ca3bfe6c6ceb2,20230714T073000Z,2023-07-14,2023-07-14,dailypost.ng,,Manchester United,Manchester United,André Onana,2023-24,in,in,permanent,0,27.0,Goalkeeper,35000000.0,50200000.0,,1.4343,-15200000.0,0.6023,0.4511,0.5688,0.5688,0.5255,0.5,0.5,0.6429,0.3691,0.4,0.65,0.85,2,0.9,0,0.75,unclear,report,1,1,0.5255,0.5255,0.5688,0.5688,Manchester United,Inter,Manchester United,buyer,in,club,MANU,^GSPC,direct,1,1,0,,python_fallback,ok,,2023-07-14,2023-07-14,0,120,0.001098,0.222821,1,1,0.001309,-0.009922,-0.055944,-0.086385,0.002183,0.228587,0.00847,0.022794,0.022316,0.030428,0.03228,0.07241,-0.001676,-0.018104,-0.066772,-0.106532,0.030501,-0.038344,-0.057952,-0.018736,0.002827,0.012346,0.005831,0.016006,0.027716,-0.043427,-0.064662,-0.030861,0.032337,0.042933,0.010596,-0.774161,-0.814147,-0.692712,-0.572778,0.394532,-0.043427,negative
7325ca39fba594b1,7383bd5745a31dda,20230717T221500Z,2023-07-17,2023-07-17,thepeoplesperson.com,,Manchester United,Manchester United,André Onana,2023-24,in,in,permanent,0,27.0,Goalkeeper,35000000.0,50200000.0,,1.4343,-15200000.0,0.6023,0.4511,0.5808,0.5808,0.5305,0.5,0.5,0.6429,0.3691,0.4,0.65,0.95,2,0.9,0,0.75,unclear,report,1,1,0.5305,0.5305,0.5808,0.5808,Manchester United,Inter,Manchester United,buyer,in,club,MANU,^GSPC,direct,1,1,0,,python_fallback,ok,,2023-07-17,2023-07-17,0,120,0.001134,0.225728,1,1,-0.001307,0.007473,-0.055235,-0.067155,-0.01292,0.186335,-0.001024,0.014903,0.024203,0.024788,0.030378,0.077895,-0.00221,0.000719,-0.066681,-0.085148,0.031414,-0.042321,-0.028796,-0.033159,0.011,0.006537,0.010925,0.018542,0.026683,-0.046442,-0.035125,-0.046541,0.032193,0.042932,0.01074,-0.814147,0.0598,-0.572778,-0.112986,0.87462,-0.046442,negative
5b582b8747bb720e,dba44c7b1efe8d55,2023-06-14T10:16:08Z,2023-06-14,2023-06-14,The Guardian / David Tindall,David Tindall,Borussia Dortmund,Borussia Dortmund,Jude Bellingham,2022-23,out,out,unclear,0,,,,,,0.0,0.0,0.0,0.0,0.5962,0.5962,0.653,0.84,0.742,0.7,0.371,0.4,0.65,0.5,2,0.0,0,0.0,unclear,report,1,1,0.653,0.653,0.5962,0.5962,,,,,,,,,none,0,0,0,,python_fallback,no_public_target,no_public_target,2023-06-14,,,,,,,,,,,,,,,,,,,,,,,,,,,,,,,,,,,,,,,,,,,,,
3a2d14bdaac010a1,af2a27993f3c1cda,2023-06-07T14:13:42Z,2023-06-07,2023-06-07,The Guardian / Fabrizio Romano,Fabrizio Romano,Borussia Dortmund,Borussia Dortmund,Jude Bellingham,2022-23,in,in,unclear,0,,,,,,0.0,0.0,0.0,0.0,0.7817,0.7817,0.8182,0.95,0.8428,0.7969,0.6029,0.9,0.65,0.5,22,0.0,0,0.0,medical,report,1,1,0.8182,0.8182,0.7817,0.7817,,,,,,,,,none,0,0,0,,python_fallback,no_public_target,no_public_target,2023-06-07,,,,,,,,,,,,,,,,,,,,,,,,,,,,,,,,,,,,,,,,,,,,,
13c5cebe975ba686,a2081868c129d29f,2023-06-22T09:28:36Z,2023-06-22,2023-06-22,The Guardian / Daniel Gallan,Daniel Gallan,Borussia Dortmund,Borussia Dortmund,Jude Bellingham,2022-23,in,in,unclear,0,,,,,,0.0,0.0,0.0,0.0,0.593,0.593,0.655,0.84,0.742,0.7,0.371,0.48,0.45,0.5,2,0.0,0,0.0,linked,aggregate,1,1,0.655,0.655,0.593,0.593,,,,,,,,,none,0,0,0,,python_fallback,no_public_target,no_public_target,2023-06-22,,,,,,,,,,,,,,,,,,,,,,,,,,,,,,,,,,,,,,,,,,,,,
1856f5bec7c6a82c,bf1e8613c892eaf9,2023-06-15T14:50:48Z,2023-06-15,2023-06-15,The Guardian / Sid Lowe in Madrid,Sid Lowe in Madrid,Borussia Dortmund,Borussia Dortmund,Jude Bellingham,2022-23,in,in,unclear,0,,,,,,0.0,0.0,0.0,0.0,0.5233,0.5233,0.5957,0.84,0.672,0.6,0.288,0.4,0.35,0.5,4,0.0,0,0.0,unclear,analysis,1,1,0.5957,0.5957,0.5233,0.5233,,,,,,,,,none,0,0,0,,python_fallback,no_public_target,no_public_target,2023-06-15,,,,,,,,,,,,,,,,,,,,,,,,,,,,,,,,,,,,,,,,,,,,,
1672f4ffa1bbade4,f8e46181a5ee7563,2022-08-30T12:06:45Z,2022-08-30,2022-08-30,The Guardian / Jamie Jackson,Jamie Jackson,Manchester United,Manchester United,Antony,2022-23,in,in,permanent,0,22.0,Right Winger,35000000.0,95000000.0,,2.7143,-60000000.0,0.5,0.4167,0.7628,0.7628,0.7483,0.84,0.6842,0.6174,0.6295,0.9,0.65,0.95,36,1.06,0,0.8833,medical,report,1,1,0.7483,0.7483,0.7628,0.7628,Manchester United,Ajax,Manchester United,buyer,in,club,MANU,^GSPC,direct,2,1,1,,python_fallback,ok,,2022-08-30,2022-08-30,0,120,0.000686,0.705235,1,1,-0.005327,-0.026081,-0.014329,0.023493,0.169052,0.186025,-0.006666,-0.026604,-0.02595,-0.062025,-0.021371,0.052145,-0.001312,-0.009375,0.000831,0.064489,0.028309,0.030604,0.114002,0.123183,-0.018759,-0.026386,-0.012589,-0.020989,0.040029,0.046362,0.115309,0.127617,0.035333,0.026803,-0.00853,0.541484,0.67025,-0.327922,-0.459397,0.325025,0.046362,positive
1672f4ffa1bbade4,f8e46181a5ee7563,2022-08-30T12:06:45Z,2022-08-30,2022-08-30,The Guardian / Jamie Jackson,Jamie Jackson,Ajax NV,Manchester United,Antony,2022-23,out,in,permanent,0,22.0,Right Winger,35000000.0,95000000.0,,2.7143,-60000000.0,0.895,0.8575,0.7628,0.7628,0.7483,0.84,0.6842,0.6174,0.6295,0.9,0.65,0.95,36,1.06,0,0.8833,medical,report,1,1,0.7483,0.7483,0.7628,0.7628,Manchester United,Ajax,Ajax NV,seller,out,club,AJAX.AS,^AEX,direct,2,1,1,,python_fallback,ok,,2022-08-30,2022-08-30,0,120,0.000695,0.166419,1,1,-0.010526,0.003559,0.003559,0.119048,0.128,0.13253,-0.009573,-0.021686,-0.017875,-0.041914,-0.040993,0.025297,-0.009628,0.005381,0.003392,0.115453,-0.039007,-0.035461,-0.035461,-0.039007,-0.025804,-0.028296,-0.033022,-0.020191,-0.03646,-0.03371,-0.034074,-0.043258,0.017664,0.01616,-0.001504,1.532852,1.027211,1.525572,2.389854,4.00067,-0.03371,negative
b3ef7109515ed259,6b0257cdadf3453d,2022-08-29T23:36:25Z,2022-08-29,2022-08-29,The Guardian / Fabrizio Romano,Fabrizio Romano,Manchester United,Manchester United,Antony,2022-23,in,in,permanent,0,22.0,Right Winger,35000000.0,95000000.0,,2.7143,-60000000.0,0.5,0.4167,0.8353,0.8353,0.8399,0.95,0.8428,0.7969,0.5943,0.9,0.65,0.95,22,0.8,0,0.6667,medical,report,1,1,0.8399,0.8399,0.8353,0.8353,Manchester United,Ajax,Manchester United,buyer,in,club,MANU,^GSPC,direct,2,1,1,,python_fallback,ok,,2022-08-29,2022-08-29,0,120,0.000518,0.712599,1,1,-0.031687,-0.020134,-0.039474,0.024961,0.179533,0.192377,-0.033688,-0.017214,-0.040398,-0.051982,-0.017585,0.050347,-0.0082,-0.009433,-0.013015,0.060482,0.008371,0.019787,0.099696,0.104262,-0.017621,-0.02238,-0.036836,-0.030799,0.020017,0.033779,0.12129,0.119732,0.035212,0.026753,-0.008459,0.694691,0.541484,-0.4617,-0.327922,0.511223,0.033779,positive
b3ef7109515ed259,6b0257cdadf3453d,2022-08-29T23:36:25Z,2022-08-29,2022-08-29,The Guardian / Fabrizio Romano,Fabrizio Romano,Ajax NV,Manchester United,Antony,2022-23,out,in,permanent,0,22.0,Right Winger,35000000.0,95000000.0,,2.7143,-60000000.0,0.895,0.8575,0.8353,0.8353,0.8399,0.95,0.8428,0.7969,0.5943,0.9,0.65,0.95,22,0.8,0,0.6667,medical,report,1,1,0.8399,0.8399,0.8353,0.8353,Manchester United,Ajax,Ajax NV,seller,out,club,AJAX.AS,^AEX,direct,2,1,1,,python_fallback,ok,,2022-08-29,2022-08-29,0,120,0.00018,0.200993,1,1,-0.006969,0.007067,0.055556,0.14,0.14,0.14,-0.018336,-0.008145,-0.020069,-0.028494,-0.033395,0.049351,-0.003463,0.008381,0.058297,0.137815,-0.02807,-0.05614,-0.059649,-0.045614,-0.020948,-0.054093,-0.04391,-0.011644,-0.024384,-0.046922,-0.053022,-0.045487,0.017311,0.015908,-0.001404,2.015929,1.532852,0.19731,1.525572,3.078416,-0.046922,negative
4c62f96b68890a67,a538530d159d493f,2022-09-01T17:32:50Z,2022-09-01,2022-09-01,The Guardian / Jamie Jackson,Jamie Jackson,Manchester United,Manchester United,Antony,2022-23,in,in,permanent,0,22.0,Right Winger,35000000.0,95000000.0,,2.7143,-60000000.0,0.5,0.4167,0.6328,0.6328,0.6733,0.84,0.6842,0.6174,0.6295,0.4,0.65,0.95,36,0.96,0,0.8,unclear,report,1,1,0.6733,0.6733,0.6328,0.6328,Manchester United,Ajax,Manchester United,buyer,in,club,MANU,^GSPC,direct,2,1,1,,python_fallback,ok,,2022-09-01,2022-09-01,0,120,0.000869,0.708495,1,1,0.01434,0.022831,0.00149,-0.016825,0.176883,0.205381,-0.007817,-0.0253,-0.044864,-0.074646,-0.048174,-0.001237,0.019009,0.038253,0.029889,0.030112,0.002232,0.083333,0.073661,0.052827,-0.007772,0.006288,0.02841,-0.02065,0.005994,0.07453,0.048393,0.060905,0.035205,0.026583,-0.008622,0.825738,0.695009,0.020332,-0.307191,0.568119,0.07453,positive
4c62f96b68890a67,a538530d159d493f,2022-09-01T17:32:50Z,2022-09-01,2022-09-01,The Guardian / Jamie Jackson,Jamie Jackson,Ajax NV,Manchester United,Antony,2022-23,out,in,permanent,0,22.0,Right Winger,35000000.0,95000000.0,,2.7143,-60000000.0,0.895,0.8575,0.6328,0.6328,0.6733,0.84,0.6842,0.6174,0.6295,0.4,0.65,0.95,36,0.96,0,0.8,unclear,report,1,1,0.6733,0.6733,0.6328,0.6328,Manchester United,Ajax,Ajax NV,seller,out,club,AJAX.AS,^AEX,direct,2,1,1,,python_fallback,ok,,2022-09-01,2022-09-01,0,120,0.000884,0.152751,1,1,-0.021661,-0.049123,-0.035587,0.062745,0.088353,0.092742,-0.014486,-0.035131,-0.046931,-0.059163,-0.073816,-0.020305,-0.020332,-0.047139,-0.032672,0.064478,0.00369,0.00369,0.01845,-0.01845,-0.002558,-0.007408,-0.008687,-0.008187,0.002343,0.001537,0.014628,-0.025988,0.019131,0.015965,-0.003166,0.520845,0.316134,-0.145709,0.098575,1.108805,0.001537,neutral
a5ffcb7724161050,a88e89d68113d7ff,2022-08-26T08:27:28Z,2022-08-26,2022-08-26,The Guardian / Gregg Bakowski,Gregg Bakowski,Manchester United,Manchester United,Antony,2022-23,in,in,permanent,0,22.0,Right Winger,35000000.0,95000000.0,,2.7143,-60000000.0,0.5,0.4167,0.6697,0.6697,0.7378,0.84,0.772,0.7429,0.878,0.48,0.45,0.85,4,0.98,0,0.8167,linked,aggregate,1,1,0.7378,0.7378,0.6697,0.6697,Manchester United,Ajax,Manchester United,buyer,in,club,MANU,^GSPC,direct,2,1,1,,python_fallback,ok,,2022-08-26,2022-08-26,0,120,0.000694,0.708286,1,1,0.011177,0.023379,-0.023741,0.105049,0.21704,0.258813,0.014092,0.014773,-0.019754,-0.001937,0.031109,0.107836,0.000502,0.01069,-0.012933,0.098026,-0.036846,-0.00958,-0.007369,0.11717,-0.04013,-0.058136,-0.065457,-0.021126,-0.009821,0.030249,0.03659,0.122092,0.034059,0.02752,-0.006539,1.255613,0.694691,-0.434952,-0.4617,0.310281,0.030249,positive
a5ffcb7724161050,a88e89d68113d7ff,2022-08-26T08:27:28Z,2022-08-26,2022-08-26,The Guardian / Gregg Bakowski,Gregg Bakowski,Ajax NV,Manchester United,Antony,2022-23,out,in,permanent,0,22.0,Right Winger,35000000.0,95000000.0,,2.7143,-60000000.0,0.895,0.8575,0.6697,0.6697,0.7378,0.84,0.772,0.7429,0.878,0.48,0.45,0.85,4,0.98,0,0.8167,linked,aggregate,1,1,0.7378,0.7378,0.6697,0.6697,Manchester United,Ajax,Ajax NV,seller,out,club,AJAX.AS,^AEX,direct,2,1,1,,python_fallback,ok,,2022-08-26,2022-08-26,0,120,-0.000127,0.230803,1,1,0.021352,0.021352,0.12549,0.166667,0.134387,0.157258,0.00622,0.01014,-0.010484,-0.010389,-0.005717,0.088736,0.020044,0.019448,0.124003,0.160739,-0.017422,-0.055749,-0.052265,-0.055749,-0.027734,-0.052823,-0.055245,-0.044943,-0.010799,-0.043943,-0.039405,-0.04455,0.017536,0.015905,-0.001631,2.641006,2.015929,2.774717,0.19731,1.280913,-0.043943,negative
96c866196249fd48,d5b921811ef05c27,2022-08-08T16:03:13Z,2022-08-08,2022-08-08,"The Guardian / Jamie Jackson, Fabrizio Romano and Jacob Steinberg","Jamie Jackson, Fabrizio Romano and Jacob Steinberg",Manchester United,Manchester United,Antony,2022-23,in,in,permanent,0,22.0,Right Winger,35000000.0,95000000.0,,2.7143,-60000000.0,0.5,0.4167,0.8475,0.8475,0.9045,0.95,0.9558,0.9583,0.9619,0.82,0.65,0.65,2,0.96,0,0.8,agreed,report,1,1,0.9045,0.9045,0.8475,0.8475,Manchester United,Ajax,Manchester United,buyer,in,club,MANU,^GSPC,direct,2,1,1,,python_fallback,ok,,2022-08-08,2022-08-08,0,120,-0.00108,0.594899,1,1,-0.012017,0.029517,0.033214,0.033214,0.072693,0.006119,-0.001626,0.013199,0.003607,0.046334,0.063038,0.092067,-0.00997,0.024956,0.03635,0.017203,-0.010426,0.066898,0.10947,0.152042,-0.005481,0.014976,0.036657,-0.001737,-0.004954,0.067501,0.097068,0.165432,0.013887,0.034911,0.021024,1.607745,1.585708,7.495619,4.41605,3.227307,0.067501,positive
96c866196249fd48,d5b921811ef05c27,2022-08-08T16:03:13Z,2022-08-08,2022-08-08,"The Guardian / Jamie Jackson, Fabrizio Romano and Jacob Steinberg","Jamie Jackson, Fabrizio Romano and Jacob Steinberg",Ajax NV,Manchester United,Antony,2022-23,out,in,permanent,0,22.0,Right Winger,35000000.0,95000000.0,,2.7143,-60000000.0,0.895,0.8575,0.8475,0.8475,0.9045,0.95,0.9558,0.9583,0.9619,0.82,0.65,0.65,2,0.96,0,0.8,agreed,report,1,1,0.9045,0.9045,0.8475,0.8475,Manchester United,Ajax,Ajax NV,seller,out,club,AJAX.AS,^AEX,direct,2,1,1,,python_fallback,ok,,2022-08-08,2022-08-08,0,120,-0.00072,0.264191,1,1,0.016,0.024194,0.016,0.011952,0.007936,0.049587,-0.012083,-0.004147,-0.009185,0.025105,0.071965,0.09453,0.019913,0.027266,0.022045,0.013371,-0.003937,-0.031496,-0.007874,0.106299,-0.008039,0.00422,0.008495,-0.016188,-0.000401,-0.030077,-0.005502,0.116047,0.01373,0.019179,0.005449,1.902207,1.333332,0.102088,-0.547718,0.478706,-0.030077,negative
826a56c578bb26f0,f4af833c8ebe1aba,2022-01-13T09:07:45Z,2022-01-13,2022-01-13,The Guardian / Fabrizio Romano,Fabrizio Romano,Juventus,Juventus,Dušan Vlahović,2021-22,in,in,permanent,0,22.0,Centre-Forward,70000000.0,85400000.0,,1.22,-15400000.0,0.6755,0.5044,0.6821,0.6821,0.7817,0.95,0.8428,0.7969,0.9128,0.4,0.65,0.65,22,0.66,0,0.55,unclear,report,1,1,0.7817,0.7817,0.6821,0.6821,Juventus,Fiorentina,Juventus,buyer,in,club,JUVE.MI,FTSEMIB.MI,direct,1,1,0,,python_fallback,ok,,2022-01-13,2022-01-13,0,120,-0.004468,0.861144,1,1,-0.011047,-0.049721,-0.085484,-0.021289,-0.164538,-0.211405,0.006501,0.003476,-0.015943,0.009801,0.043802,0.064204,-0.012177,-0.039742,-0.052055,0.018656,0.00823,0.017049,0.049383,0.133451,-0.006134,-0.008335,-0.005196,-0.030021,0.022392,0.041929,0.07971,0.203062,0.034852,0.025577,-0.009275,-1.01479,-0.930819,-0.950671,-1.026067,0.199446,0.041929,positive
c1239c265500553e,7e54ebd822217b8e,2022-01-31T21:47:08Z,2022-01-31,2022-01-31,The Guardian / PA Media and Guardian sport,PA Media and Guardian sport,Juventus,Juventus,Dušan Vlahović,2021-22,in,in,permanent,0,22.0,Centre-Forward,70000000.0,85400000.0,,1.22,-15400000.0,0.6755,0.5044,0.7234,0.7234,0.7752,0.84,0.8587,0.8667,0.8013,0.4,0.65,0.95,2,0.68,0,0.5667,unclear,report,1,1,0.7752,0.7752,0.7234,0.7234,Juventus,Fiorentina,Juventus,buyer,in,club,JUVE.MI,FTSEMIB.MI,direct,1,1,0,,python_fallback,ok,,2022-01-31,2022-01-31,0,120,-0.004576,0.832727,1,1,0.011411,0.083333,0.111111,0.137026,0.130435,-0.00965,-0.011792,0.020592,-0.018329,-0.035543,-0.028595,-0.003788,0.025806,0.078046,0.145873,0.206793,-0.04359,-0.055897,-0.08359,-0.026154,0.024845,0.019725,-0.008884,-0.005647,-0.055373,-0.055025,-0.051906,0.032307,0.027477,0.026973,-0.000504,2.48278,1.252589,0.553614,3.431184,2.928855,-0.055025,negative
c54d0a4a0d23d674,2f1915d2b36f59bb,2022-01-27T19:33:05Z,2022-01-27,2022-01-27,"The Guardian / Fabrizio Romano, Will Unwin, Jacob Steinberg and PA Media","Fabrizio Romano, Will Unwin, Jacob Steinberg and PA Media",Juventus,Juventus,Dušan Vlahović,2021-22,in,in,permanent,0,22.0,Centre-Forward,70000000.0,85400000.0,,1.22,-15400000.0,0.6755,0.5044,0.749,0.749,0.8433,0.95,0.9558,0.9583,0.9299,0.4,0.45,0.95,2,0.88,0,0.7333,unclear,aggregate,1,1,0.8433,0.8433,0.749,0.749,Juventus,Fiorentina,Juventus,buyer,in,club,JUVE.MI,FTSEMIB.MI,direct,1,1,0,,python_fallback,ok,,2022-01-27,2022-01-27,0,120,-0.004737,0.829807,1,1,0.052778,0.079772,0.070621,0.114051,0.090334,-0.069253,0.022667,-0.016333,-0.027474,-0.039511,-0.030097,0.002561,0.038705,0.106742,0.11717,0.191154,0.029024,-0.015831,-0.028496,0.054881,-0.002029,0.022766,0.017657,0.021451,0.039885,-0.015094,-0.014439,0.091311,0.027731,0.024008,-0.003724,2.511235,2.620274,1.20172,0.302448,1.190613,-0.015094,neutral
5fc8059c14398be3,61c8eb13f5d0ed5b,2022-01-25T14:44:40Z,2022-01-25,2022-01-25,The Guardian / Fabrizio Romano,Fabrizio Romano,Juventus,Juventus,Dušan Vlahović,2021-22,in,in,permanent,0,22.0,Centre-Forward,70000000.0,85400000.0,,1.22,-15400000.0,0.6755,0.5044,0.8273,0.8273,0.8597,0.95,0.8428,0.7969,0.9128,0.82,0.65,0.95,22,1.06,0,0.8833,agreed,report,1,1,0.8597,0.8597,0.8273,0.8273,Juventus,Fiorentina,Juventus,buyer,in,club,JUVE.MI,FTSEMIB.MI,direct,1,1,0,,python_fallback,ok,,2022-01-25,2022-01-25,0,120,-0.004879,0.848088,1,1,-0.025641,-0.033898,-0.006392,-0.004077,0.007067,-0.177093,-0.040205,-0.051076,-0.061974,-0.050486,-0.038607,-0.031473,0.013336,0.024254,0.072129,0.08851,0.108187,0.140351,0.090643,0.115205,0.024872,0.022793,0.048204,0.016902,0.094116,0.134321,0.079175,0.153723,0.023286,0.028787,0.005501,-0.822529,0.833058,-0.38252,0.161465,1.103103,0.134321,positive
b27671f2020b976d,2c8f02c32b026c86,2021-07-23T12:03:08Z,2021-07-23,2021-07-23,The Guardian / Guardian sport,Guardian sport,Manchester United,Borussia Dortmund,Jadon Sancho,2021-22,in,out,permanent,0,21.0,Left Winger,100000000.0,85000000.0,,0.85,15000000.0,0.7337,0.6069,0.6861,0.6861,0.7277,0.84,0.7945,0.775,0.6382,0.4,0.65,0.95,6,1.06,0,0.8833,unclear,report,1,1,0.7277,0.7277,0.6861,0.6861,Man Utd,Borussia Dortmund,Manchester United,buyer,in,club,MANU,^GSPC,direct,2,1,1,,python_fallback,ok,,2021-07-23,2021-07-23,0,120,-0.000447,0.513467,1,1,0.009615,0.068521,0.043046,0.056338,0.0181,0.00639,0.002017,0.025594,0.001709,0.010799,0.029619,0.035058,0.009026,0.055468,0.04454,0.054933,0.000635,0.012063,0.020952,0.034921,0.012552,0.007593,0.006361,0.015808,-0.004821,0.009986,0.020266,0.031611,0.01318,0.009575,-0.003605,2.556017,2.834508,7.678303,-0.129125,0.838547,0.009986,neutral
b27671f2020b976d,2c8f02c32b026c86,2021-07-23T12:03:08Z,2021-07-23,2021-07-23,The Guardian / Guardian sport,Guardian sport,Borussia Dortmund,Borussia Dortmund,Jadon Sancho,2021-22,out,out,permanent,0,21.0,Left Winger,100000000.0,85000000.0,,0.85,15000000.0,0.6362,0.5556,0.6861,0.6861,0.7277,0.84,0.7945,0.775,0.6382,0.4,0.65,0.95,6,1.06,0,0.8833,unclear,report,1,1,0.7277,0.7277,0.6861,0.6861,Man Utd,Borussia Dortmund,Borussia Dortmund,seller,out,club,BVB.DE,^GDAXI,direct,2,1,1,,python_fallback,ok,,2021-07-23,2021-07-23,0,120,0.001143,0.526772,1,1,-0.012903,0.025985,-0.002445,0.023411,-0.014493,-0.06422,0.005968,0.025199,-0.007365,0.006089,-0.004791,-0.00364,-0.017189,0.00996,-0.003393,0.009633,0.003268,-0.002451,0.001634,0.041667,0.006732,0.003598,0.001924,0.015915,-0.002451,-0.008693,-0.006019,0.020487,0.017415,0.018056,0.000641,-0.408441,-0.863445,-0.038889,-1.377254,0.376282,-0.008693,neutral
bbc168cc6bb8e6d6,e6e58cd55828900b,2021-07-01T13:57:19Z,2021-07-01,2021-07-01,The Guardian / Fabrizio Romano and Jamie Jackson,Fabrizio Romano and Jamie Jackson,Manchester United,Borussia Dortmund,Jadon Sancho,2021-22,in,out,permanent,0,21.0,Left Winger,100000000.0,85000000.0,,0.85,15000000.0,0.7337,0.6069,0.8475,0.8475,0.9045,0.95,0.9558,0.9583,0.9619,0.82,0.65,0.65,2,0.96,0,0.8,agreed,report,1,1,0.9045,0.9045,0.8475,0.8475,Man Utd,Borussia Dortmund,Manchester United,buyer,in,club,MANU,^GSPC,direct,2,1,1,,python_fallback,ok,,2021-07-01,2021-07-01,0,118,-0.00087,0.514125,1,1,-0.001315,-0.021893,-0.0181,-0.017464,-0.029393,-0.043451,0.001328,0.003925,0.013122,0.017473,0.02124,0.041104,-0.001128,-0.021382,-0.020467,-0.01772,0.009217,-0.016458,-0.011192,-0.005925,0.012761,0.014108,0.016766,0.006902,0.004399,-0.020144,-0.014431,0.000371,0.008313,0.012834,0.004522,-2.165566,-1.304506,-0.300026,0.509687,1.318305,-0.020144,negative
bbc168cc6bb8e6d6,e6e58cd55828900b,2021-07-01T13:57:19Z,2021-07-01,2021-07-01,The Guardian / Fabrizio Romano and Jamie Jackson,Fabrizio Romano and Jamie Jackson,Borussia Dortmund,Borussia Dortmund,Jadon Sancho,2021-22,out,out,permanent,0,21.0,Left Winger,100000000.0,85000000.0,,0.85,15000000.0,0.6362,0.5556,0.8475,0.8475,0.9045,0.95,0.9558,0.9583,0.9619,0.82,0.65,0.65,2,0.96,0,0.8,agreed,report,1,1,0.9045,0.9045,0.8475,0.8475,Man Utd,Borussia Dortmund,Borussia Dortmund,seller,out,club,BVB.DE,^GDAXI,direct,2,1,1,,python_fallback,ok,,2021-07-01,2021-07-01,0,119,0.00087,0.58744,1,1,-0.002408,-0.011924,-0.006395,-0.026625,0.022204,-0.02203,-0.010169,-0.004929,0.00483,-0.011427,-0.004593,0.009389,0.002696,-0.011722,-0.013528,-0.028696,0.010459,0.016895,-0.037812,-0.012872,0.007665,-0.001266,-0.007108,0.00635,0.004783,0.014616,-0.03832,-0.024759,0.011205,0.017825,0.00662,-0.81251,0.548206,-0.453183,0.753662,1.388039,0.014616,neutral
85e586791b831f36,d714d2c6092b4e28,2021-06-23T20:32:16Z,2021-06-23,2021-06-23,The Guardian / Fabrizio Romano,Fabrizio Romano,Borussia Dortmund,Borussia Dortmund,Jadon Sancho,2020-21,in,in,unclear,0,,,,,,0.0,0.0,0.0,0.0,0.6737,0.6737,0.7009,0.95,0.8428,0.7969,0.6029,0.72,0.65,0.25,22,0.78,1,0.5525,advanced,report,1,1,0.7009,0.7009,0.6737,0.6737,,,,,,,,,none,0,0,0,,python_fallback,no_public_target,no_public_target,2021-06-23,,,,,,,,,,,,,,,,,,,,,,,,,,,,,,,,,,,,,,,,,,,,,
82a2679bc5cdb3ac,006fe6af8b6eea18,2023-08-05T12:03:41Z,2023-08-05,2023-08-05,The Guardian / John Brewin and PA Media,John Brewin and PA Media,Manchester United,Manchester United,Rasmus Højlund,2023-24,in,in,permanent,0,20.0,Centre-Forward,45000000.0,77800000.0,,1.7289,-32800000.0,0.511,0.3888,0.7295,0.7295,0.7904,0.84,0.8587,0.8667,0.9533,0.4,0.65,0.95,2,1.06,0,0.8833,unclear,report,1,1,0.7904,0.7904,0.7295,0.7295,Manchester United,Atalanta,Manchester United,buyer,in,club,MANU,^GSPC,direct,1,1,0,,python_fallback,ok,,2023-08-05,2023-08-07,2,120,0.000805,0.304172,1,1,0.017893,0.010859,-0.090586,-0.052729,-0.155812,-0.112652,-0.0053,-0.021566,-0.02274,-0.012854,0.017977,0.02194,0.018699,0.015327,-0.087646,-0.053207,0.144043,0.115234,0.180664,0.065918,0.004768,-0.002054,0.002611,-0.017476,0.141032,0.116207,0.171694,0.07283,0.028847,0.040804,0.011957,-1.720869,1.265996,-0.828454,2.881062,2.79519,0.116207,positive
c6c93733198bdd2c,88f6cb12806a665f,2023-07-27T11:00:34Z,2023-07-27,2023-07-27,The Guardian / Jamie Jackson in Houston,Jamie Jackson in Houston,Manchester United,Manchester United,Rasmus Højlund,2023-24,in,in,permanent,0,20.0,Centre-Forward,45000000.0,77800000.0,,1.7289,-32800000.0,0.511,0.3888,0.8011,0.8011,0.8344,0.84,0.8587,0.8667,0.9133,0.82,0.65,0.65,2,0.96,0,0.8,agreed,report,1,1,0.8344,0.8344,0.8011,0.8011,Manchester United,Atalanta,Manchester United,buyer,in,club,MANU,^GSPC,direct,1,1,0,,python_fallback,ok,,2023-07-27,2023-07-27,0,120,9.8e-05,0.227919,1,1,-0.001793,0.030065,0.009062,-0.028359,-0.072083,0.106309,-0.000155,0.006704,0.000226,0.021151,0.043016,0.052506,-0.001856,0.028236,0.009034,-0.031176,0.011226,-0.090256,-0.096542,0.025595,0.00339,0.002185,-0.014203,-0.021442,0.010513,-0.091136,-0.094343,0.043543,0.023956,0.045275,0.021319,-1.112688,-1.263195,-0.731953,-1.087106,0.343475,-0.091136,negative
34c92b6283dfc797,caff2f591d94a597,2023-07-29T19:07:44Z,2023-07-29,2023-07-29,The Guardian / Jamie Jackson,Jamie Jackson,Manchester United,Manchester United,Rasmus Højlund,2023-24,in,in,permanent,0,20.0,Centre-Forward,45000000.0,77800000.0,,1.7289,-32800000.0,0.511,0.3888,0.6208,0.6208,0.6683,0.84,0.6842,0.6174,0.6295,0.4,0.65,0.85,36,0.98,0,0.8167,unclear,report,1,1,0.6683,0.6683,0.6208,0.6208,Manchester United,Atalanta,Manchester United,buyer,in,club,MANU,^GSPC,direct,1,1,0,,python_fallback,ok,,2023-07-29,2023-07-31,2,120,0.000134,0.27068,1,1,0.023171,0.009413,0.041628,-0.017452,-0.083435,-0.030146,0.009878,0.003234,0.010116,0.017048,0.042259,0.047944,0.020364,0.008409,0.038136,-0.019857,-0.100355,-0.106572,0.040853,0.073712,-0.0012,-0.017533,-0.013921,-0.020189,-0.10167,-0.104248,0.056901,0.09076,0.021672,0.045147,0.023474,-0.645396,-0.960237,-0.567143,-0.620927,0.702869,-0.104248,negative
12f632a140788e9a,b279995d1a498369,2023-07-26T16:21:16Z,2023-07-26,2023-07-26,The Guardian / Fabrizio Romano,Fabrizio Romano,Manchester United,Manchester United,Rasmus Højlund,2023-24,in,in,permanent,0,20.0,Centre-Forward,45000000.0,77800000.0,,1.7289,-32800000.0,0.511,0.3888,0.6693,0.6693,0.7499,0.95,0.8428,0.7969,0.5943,0.4,0.65,0.65,22,1.0,0,0.8333,unclear,report,1,1,0.7499,0.7499,0.6693,0.6693,Manchester United,Atalanta,Manchester United,buyer,in,club,MANU,^GSPC,direct,1,1,0,,python_fallback,ok,,2023-07-26,2023-07-26,0,120,0.000916,0.233034,1,1,0.002246,0.016401,-0.056261,-0.019341,-0.00179,0.152376,0.002815,0.007186,0.00274,0.028879,0.055128,0.062482,0.000675,0.012396,-0.060261,-0.031957,-0.013447,-0.006723,-0.082922,0.028687,-0.006579,0.004707,-0.011838,-0.021839,-0.013766,-0.011056,-0.08491,0.037754,0.029291,0.042414,0.013122,-1.077084,-1.112688,-0.890347,-0.731953,0.572889,-0.011056,neutral
b85ff4f389a1cfd0,147bc26e95883ef6,2023-07-07T20:10:24Z,2023-07-07,2023-07-07,The Guardian / Jacob Steinberg,Jacob Steinberg,Manchester United,Manchester United,Rasmus Højlund,2023-24,in,in,permanent,0,20.0,Centre-Forward,45000000.0,77800000.0,,1.7289,-32800000.0,0.511,0.3888,0.6244,0.6244,0.6359,0.84,0.588,0.48,0.3935,0.72,0.65,0.65,20,1.0,0,0.8333,advanced,report,1,1,0.6359,0.6359,0.6244,0.6244,Manchester United,Atalanta,Manchester United,buyer,in,club,MANU,^GSPC,direct,1,1,0,,python_fallback,ok,,2023-07-07,2023-07-07,0,120,0.001119,0.281642,1,1,-0.006132,-0.002871,-0.032245,0.068571,0.320478,0.241573,-0.007923,-0.008716,0.007935,0.010514,0.029819,0.052225,-0.00502,-0.003753,-0.040334,0.056461,-0.046483,-0.057178,-0.057178,-0.110654,-0.000467,0.01373,0.021269,0.028278,-0.048682,-0.065983,-0.070316,-0.133308,0.043753,0.028274,-0.01548,0.835554,0.738953,-0.544774,-0.666451,0.347963,-0.065983,negative
d2663d045eef939b,6ebb2d42a655425f,2025-08-06T11:16:51Z,2025-08-06,2025-08-06,The Guardian / Will Unwin,Will Unwin,Manchester United,Manchester United,Benjamin Sesko,2025-26,in,in,permanent,0,22.0,Centre-Forward,70000000.0,76500000.0,,1.0929,-6500000.0,0.7041,0.5358,0.6633,0.6633,0.7083,0.84,0.742,0.7,0.6988,0.4,0.65,0.95,22,1.06,0,0.8833,unclear,report,1,1,0.7083,0.7083,0.6633,0.6633,Manchester United,Leipzig,Manchester United,buyer,in,club,MANU,^GSPC,direct,1,1,0,,python_fallback,ok,,2025-08-06,2025-08-06,0,120,0.000579,0.751458,1,1,0.014648,0.023877,0.044058,-0.0,0.058167,-0.051606,-0.004858,-0.006341,-0.01125,-0.001653,0.011834,0.045479,0.01772,0.026613,0.048881,-0.003846,-0.000555,-0.017213,-0.029428,-0.034425,0.006479,0.011789,0.026573,0.015334,-0.006584,-0.028069,-0.052648,-0.052078,0.014427,0.023034,0.008607,1.441179,1.300427,-0.315808,-1.16504,0.70758,-0.028069,negative
6a08f457d43e2ad5,bf9ddc18ba8d0cb0,2025-08-09T09:33:11Z,2025-08-09,2025-08-09,The Guardian / Andy Martin,Andy Martin,Manchester United,Manchester United,Benjamin Sesko,2025-26,in,in,permanent,0,22.0,Centre-Forward,70000000.0,76500000.0,,1.0929,-6500000.0,0.7041,0.5358,0.7295,0.7295,0.7904,0.84,0.8587,0.8667,0.9533,0.4,0.65,0.95,2,1.06,0,0.8833,unclear,report,1,1,0.7904,0.7904,0.7295,0.7295,Manchester United,Leipzig,Manchester United,buyer,in,club,MANU,^GSPC,direct,1,1,0,,python_fallback,ok,,2025-08-09,2025-08-11,2,120,0.000812,0.747225,1,1,-0.027778,-0.028318,-0.003984,0.002865,-0.004551,-0.039517,0.0078,0.014329,0.024277,0.000127,0.02072,0.040454,-0.034418,-0.041442,-0.025556,-0.004794,0.004571,-0.004571,0.004571,-0.014857,0.008813,0.012378,0.009343,0.007805,-0.003582,-0.016968,-0.006898,-0.029052,0.013402,0.022607,0.009204,-0.991324,-0.110526,-0.4555,-0.303492,0.935451,-0.016968,neutral
183bc5d27d2f4360,297f744501e9d7ba,2025-08-07T14:38:46Z,2025-08-07,2025-08-07,The Guardian / Will Unwin,Will Unwin,Manchester United,Manchester United,Benjamin Sesko,2025-26,in,in,permanent,0,22.0,Centre-Forward,70000000.0,76500000.0,,1.0929,-6500000.0,0.7041,0.5358,0.7933,0.7933,0.7833,0.84,0.742,0.7,0.6988,0.9,0.65,0.95,22,1.06,0,0.8833,medical,report,1,1,0.7833,0.7833,0.7933,0.7933,Manchester United,Leipzig,Manchester United,buyer,in,club,MANU,^GSPC,direct,1,1,0,,python_fallback,ok,,2025-08-07,2025-08-07,0,120,0.000708,0.749604,1,1,-0.001666,0.023335,0.022172,-0.010457,0.017544,-0.065489,0.007282,0.017161,-0.002804,-0.002178,0.01306,0.041509,-0.007833,0.008237,0.020441,-0.015299,-0.026696,-0.022247,-0.031146,-0.043938,0.006996,0.015871,0.019461,0.003957,-0.033331,-0.036727,-0.049913,-0.054853,0.011961,0.023098,0.011137,1.300427,1.272391,-1.16504,-0.174994,0.957631,-0.036727,negative
ea70a7fc70bde1a4,9ba1d7e82ada0653,2025-07-21T19:07:30Z,2025-07-21,2025-07-21,The Guardian / Will Unwin,Will Unwin,Manchester United,Manchester United,Bryan Mbeumo,2025-26,in,in,permanent,0,25.0,Right Winger,55000000.0,75000000.0,,1.3636,-20000000.0,0.6682,0.5174,0.6633,0.6633,0.7083,0.84,0.742,0.7,0.6988,0.4,0.65,0.95,22,1.06,0,0.8833,unclear,report,1,1,0.7083,0.7083,0.6633,0.6633,Manchester United,Brentford,Manchester United,buyer,in,club,MANU,^GSPC,direct,1,1,0,,python_fallback,ok,,2025-07-21,2025-07-21,0,120,0.000624,0.73971,1,1,-0.005068,0.002269,0.005119,0.009714,0.021978,0.265759,-9e-05,0.008493,0.005917,0.002777,0.052822,0.054596,-0.005625,-0.005843,-0.002105,0.002551,0.019242,0.016412,-0.013582,0.004527,0.002038,0.01057,0.014766,0.005265,0.016498,0.006282,-0.027579,-0.005433,0.0288,0.013596,-0.015203,-0.199759,-0.255551,-0.995736,-0.836981,0.409606,0.006282,neutral
a18dbe230e1c1ca9,d1b29c446e884abd,2025-07-17T17:22:50Z,2025-07-17,2025-07-17,The Guardian / Will Unwin,Will Unwin,Manchester United,Manchester United,Bryan Mbeumo,2025-26,in,in,permanent,0,25.0,Right Winger,55000000.0,75000000.0,,1.3636,-20000000.0,0.6682,0.5174,0.7033,0.7033,0.7333,0.84,0.742,0.7,0.6988,0.6,0.65,0.85,22,1.06,0,0.8833,bid,report,1,1,0.7333,0.7333,0.7033,0.7033,Manchester United,Brentford,Manchester United,buyer,in,club,MANU,^GSPC,direct,1,1,0,,python_fallback,ok,,2025-07-17,2025-07-17,0,120,0.000616,0.739704,1,1,0.001134,0.003982,-0.001132,0.038846,0.003982,0.251773,0.003194,0.000631,7e-05,0.010599,0.038221,0.055216,-0.001843,0.001911,-0.003989,0.02564,0.001133,0.020397,0.017564,-0.003399,0.005283,0.007331,0.015909,0.012084,-0.003974,0.012541,0.002341,-0.01812,0.028956,0.012797,-0.016159,-0.187841,-0.003467,-0.706858,-0.832832,0.434934,0.012541,neutral
9e1d8f58d89906ee,185adc6a1e646b69,2025-06-25T12:30:29Z,2025-06-25,2025-06-25,The Guardian / Jamie Jackson,Jamie Jackson,Manchester United,Manchester United,Bryan Mbeumo,2024-25,in,in,unclear,0,,,,,,0.0,0.0,0.0,0.0,0.662,0.662,0.6988,0.84,0.6842,0.6174,0.6295,0.72,0.65,0.5,36,0.0,0,0.0,advanced,report,1,1,0.6988,0.6988,0.662,0.662,,,,,,,,,none,0,0,0,,python_fallback,no_public_target,no_public_target,2025-06-25,,,,,,,,,,,,,,,,,,,,,,,,,,,,,,,,,,,,,,,,,,,,,
94393adb6326ac0d,b8ce35470529c823,2025-07-18T12:09:58Z,2025-07-18,2025-07-18,The Guardian / Will Unwin,Will Unwin,Manchester United,Manchester United,Bryan Mbeumo,2025-26,in,in,permanent,0,25.0,Right Winger,55000000.0,75000000.0,,1.3636,-20000000.0,0.6682,0.5174,0.7725,0.7725,0.7713,0.84,0.742,0.7,0.6988,0.82,0.65,0.95,22,1.06,0,0.8833,agreed,report,1,1,0.7713,0.7713,0.7725,0.7725,Manchester United,Brentford,Manchester United,buyer,in,club,MANU,^GSPC,direct,1,1,0,,python_fallback,ok,,2025-07-18,2025-07-18,0,120,0.000612,0.739618,1,1,0.006232,-0.007267,0.002823,0.017765,0.024812,0.251586,0.005374,0.004594,0.002691,0.011231,0.052591,0.054769,0.001646,-0.012412,-0.001944,0.004372,-0.005631,0.023086,-0.017455,-0.010698,0.001309,0.009774,0.014495,-0.009425,-0.007825,0.013405,-0.031228,-0.009643,0.028774,0.012719,-0.016055,-0.003467,-0.199759,-0.832832,-0.995736,0.315432,0.013405,neutral
332cef53bad3a259,7839f1e366b30290,2025-06-23T21:24:03Z,2025-06-23,2025-06-23,The Guardian / Jamie Jackson and Jacob Steinberg,Jamie Jackson and Jacob Steinberg,Manchester United,Manchester United,Bryan Mbeumo,2024-25,in,in,unclear,0,,,,,,0.0,0.0,0.0,0.0,0.6482,0.6482,0.683,0.84,0.742,0.7,0.371,0.6,0.65,0.5,2,0.0,0,0.0,bid,report,1,1,0.683,0.683,0.6482,0.6482,,,,,,,,,none,0,0,0,,python_fallback,no_public_target,no_public_target,2025-06-23,,,,,,,,,,,,,,,,,,,,,,,,,,,,,,,,,,,,,,,,,,,,,
2b98f089c497a496,2f20309697e90ebf,2025-06-01T13:28:35Z,2025-06-01,2025-06-01,The Guardian / Will Unwin,Will Unwin,Manchester United,Manchester United,Matheus Cunha,2024-25,in,in,unclear,0,,,,,,0.0,0.0,0.0,0.0,0.7823,0.7823,0.7808,0.84,0.742,0.7,0.6988,0.95,0.9,0.5,22,0.0,0,0.0,official,official,1,1,0.7808,0.7808,0.7823,0.7823,,,,,,,,,none,0,0,0,,python_fallback,no_public_target,no_public_target,2025-06-01,,,,,,,,,,,,,,,,,,,,,,,,,,,,,,,,,,,,,,,,,,,,,
119e338ebe7ac354,68ef3339a0b65707,2025-06-08T07:02:32Z,2025-06-08,2025-06-08,The Guardian / Jonathan Liew,Jonathan Liew,Manchester United,Manchester United,Matheus Cunha,2024-25,in,in,unclear,0,,,,,,0.0,0.0,0.0,0.0,0.5602,0.5602,0.638,0.84,0.742,0.7,0.371,0.4,0.35,0.5,2,0.0,0,0.0,unclear,analysis,1,1,0.638,0.638,0.5602,0.5602,,,,,,,,,none,0,0,0,,python_fallback,no_public_target,no_public_target,2025-06-08,,,,,,,,,,,,,,,,,,,,,,,,,,,,,,,,,,,,,,,,,,,,,
a2b9b663ef7cce63,55b941ec487c2697,2022-08-19T19:39:53Z,2022-08-19,2022-08-19,"The Guardian / Jamie Jackson, Fabrizio Romano, Will Unwin and agencies","Jamie Jackson, Fabrizio Romano, Will Unwin and agencies",Manchester United,Manchester United,Casemiro,2022-23,in,in,permanent,0,30.0,Defensive Midfield,40000000.0,70650000.0,,1.7663,-30650000.0,0.4526,0.3263,0.8806,0.8806,0.9123,0.95,0.9558,0.9583,0.8899,0.82,0.65,0.95,2,0.78,0,0.65,agreed,report,1,1,0.9123,0.9123,0.8806,0.8806,Manchester United,Real Madrid,Manchester United,buyer,in,club,MANU,^GSPC,direct,1,1,0,,python_fallback,ok,,2022-08-19,2022-08-19,0,120,-0.000296,0.692564,1,1,0.016825,0.088489,0.131922,0.193133,0.231178,0.281106,0.00227,-0.003118,0.018176,0.031744,0.071216,0.097657,0.015549,0.090277,0.116196,0.16849,-0.046043,-0.034532,-0.054676,-0.030935,-0.034024,-0.033375,-0.052776,-0.083917,-0.022183,-0.010003,-0.01635,0.03319,0.033825,0.026092,-0.007733,2.817624,2.029045,0.962871,0.009423,1.015732,-0.010003,neutral
026bf587027f632b,ec7ea461b4480238,2022-08-17T12:29:27Z,2022-08-17,2022-08-17,"The Guardian / Jacob Steinberg, Jamie Jackson and Fabrizio Romano","Jacob Steinberg, Jamie Jackson and Fabrizio Romano",Manchester United,Manchester United,Casemiro,2022-23,in,in,permanent,0,30.0,Defensive Midfield,40000000.0,70650000.0,,1.7663,-30650000.0,0.4526,0.3263,0.761,0.761,0.8483,0.95,0.9558,0.9583,0.9299,0.4,0.65,0.85,2,0.88,0,0.7333,unclear,report,1,1,0.8483,0.8483,0.761,0.761,Manchester United,Real Madrid,Manchester United,buyer,in,club,MANU,^GSPC,direct,1,1,0,,python_fallback,ok,,2022-08-17,2022-08-17,0,120,-0.000959,0.619816,1,1,0.000783,0.040717,0.122037,0.143113,0.145161,0.155515,0.001876,0.023276,0.044325,0.05231,0.093609,0.123665,0.00058,0.029375,0.101074,0.12028,0.087637,0.037559,0.050078,0.051643,-0.004985,-0.038839,-0.038193,-0.081344,0.091463,0.068112,0.081668,0.116697,0.031043,0.029143,-0.0019,2.114881,3.23022,-0.482316,16.432067,15.120712,0.068112,positive
10ba4ca1fca57218,96abf97620267c1d,2023-07-05T09:50:45Z,2023-07-05,2023-07-05,The Guardian / Jamie Jackson and Fabrizio Romano,Jamie Jackson and Fabrizio Romano,Manchester United,Manchester United,Mason Mount,2023-24,in,in,permanent,0,24.0,Attacking Midfield,60000000.0,67700000.0,,1.1283,-7700000.0,0.7461,0.5796,0.7758,0.7758,0.8603,0.95,0.9558,0.9583,1.0,0.4,0.65,0.95,2,1.06,0,0.8833,unclear,report,1,1,0.8603,0.8603,0.7758,0.7758,Manchester United,Chelsea,Manchester United,buyer,in,club,MANU,^GSPC,direct,1,1,0,,python_fallback,ok,,2023-07-05,2023-07-05,0,120,0.000168,0.241265,1,1,0.001231,-0.028264,0.09217,0.032135,0.297024,0.295648,0.001171,0.017988,0.029285,0.010432,0.040449,0.061348,0.00078,-0.033224,0.084253,0.032985,-0.004097,-0.050389,-0.061041,-0.095862,-0.009875,-0.010338,0.003719,0.024717,-0.002035,-0.048835,-0.063664,-0.104503,0.04517,0.028021,-0.017149,1.057997,0.982374,-0.779323,-0.277146,0.7215,-0.048835,negative
a9be1339f3dc90cb,5b1f409d37ba0560,2023-06-22T16:59:53Z,2023-06-22,2023-06-22,The Guardian / Jacob Steinberg,Jacob Steinberg,Manchester United,Manchester United,Mason Mount,2022-23,in,in,unclear,0,,,,,,0.0,0.0,0.0,0.0,0.5232,0.5232,0.5804,0.84,0.588,0.48,0.3935,0.4,0.65,0.5,20,0.0,0,0.0,unclear,report,1,1,0.5804,0.5804,0.5232,0.5232,,,,,,,,,none,0,0,0,,python_fallback,no_public_target,no_public_target,2023-06-22,,,,,,,,,,,,,,,,,,,,,,,,,,,,,,,,,,,,,,,,,,,,,
c682401140bf7f83,1061631df4ef9ef2,2023-06-29T16:29:36Z,2023-06-29,2023-06-29,The Guardian / Jacob Steinberg,Jacob Steinberg,Manchester United,Manchester United,Mason Mount,2022-23,in,in,unclear,0,,,,,,0.0,0.0,0.0,0.0,0.5232,0.5232,0.5804,0.84,0.588,0.48,0.3935,0.4,0.65,0.5,20,0.0,0,0.0,unclear,report,1,1,0.5804,0.5804,0.5232,0.5232,,,,,,,,,none,0,0,0,,python_fallback,no_public_target,no_public_target,2023-06-29,,,,,,,,,,,,,,,,,,,,,,,,,,,,,,,,,,,,,,,,,,,,,
351010e009f5d35a,8d6462001e5d555f,2023-06-23T22:02:47Z,2023-06-23,2023-06-23,The Guardian / Jacob Steinberg,Jacob Steinberg,Manchester United,Manchester United,Mason Mount,2022-23,in,in,unclear,0,,,,,,0.0,0.0,0.0,0.0,0.5752,0.5752,0.6104,0.84,0.588,0.48,0.3935,0.6,0.65,0.5,20,0.0,0,0.0,bid,report,1,1,0.6104,0.6104,0.5752,0.5752,,,,,,,,,none,0,0,0,,python_fallback,no_public_target,no_public_target,2023-06-23,,,,,,,,,,,,,,,,,,,,,,,,,,,,,,,,,,,,,,,,,,,,,
45233424a17ca58f,639d661671193265,2023-06-28T18:00:38Z,2023-06-28,2023-06-28,The Guardian / Jacob Steinberg,Jacob Steinberg,Manchester United,Manchester United,Mason Mount,2022-23,in,in,unclear,0,,,,,,0.0,0.0,0.0,0.0,0.6064,0.6064,0.6284,0.84,0.588,0.48,0.3935,0.72,0.65,0.5,20,0.0,0,0.0,advanced,report,1,1,0.6284,0.6284,0.6064,0.6064,,,,,,,,,none,0,0,0,,python_fallback,no_public_target,no_public_target,2023-06-28,,,,,,,,,,,,,,,,,,,,,,,,,,,,,,,,,,,,,,,,,,,,,
d2d87d7c16b59a2f,1123bf6ea3465183,2022-07-17T21:00:22Z,2022-07-17,2022-07-17,The Guardian / Fabrizio Romano,Fabrizio Romano,Juventus,Juventus,Matthijs de Ligt,2022-23,out,out,permanent,0,22.0,Centre-Back,70000000.0,67000000.0,,0.9571,3000000.0,0.6604,0.5838,0.8273,0.8273,0.8597,0.95,0.8428,0.7969,0.9128,0.82,0.65,0.95,22,1.06,0,0.8833,agreed,report,1,1,0.8597,0.8597,0.8273,0.8273,Bayern Munich,Juventus,Juventus,seller,out,club,JUVE.MI,FTSEMIB.MI,direct,1,0,1,,python_fallback,ok,,2022-07-17,2022-07-18,1,120,0.002801,0.968918,1,1,0.031156,-0.016571,-0.10829,-0.043357,-0.021603,-0.111513,0.018439,-0.025738,-0.038624,-0.019761,-0.039286,-0.133819,0.010489,0.000914,-0.087382,-0.049908,0.051133,0.024986,0.041836,0.054619,0.03645,0.012612,0.021497,0.071466,0.009908,0.001675,0.004025,-0.044238,0.026695,0.014552,-0.012143,-1.813541,-0.753727,-0.737147,-0.442289,0.69471,0.001675,neutral
32f4d355d862afd1,5528216ac13fd12d,2022-06-24T07:59:02Z,2022-06-24,2022-06-24,The Guardian / Barry Glendenning,Barry Glendenning,Juventus,Juventus,Matthijs de Ligt,2021-22,in,in,unclear,0,,,,,,0.0,0.0,0.0,0.0,0.593,0.593,0.655,0.84,0.742,0.7,0.371,0.48,0.45,0.5,2,0.0,0,0.0,linked,aggregate,1,1,0.655,0.655,0.593,0.593,,,,,,,,,none,0,0,0,,python_fallback,no_public_target,no_public_target,2022-06-24,,,,,,,,,,,,,,,,,,,,,,,,,,,,,,,,,,,,,,,,,,,,,
94eef7f1484c684c,a901e54c7473e053,2022-07-05T07:59:59Z,2022-07-05,2022-07-05,The Guardian / Rob Smyth,Rob Smyth,Juventus,Juventus,Matthijs de Ligt,2022-23,out,out,permanent,0,22.0,Centre-Back,70000000.0,67000000.0,,0.9571,3000000.0,0.6604,0.5838,0.6874,0.6874,0.7702,0.84,0.8587,0.8667,0.8813,0.48,0.45,0.65,2,0.88,0,0.7333,linked,aggregate,1,1,0.7702,0.7702,0.6874,0.6874,Bayern Munich,Juventus,Juventus,seller,out,club,JUVE.MI,FTSEMIB.MI,direct,1,0,1,,python_fallback,ok,,2022-07-05,2022-07-05,0,120,0.002293,0.986395,1,1,0.013897,-0.002188,-0.02512,-0.020408,-0.0727,0.036364,-0.000515,-0.022442,-0.026677,-0.029995,-0.131157,-0.115714,0.012112,0.01318,-0.010208,-0.013677,-0.001096,0.058114,-0.04057,-0.008224,-0.019818,0.020146,0.006653,0.016492,0.013582,0.027545,-0.059502,-0.046329,0.024316,0.024838,0.000522,-0.094564,-0.141848,-1.582617,-1.589621,0.473242,0.027545,positive
1eea70c6624c8808,a243ac36ed0d0695,2022-07-15T07:30:52Z,2022-07-15,2022-07-15,The Guardian / Will Unwin,Will Unwin,Juventus,Juventus,Matthijs de Ligt,2022-23,out,out,permanent,0,22.0,Centre-Back,70000000.0,67000000.0,,0.9571,3000000.0,0.6604,0.5838,0.6515,0.6515,0.7137,0.84,0.742,0.7,0.783,0.48,0.45,0.85,22,0.78,0,0.65,linked,aggregate,1,1,0.7137,0.7137,0.6515,0.6515,Bayern Munich,Juventus,Juventus,seller,out,club,JUVE.MI,FTSEMIB.MI,direct,1,0,1,,python_fallback,ok,,2022-07-15,2022-07-15,0,120,0.002793,0.960706,1,1,-0.04574,-0.093427,-0.104133,-0.07637,-0.029087,-0.174171,-0.034389,-0.047014,-0.046572,-0.034752,-0.053988,-0.158554,-0.015496,-0.058487,-0.07476,-0.070594,0.065309,0.073098,0.074895,0.074895,0.029921,0.03863,0.032013,0.090055,0.030145,0.023538,0.025999,-0.040804,0.026276,0.015587,-0.010689,-3.087799,-1.813541,0.422267,-0.737147,0.508379,0.023538,positive
53b9560d2cfbd9fa,9573e28e8ad33ba9,2024-07-17T15:34:43Z,2024-07-17,2024-07-17,The Guardian / Jamie Jackson,Jamie Jackson,Manchester United,Manchester United,Leny Yoro,2024-25,in,in,permanent,0,18.0,Centre-Back,50000000.0,62000000.0,,1.24,-12000000.0,0.571,0.3855,0.7628,0.7628,0.7483,0.84,0.6842,0.6174,0.6295,0.9,0.65,0.95,36,1.06,0,0.8833,medical,report,1,1,0.7483,0.7483,0.7628,0.7628,Manchester United,Lille,Manchester United,buyer,in,club,MANU,^GSPC,direct,1,1,0,,python_fallback,ok,,2024-07-17,2024-07-17,0,120,-0.001852,-0.140599,1,1,0.034337,0.018387,0.077164,0.052083,0.051439,0.01718,0.006389,0.014802,0.016177,0.035088,0.043376,0.07384,0.037088,0.026536,0.088061,0.076759,-0.028538,-0.008736,0.001747,-0.000582,-0.021635,-0.018138,-0.042361,-0.025568,-0.027993,-0.003403,0.00763,0.017257,0.01778,0.013716,-0.004064,3.049168,1.231129,-0.453326,0.281269,1.132819,-0.003403,neutral
685a5b86ca7d7860,c3e7b12db2895036,2024-07-16T16:23:00Z,2024-07-16,2024-07-16,The Guardian / Jamie Jackson,Jamie Jackson,Manchester United,Manchester United,Leny Yoro,2024-25,in,in,permanent,0,18.0,Centre-Back,50000000.0,62000000.0,,1.24,-12000000.0,0.571,0.3855,0.742,0.742,0.7363,0.84,0.6842,0.6174,0.6295,0.82,0.65,0.95,36,0.98,0,0.8167,agreed,report,1,1,0.7363,0.7363,0.742,0.742,Manchester United,Lille,Manchester United,buyer,in,club,MANU,^GSPC,direct,1,1,0,,python_fallback,ok,,2024-07-16,2024-07-16,0,120,-0.001924,-0.140035,1,1,-0.014837,-0.013666,0.048642,0.028501,0.003021,-0.004796,0.002826,-0.000477,0.010474,0.031268,0.036343,0.075588,-0.012517,-0.007934,0.060231,0.053752,0.009036,0.005422,0.014458,0.016867,-0.007627,-0.022414,-0.013404,-0.034589,0.012669,0.010843,0.02518,0.034493,0.016524,0.015317,-0.001207,1.130012,3.049168,-0.48313,-0.453326,0.787423,0.010843,neutral
28a39dc7920c167e,af4856ec456a6c62,2022-06-13T09:30:02Z,2022-06-13,2022-06-13,The Guardian / Guardian sport,Guardian sport,Borussia Dortmund,Borussia Dortmund,Erling Haaland,2021-22,in,in,unclear,0,,,,,,0.0,0.0,0.0,0.0,0.6321,0.6321,0.7052,0.84,0.7945,0.775,0.6382,0.4,0.65,0.5,6,0.0,0,0.0,unclear,report,1,1,0.7052,0.7052,0.6321,0.6321,,,,,,,,,none,0,0,0,,python_fallback,no_public_target,no_public_target,2022-06-13,,,,,,,,,,,,,,,,,,,,,,,,,,,,,,,,,,,,,,,,,,,,,
7893dc974f82de0c,b71862ba38864d92,2022-06-16T10:25:30Z,2022-06-16,2022-06-16,The Guardian / Fabrizio Romano and Will Unwin,Fabrizio Romano and Will Unwin,Borussia Dortmund,Borussia Dortmund,Erling Haaland,2021-22,in,in,unclear,0,,,,,,0.0,0.0,0.0,0.0,0.7726,0.7726,0.7981,0.95,0.8392,0.7917,0.4196,0.9,0.65,0.5,2,0.0,0,0.0,medical,report,1,1,0.7981,0.7981,0.7726,0.7726,,,,,,,,,none,0,0,0,,python_fallback,no_public_target,no_public_target,2022-06-16,,,,,,,,,,,,,,,,,,,,,,,,,,,,,,,,,,,,,,,,,,,,,
1b04ffafe12aa3eb,aaf512c417a0f578,2022-06-20T07:37:36Z,2022-06-20,2022-06-20,The Guardian / Will Unwin,Will Unwin,Borussia Dortmund,Borussia Dortmund,Erling Haaland,2021-22,unclear,unclear,unclear,0,,,,,,0.0,0.0,0.0,0.0,0.593,0.593,0.655,0.84,0.742,0.7,0.371,0.48,0.45,0.5,22,0.0,0,0.0,linked,aggregate,1,1,0.655,0.655,0.593,0.593,,,,,,,,,none,0,0,0,,python_fallback,no_public_target,no_public_target,2022-06-20,,,,,,,,,,,,,,,,,,,,,,,,,,,,,,,,,,,,,,,,,,,,,
f375c479219f4b0c,5912d43b652ad641,2022-06-17T07:51:54Z,2022-06-17,2022-06-17,The Guardian / Luke McLaughlin,Luke McLaughlin,Borussia Dortmund,Borussia Dortmund,Erling Haaland,2021-22,in,in,unclear,0,,,,,,0.0,0.0,0.0,0.0,0.593,0.593,0.655,0.84,0.742,0.7,0.371,0.48,0.45,0.5,2,0.0,0,0.0,linked,aggregate,1,1,0.655,0.655,0.593,0.593,,,,,,,,,none,0,0,0,,python_fallback,no_public_target,no_public_target,2022-06-17,,,,,,,,,,,,,,,,,,,,,,,,,,,,,,,,,,,,,,,,,,,,,
dc105d741a19e1d1,5831f33fb0fb851e,2024-08-12T15:15:47Z,2024-08-12,2024-08-12,The Guardian / Ed Aarons,Ed Aarons,Juventus,Juventus,Teun Koopmeiners,2024-25,in,in,permanent,0,26.0,Attacking Midfield,50000000.0,58400000.0,,1.168,-8400000.0,0.6872,0.5103,0.6687,0.6687,0.7272,0.84,0.7342,0.6889,0.8511,0.55,0.65,0.65,8,0.96,0,0.8,talks,report,1,1,0.7272,0.7272,0.6687,0.6687,Juventus,Atalanta,Juventus,buyer,in,club,JUVE.MI,FTSEMIB.MI,direct,1,1,0,,python_fallback,ok,,2024-08-12,2024-08-12,0,120,-0.000409,0.651641,1,1,-0.001346,-0.000225,-0.023036,-0.080908,-0.083745,0.005873,0.00126,0.021699,-0.007402,-0.060038,-0.08094,-0.041383,-0.001758,-0.012986,-0.016386,-0.039547,-0.019537,0.099034,0.069391,0.061756,0.007048,0.039614,0.040715,0.062834,-0.023384,0.075121,0.048269,0.029607,0.013653,0.05265,0.038997,-1.720956,-1.840461,-1.289037,-1.104823,0.368698,0.075121,positive
a78cffc9eaf16254,ead7bc12e09d11c4,2024-08-20T08:55:01Z,2024-08-20,2024-08-20,The Guardian / Daniel Harris,Daniel Harris,Juventus,Juventus,Teun Koopmeiners,2024-25,in,in,permanent,0,26.0,Attacking Midfield,50000000.0,58400000.0,,1.168,-8400000.0,0.6872,0.5103,0.6887,0.6887,0.7734,0.84,0.8587,0.8667,0.9133,0.48,0.45,0.65,2,0.96,0,0.8,linked,aggregate,1,1,0.7734,0.7734,0.6887,0.6887,Juventus,Atalanta,Juventus,buyer,in,club,JUVE.MI,FTSEMIB.MI,direct,1,1,0,,python_fallback,ok,,2024-08-20,2024-08-20,0,120,-0.000557,0.656898,1,1,0.000613,0.121622,0.099708,0.074375,0.001227,-0.032213,0.00681,0.039368,0.046693,0.038946,-0.027765,-0.021243,-0.003303,0.095329,0.072204,0.056595,-0.041862,-0.049622,-0.034511,-0.015928,0.001383,0.011543,0.015421,0.017946,-0.042088,-0.05573,-0.041292,0.000625,0.024747,0.048967,0.02422,1.171587,0.459281,0.816159,0.954558,1.949781,-0.05573,negative
f08083d204388653,d7689fd3bcdfb3f8,2022-07-27T12:26:33Z,2022-07-27,2022-07-27,The Guardian / Guardian sport,Guardian sport,Manchester United,Manchester United,Lisandro Martínez,2022-23,in,in,permanent,0,24.0,Centre-Back,32000000.0,57370000.0,,1.7928,-25370000.0,0.5966,0.4983,0.6974,0.6974,0.756,0.84,0.7945,0.775,0.9213,0.4,0.65,0.95,6,1.06,0,0.8833,unclear,report,1,1,0.756,0.756,0.6974,0.6974,Manchester United,Ajax,Manchester United,buyer,in,club,MANU,^GSPC,direct,2,1,1,,python_fallback,ok,,2022-07-27,2022-07-27,0,120,-0.000842,0.579011,1,1,-0.021314,-0.023915,-0.012545,0.031835,-0.031634,-0.047537,-0.011543,-0.01948,-0.003973,0.026775,0.005369,0.005176,-0.013789,-0.009976,-0.005756,0.024896,0.011797,0.014519,0.036298,0.156987,0.038607,0.05039,0.059708,0.073753,-0.008448,-0.010662,0.007292,0.120891,0.013238,0.034424,0.021186,0.038061,1.181562,0.323314,-0.095631,0.967154,-0.010662,neutral
f08083d204388653,d7689fd3bcdfb3f8,2022-07-27T12:26:33Z,2022-07-27,2022-07-27,The Guardian / Guardian sport,Guardian sport,Ajax NV,Manchester United,Lisandro Martínez,2022-23,out,in,permanent,0,24.0,Centre-Back,32000000.0,57370000.0,,1.7928,-25370000.0,0.8484,0.8031,0.6974,0.6974,0.756,0.84,0.7945,0.775,0.9213,0.4,0.65,0.95,6,1.06,0,0.8833,unclear,report,1,1,0.756,0.756,0.6974,0.6974,Manchester United,Ajax,Ajax NV,seller,out,club,AJAX.AS,^AEX,direct,2,1,1,,python_fallback,ok,,2022-07-27,2022-07-27,0,120,-0.000736,0.241784,1,1,-0.015936,-0.023715,-0.027559,-0.012,-0.012,0.029167,-0.001061,0.002342,0.024352,0.053051,0.055679,0.081777,-0.014944,-0.022201,-0.029474,-0.016299,0.024291,0.012146,0.008097,0.012146,0.022824,0.031037,0.040028,0.025501,0.02054,0.008208,0.003593,0.014829,0.011188,0.018218,0.00703,-1.320464,-2.157584,5.938276,-0.850656,0.183657,0.008208,neutral
619d555494b4ef48,9b86e63b7355d8cf,2022-07-16T11:51:47Z,2022-07-16,2022-07-16,The Guardian / Jamie Jackson in Melbourne,Jamie Jackson in Melbourne,Manchester United,Manchester United,Lisandro Martínez,2022-23,in,in,permanent,0,24.0,Centre-Back,32000000.0,57370000.0,,1.7928,-25370000.0,0.5966,0.4983,0.6996,0.6996,0.7811,0.84,0.872,0.8857,0.9451,0.4,0.65,0.65,4,1.04,0,0.8667,unclear,report,1,1,0.7811,0.7811,0.6996,0.6996,Manchester United,Ajax,Manchester United,buyer,in,club,MANU,^GSPC,direct,2,1,1,,python_fallback,ok,,2022-07-16,2022-07-18,2,120,-0.001545,0.582733,1,1,0.022264,0.031835,0.027027,-0.008993,0.004558,-0.122611,0.019201,0.011616,-0.009289,0.020547,0.019306,-0.058048,0.012619,0.029483,0.040349,-0.004594,0.012704,0.024501,0.021779,0.014519,0.019034,0.03515,0.026838,0.06613,0.004568,0.010135,0.015383,-0.005695,0.020002,0.030965,0.010963,-0.153662,-0.161252,-0.817643,-0.892399,0.520503,0.010135,neutral
619d555494b4ef48,9b86e63b7355d8cf,2022-07-16T11:51:47Z,2022-07-16,2022-07-16,The Guardian / Jamie Jackson in Melbourne,Jamie Jackson in Melbourne,Ajax NV,Manchester United,Lisandro Martínez,2022-23,out,in,permanent,0,24.0,Centre-Back,32000000.0,57370000.0,,1.7928,-25370000.0,0.8484,0.8031,0.6996,0.6996,0.7811,0.84,0.872,0.8857,0.9451,0.4,0.65,0.65,4,1.04,0,0.8667,unclear,report,1,1,0.7811,0.7811,0.6996,0.6996,Manchester United,Ajax,Ajax NV,seller,out,club,AJAX.AS,^AEX,direct,2,1,1,,python_fallback,ok,,2022-07-16,2022-07-18,2,120,-0.000772,0.241048,1,1,0.008065,0.0,-0.007937,0.01626,0.05042,-0.007937,0.018508,0.001849,-0.003411,0.024768,0.056893,-0.04106,0.004375,0.002008,-0.003122,0.018068,0.016,0.012,0.004,0.0,0.026119,0.048652,0.052224,0.08373,0.011369,0.004185,-0.002996,-0.009528,0.015785,0.014144,-0.00164,0.700165,0.444378,-0.406917,-0.453578,0.462255,0.004185,neutral
dffeef6212f119e3,1135b61a28a709f4,2022-07-17T14:00:39Z,2022-07-17,2022-07-17,The Guardian / Jamie Jackson in Melbourne,Jamie Jackson in Melbourne,Manchester United,Manchester United,Lisandro Martínez,2022-23,in,in,permanent,0,24.0,Centre-Back,32000000.0,57370000.0,,1.7928,-25370000.0,0.5966,0.4983,0.8088,0.8088,0.8441,0.84,0.872,0.8857,0.9451,0.82,0.65,0.65,4,0.96,0,0.8,agreed,report,1,1,0.8441,0.8441,0.8088,0.8088,Manchester United,Ajax,Manchester United,buyer,in,club,MANU,^GSPC,direct,2,1,1,,python_fallback,ok,,2022-07-17,2022-07-18,1,120,-0.001545,0.582733,1,1,0.022264,0.031835,0.027027,-0.008993,0.004558,-0.122611,0.019201,0.011616,-0.009289,0.020547,0.019306,-0.058048,0.012619,0.029483,0.040349,-0.004594,0.012704,0.024501,0.021779,0.014519,0.019034,0.03515,0.026838,0.06613,0.004568,0.010135,0.015383,-0.005695,0.020002,0.030965,0.010963,-0.153662,-0.161252,-0.817643,-0.892399,0.520503,0.010135,neutral
dffeef6212f119e3,1135b61a28a709f4,2022-07-17T14:00:39Z,2022-07-17,2022-07-17,The Guardian / Jamie Jackson in Melbourne,Jamie Jackson in Melbourne,Ajax NV,Manchester United,Lisandro Martínez,2022-23,out,in,permanent,0,24.0,Centre-Back,32000000.0,57370000.0,,1.7928,-25370000.0,0.8484,0.8031,0.8088,0.8088,0.8441,0.84,0.872,0.8857,0.9451,0.82,0.65,0.65,4,0.96,0,0.8,agreed,report,1,1,0.8441,0.8441,0.8088,0.8088,Manchester United,Ajax,Ajax NV,seller,out,club,AJAX.AS,^AEX,direct,2,1,1,,python_fallback,ok,,2022-07-17,2022-07-18,1,120,-0.000772,0.241048,1,1,0.008065,0.0,-0.007937,0.01626,0.05042,-0.007937,0.018508,0.001849,-0.003411,0.024768,0.056893,-0.04106,0.004375,0.002008,-0.003122,0.018068,0.016,0.012,0.004,0.0,0.026119,0.048652,0.052224,0.08373,0.011369,0.004185,-0.002996,-0.009528,0.015785,0.014144,-0.00164,0.700165,0.444378,-0.406917,-0.453578,0.462255,0.004185,neutral
b54325c85c0381c4,d6049d352e5fd6d6,2025-06-24T16:15:42Z,2025-06-24,2025-06-24,The Guardian / Jacob Steinberg in Philadelphia,Jacob Steinberg in Philadelphia,Borussia Dortmund,Borussia Dortmund,Jamie Gittens,2024-25,out,out,unclear,0,,,,,,0.0,0.0,0.0,0.0,0.7054,0.7054,0.716,0.84,0.742,0.7,0.371,0.82,0.65,0.5,2,0.0,0,0.0,agreed,report,1,1,0.716,0.716,0.7054,0.7054,,,,,,,,,none,0,0,0,,python_fallback,no_public_target,no_public_target,2025-06-24,,,,,,,,,,,,,,,,,,,,,,,,,,,,,,,,,,,,,,,,,,,,,
30209a8ee051d8dc,725ac49b3878fa53,2025-06-28T18:44:16Z,2025-06-28,2025-06-28,The Guardian / Jacob Steinberg and Ed Aarons,Jacob Steinberg and Ed Aarons,Borussia Dortmund,Borussia Dortmund,Jamie Gittens,2024-25,in,in,unclear,0,,,,,,0.0,0.0,0.0,0.0,0.5962,0.5962,0.653,0.84,0.742,0.7,0.371,0.4,0.65,0.5,2,0.0,0,0.0,unclear,report,1,1,0.653,0.653,0.5962,0.5962,,,,,,,,,none,0,0,0,,python_fallback,no_public_target,no_public_target,2025-06-28,,,,,,,,,,,,,,,,,,,,,,,,,,,,,,,,,,,,,,,,,,,,,
2d2c86e40404269e,f976a701012bb1c7,2025-07-05T20:30:33Z,2025-07-05,2025-07-05,The Guardian / Jacob Steinberg and Ben Fisher,Jacob Steinberg and Ben Fisher,Borussia Dortmund,Borussia Dortmund,Jamie Gittens,2025-26,out,out,permanent,0,20.0,Left Winger,50000000.0,56000000.0,,1.12,-6000000.0,0.697,0.6265,0.7263,0.7263,0.7824,0.84,0.8587,0.8667,0.8733,0.4,0.65,0.95,2,0.86,0,0.7167,unclear,report,1,1,0.7824,0.7824,0.7263,0.7263,Chelsea,Borussia Dortmund,Borussia Dortmund,seller,out,club,BVB.DE,^GDAXI,direct,1,0,1,,python_fallback,ok,,2025-07-05,2025-07-07,2,120,0.001604,0.160564,1,1,-0.008951,-0.003856,-0.00641,0.011749,0.01706,0.002587,-0.006129,0.004822,-0.010226,0.01871,-0.021272,0.006681,-0.009572,-0.009383,-0.012664,-0.006961,-0.010323,0.005161,-0.002581,-0.002581,0.017634,0.028139,0.015689,0.021875,-0.016091,-0.005366,-0.0143,-0.023113,0.011032,0.011585,0.000553,0.638139,-0.946856,1.32065,0.982973,1.544343,-0.005366,neutral
4ee9be268104a850,e64c3f9eba01f56b,2025-06-10T13:53:48Z,2025-06-10,2025-06-10,The Guardian / Jacob Steinberg,Jacob Steinberg,Borussia Dortmund,Borussia Dortmund,Jamie Gittens,2024-25,in,in,unclear,0,,,,,,0.0,0.0,0.0,0.0,0.5756,0.5756,0.6116,0.84,0.588,0.48,0.4048,0.6,0.65,0.5,20,0.0,0,0.0,bid,report,1,1,0.6116,0.6116,0.5756,0.5756,,,,,,,,,none,0,0,0,,python_fallback,no_public_target,no_public_target,2025-06-10,,,,,,,,,,,,,,,,,,,,,,,,,,,,,,,,,,,,,,,,,,,,,
a4c009d9bebd953b,4e6cdc5ccdca36a7,2025-07-09T15:09:05Z,2025-07-09,2025-07-09,The Guardian / Jacob Steinberg,Jacob Steinberg,Borussia Dortmund,Borussia Dortmund,Jamie Gittens,2025-26,out,out,permanent,0,20.0,Left Winger,50000000.0,56000000.0,,1.12,-6000000.0,0.697,0.6265,0.6508,0.6508,0.6521,0.84,0.588,0.48,0.4048,0.82,0.45,0.85,20,0.82,0,0.6833,agreed,aggregate,1,1,0.6521,0.6521,0.6508,0.6508,Chelsea,Borussia Dortmund,Borussia Dortmund,seller,out,club,BVB.DE,^GDAXI,direct,1,0,1,,python_fallback,ok,,2025-07-09,2025-07-09,0,120,0.001678,0.162525,1,1,0.011873,-0.019182,-0.014139,-0.009044,0.015894,-0.021684,0.005535,0.011397,0.022541,0.023913,0.009144,-0.000808,0.009296,-0.025906,-0.025886,-0.02906,0.015645,0.007823,0.015645,0.01043,0.010324,-0.001911,-0.00816,0.001401,0.010558,0.0015,0.006926,-0.008027,0.012193,0.010318,-0.001875,-0.119545,0.096516,0.997993,0.745009,1.340402,0.0015,neutral
9d08e05c20209268,6829edea5cb15bef,2024-06-30T13:10:57Z,2024-06-30,2024-06-30,The Guardian / Ben Fisher,Ben Fisher,Juventus,Juventus,Douglas Luiz,2023-24,in,in,unclear,0,,,,,,0.0,0.0,0.0,0.0,0.5962,0.5962,0.653,0.84,0.742,0.7,0.371,0.4,0.65,0.5,2,0.0,0,0.0,unclear,report,1,1,0.653,0.653,0.5962,0.5962,,,,,,,,,none,0,0,0,,python_fallback,no_public_target,no_public_target,2024-06-30,,,,,,,,,,,,,,,,,,,,,,,,,,,,,,,,,,,,,,,,,,,,,
1c3c01ebd26f2635,3b62b4aaca3f0de7,2024-06-25T09:13:41Z,2024-06-25,2024-06-25,The Guardian / Tom Garry,Tom Garry,Juventus,Juventus,Douglas Luiz,2023-24,in,in,unclear,0,,,,,,0.0,0.0,0.0,0.0,0.6411,0.6411,0.7037,0.84,0.772,0.7429,0.6126,0.48,0.65,0.5,4,0.0,0,0.0,linked,report,1,1,0.7037,0.7037,0.6411,0.6411,,,,,,,,,none,0,0,0,,python_fallback,no_public_target,no_public_target,2024-06-25,,,,,,,,,,,,,,,,,,,,,,,,,,,,,,,,,,,,,,,,,,,,,
07887cb1ff8095e0,30b706ed9692f630,2024-07-02T13:01:17Z,2024-07-02,2024-07-02,The Guardian / Tom Garry,Tom Garry,Juventus,Juventus,Douglas Luiz,2024-25,in,in,permanent,0,26.0,Central Midfield,70000000.0,51500000.0,,0.7357,18500000.0,0.7845,0.6832,0.6503,0.6503,0.7042,0.84,0.772,0.7429,0.6126,0.4,0.45,0.95,4,0.98,0,0.8167,unclear,aggregate,1,1,0.7042,0.7042,0.6503,0.6503,Juventus,Aston Villa,Juventus,buyer,in,club,JUVE.MI,FTSEMIB.MI,direct,1,1,0,,python_fallback,ok,,2024-07-02,2024-07-02,0,120,-0.001478,0.623262,1,1,0.022815,0.01982,0.024434,0.11913,0.179289,0.165928,0.016981,0.005217,-0.003488,0.024584,-0.027488,-0.031816,0.013709,0.021009,0.033941,0.113152,0.029152,0.117491,0.056537,0.085468,0.003796,0.008037,0.00436,0.019337,0.029664,0.114075,0.064272,0.08948,0.012509,0.021015,0.008507,1.813402,1.637343,1.2171,-0.560591,0.641144,0.114075,positive
f418706d3d6550a5,ded2a930c148c407,2024-06-22T15:33:52Z,2024-06-22,2024-06-22,The Guardian / Ed Aarons and Jacob Steinberg,Ed Aarons and Jacob Steinberg,Juventus,Juventus,Douglas Luiz,2023-24,in,in,unclear,0,,,,,,0.0,0.0,0.0,0.0,0.6554,0.6554,0.691,0.84,0.742,0.7,0.371,0.72,0.45,0.5,2,0.0,0,0.0,advanced,aggregate,1,1,0.691,0.691,0.6554,0.6554,,,,,,,,,none,0,0,0,,python_fallback,no_public_target,no_public_target,2024-06-22,,,,,,,,,,,,,,,,,,,,,,,,,,,,,,,,,,,,,,,,,,,,,
0140e645598c2550,162c6adab48e40c0,2022-07-12T14:08:39Z,2022-07-12,2022-07-12,The Guardian / Jacob Steinberg and Ed Aarons in Los Angeles,Jacob Steinberg and Ed Aarons in Los Angeles,Juventus,Juventus,Bremer,2022-23,in,in,permanent,0,25.0,Centre-Back,35000000.0,51300000.0,,1.4657,-16300000.0,0.6452,0.5059,0.8017,0.8017,0.836,0.84,0.8587,0.8667,0.9293,0.82,0.65,0.65,2,1.0,0,0.8333,agreed,report,1,1,0.836,0.836,0.8017,0.8017,Juventus,Torino,Juventus,buyer,in,club,JUVE.MI,FTSEMIB.MI,direct,1,1,0,,python_fallback,ok,,2022-07-12,2022-07-12,0,120,0.002969,0.981034,1,1,-0.046114,0.010428,0.00932,-0.016034,0.082305,-0.035621,-0.009461,0.030926,0.010495,-0.016462,-0.015969,-0.130638,-0.039801,-0.026973,-0.014847,-0.028577,-0.049973,-0.065182,-0.017382,-0.03748,-0.013075,-0.029442,0.005935,-0.018917,-0.043077,-0.047952,-0.038817,-0.049646,0.021979,0.021303,-0.000675,0.374796,-1.263549,0.910119,7.155926,4.011494,-0.047952,negative
0b5aeacafb064ba4,002008400a0a9e56,2022-07-06T09:14:46Z,2022-07-06,2022-07-06,The Guardian / Fabrizio Romano,Fabrizio Romano,Juventus,Juventus,Bremer,2022-23,in,in,permanent,0,25.0,Centre-Back,35000000.0,51300000.0,,1.4657,-16300000.0,0.6452,0.5059,0.7913,0.7913,0.8447,0.95,0.8428,0.7969,0.9128,0.82,0.65,0.65,22,0.96,0,0.8,agreed,report,1,1,0.8447,0.8447,0.7913,0.7913,Juventus,Torino,Juventus,buyer,in,club,JUVE.MI,FTSEMIB.MI,direct,1,1,0,,python_fallback,ok,,2022-07-06,2022-07-06,0,120,0.002435,0.984125,1,1,-0.005482,0.003874,-0.030465,-0.016802,-0.072123,0.054038,-0.029938,-0.02766,-0.063165,-0.062656,-0.15025,-0.132811,0.021545,0.023831,0.020719,0.021743,0.027012,0.014884,-0.035832,-0.012679,0.041198,0.041681,0.028061,0.031055,-0.018189,-0.03376,-0.07573,-0.065999,0.024313,0.024833,0.000519,-0.141848,0.070646,-1.589621,-0.925117,0.666153,-0.03376,negative
d1686d8ff6f29737,07f96e236db0ca0f,2023-07-18T19:00:27Z,2023-07-18,2023-07-18,The Guardian / Jamie Jackson,Jamie Jackson,Manchester United,Manchester United,André Onana,2023-24,in,in,permanent,0,27.0,Goalkeeper,35000000.0,50200000.0,,1.4343,-15200000.0,0.6023,0.4511,0.6328,0.6328,0.6733,0.84,0.6842,0.6174,0.6295,0.4,0.65,0.95,36,0.98,0,0.8167,unclear,report,1,1,0.6733,0.6733,0.6328,0.6328,Manchester United,Inter,Manchester United,buyer,in,club,MANU,^GSPC,direct,1,1,0,,python_fallback,ok,,2023-07-18,2023-07-18,0,120,0.000701,0.215902,1,1,0.03185,0.03185,0.020276,-0.029943,-0.046755,0.272874,0.003855,0.011321,0.025685,0.016271,0.021905,0.071492,0.030317,0.027309,0.011773,-0.039178,-0.066808,-0.085835,-0.05666,-0.14334,0.009492,0.002996,0.009877,0.011926,-0.070283,-0.090768,-0.0618,-0.157781,0.029134,0.044104,0.01497,0.0598,0.12201,-0.112986,-0.740633,0.624221,-0.090768,negative
8a2031af34ac75c5,176a3867b2a5ea2b,2023-07-20T18:01:24Z,2023-07-20,2023-07-20,The Guardian / Jamie Jackson in New York,Jamie Jackson in New York,Manchester United,Manchester United,André Onana,2023-24,in,in,permanent,0,27.0,Goalkeeper,35000000.0,50200000.0,,1.4343,-15200000.0,0.6023,0.4511,0.7282,0.7282,0.7872,0.84,0.8587,0.8667,0.9213,0.4,0.65,0.95,2,0.98,0,0.8167,unclear,report,1,1,0.7872,0.7872,0.7282,0.7282,Manchester United,Inter,Manchester United,buyer,in,club,MANU,^GSPC,direct,1,1,0,,python_fallback,ok,,2023-07-20,2023-07-20,0,120,0.000559,0.218799,1,1,-0.066413,-0.037086,-0.037086,-0.097711,-0.019111,0.222715,0.002358,0.013384,0.020921,0.026738,0.040333,0.068307,-0.067488,-0.039579,-0.042324,-0.110166,-0.02039,0.010874,-0.002719,-0.088355,-0.006435,0.000381,-0.006201,-0.01398,-0.020182,0.00905,-0.004096,-0.090505,0.029076,0.042035,0.012959,-1.802712,-1.850497,1.789186,-0.871358,0.554286,0.00905,neutral
bec88da49864885e,1d5c3a290f11f637,2024-08-25T15:24:54Z,2024-08-25,2024-08-25,The Guardian / Jamie Jackson,Jamie Jackson,Manchester United,Manchester United,Manuel Ugarte,2024-25,in,in,permanent,0,23.0,Defensive Midfield,45000000.0,50000000.0,,1.1111,-5000000.0,0.725,0.5575,0.73,0.73,0.7313,0.84,0.6842,0.6174,0.6295,0.82,0.65,0.85,36,0.82,0,0.6833,agreed,report,1,1,0.7313,0.7313,0.73,0.73,Manchester United,PSG,Manchester United,buyer,in,club,MANU,^GSPC,direct,1,1,0,,python_fallback,ok,,2024-08-25,2024-08-26,1,120,0.000921,0.292772,1,1,-0.016449,-0.017564,0.002312,0.031529,0.018203,0.02908,0.011483,0.006698,0.014468,0.054349,0.03215,0.00343,-0.020732,-0.022325,-0.006071,0.007442,0.016724,0.00692,-0.016148,-0.05421,-0.001564,-0.007569,-0.018755,-0.024685,0.015742,0.006019,-0.015624,-0.057267,0.014751,0.018187,0.003436,0.761987,0.132442,-1.134384,-0.461119,0.84242,0.006019,neutral
d785dccd22fd7b05,5c62588871bd98f9,2024-08-19T15:36:53Z,2024-08-19,2024-08-19,The Guardian / Jamie Jackson,Jamie Jackson,Manchester United,Manchester United,Manuel Ugarte,2024-25,in,in,permanent,0,23.0,Defensive Midfield,45000000.0,50000000.0,,1.1111,-5000000.0,0.725,0.5575,0.5968,0.5968,0.6583,0.84,0.6842,0.6174,0.6295,0.4,0.65,0.65,36,1.04,0,0.8667,unclear,report,1,1,0.6583,0.6583,0.5968,0.5968,Manchester United,PSG,Manchester United,buyer,in,club,MANU,^GSPC,direct,1,1,0,,python_fallback,ok,,2024-08-19,2024-08-19,0,120,-0.000299,0.18879,1,1,0.001157,0.050395,0.029149,0.043426,0.036549,0.065927,0.00199,0.022048,0.039312,0.038846,0.008946,-0.002324,0.001081,0.04651,0.02365,0.039287,0.020231,0.019075,-0.010983,-0.013873,0.007718,0.002951,0.011269,-0.004559,0.019497,0.019855,-0.010833,-0.008707,0.014753,0.018704,0.003951,1.809279,3.404511,-0.692359,1.825893,1.596559,0.019855,neutral
5da73c643e684e11,ed7f017dc179166f,2025-08-27T17:58:27Z,2025-08-27,2025-08-27,The Guardian / Jacob Steinberg,Jacob Steinberg,Manchester United,Manchester United,Alejandro Garnacho,2025-26,out,out,permanent,0,21.0,Left Winger,45000000.0,46200000.0,,1.0267,-1200000.0,0.676,0.602,0.6604,0.6604,0.6509,0.84,0.588,0.48,0.3935,0.72,0.65,0.95,20,0.86,0,0.7167,advanced,report,1,1,0.6509,0.6509,0.6604,0.6604,Chelsea,Manchester United,Manchester United,seller,out,club,MANU,^GSPC,direct,1,0,1,,python_fallback,ok,,2025-08-27,2025-08-27,0,120,0.00141,0.725662,1,1,-0.00174,0.001163,-0.02049,-0.021047,-0.002319,-0.023823,0.004134,0.015034,0.008511,0.003131,0.014924,0.035584,-0.00615,-0.013697,-0.033592,-0.037012,0.013364,-0.052295,-0.066241,-0.059849,0.005555,-0.007795,0.005589,0.018795,0.006662,-0.049256,-0.076492,-0.08533,0.012568,0.027344,0.014776,-1.61938,-2.101375,0.561149,0.392173,1.066699,-0.049256,negative
766693d7c9d31fb3,b1d8510f640a921c,2025-08-28T19:34:33Z,2025-08-28,2025-08-28,"The Guardian / Jamie Jackson, Jacob Steinberg and David Hytner","Jamie Jackson, Jacob Steinberg and David Hytner",Manchester United,Manchester United,Alejandro Garnacho,2025-26,out,out,permanent,0,21.0,Left Winger,45000000.0,46200000.0,,1.0267,-1200000.0,0.676,0.602,0.7295,0.7295,0.7904,0.84,0.8587,0.8667,0.9533,0.4,0.65,0.95,2,1.06,0,0.8833,unclear,report,1,1,0.7904,0.7904,0.7295,0.7295,Chelsea,Manchester United,Manchester United,seller,out,club,MANU,^GSPC,direct,1,0,1,,python_fallback,ok,,2025-08-28,2025-08-28,0,120,0.001121,0.740936,1,1,-0.006973,-0.023986,-0.017251,-0.022311,-0.028425,-0.031728,0.002391,0.002241,0.013387,0.002292,0.018624,0.034756,-0.009865,-0.02917,-0.032583,-0.034842,0.04447,-0.06261,-0.070216,-0.039789,-0.003262,-0.005113,1.5e-05,0.015875,0.044148,-0.060799,-0.074961,-0.059129,0.011793,0.027344,0.015551,-2.101375,-0.457355,0.392173,4.179257,1.711563,-0.060799,negative
46e8f6a96ba2cbf1,84934a4720c05ee9,2025-08-06T13:10:23Z,2025-08-06,2025-08-06,The Guardian / Ed Aarons,Ed Aarons,Manchester United,Manchester United,Alejandro Garnacho,2025-26,out,out,permanent,0,21.0,Left Winger,45000000.0,46200000.0,,1.0267,-1200000.0,0.676,0.602,0.6193,0.6193,0.6789,0.84,0.7342,0.6889,0.5924,0.4,0.65,0.65,8,0.96,0,0.8,unclear,report,1,1,0.6789,0.6789,0.6193,0.6193,Chelsea,Manchester United,Manchester United,seller,out,club,MANU,^GSPC,direct,1,0,1,,python_fallback,ok,,2025-08-06,2025-08-06,0,120,0.000579,0.751458,1,1,0.014648,0.023877,0.044058,-0.0,0.058167,-0.051606,-0.004858,-0.006341,-0.01125,-0.001653,0.011834,0.045479,0.01772,0.026613,0.048881,-0.003846,-0.000555,-0.017213,-0.029428,-0.034425,0.006479,0.011789,0.026573,0.015334,-0.006584,-0.028069,-0.052648,-0.052078,0.014427,0.023034,0.008607,1.441179,1.300427,-0.315808,-1.16504,0.70758,-0.028069,negative
b4687d21eccbb9d8,d1880ec202b4398b,2022-06-15T08:29:08Z,2022-06-15,2022-06-15,The Guardian / Fabrizio Romano,Fabrizio Romano,Juventus,Juventus,Federico Chiesa,2021-22,out,out,permanent,0,24.0,Right Winger,65000000.0,0.0,,0.0,65000000.0,0.445,0.4825,0.7913,0.7913,0.8447,0.95,0.8428,0.7969,0.9128,0.82,0.65,0.65,22,0.76,0,0.6333,agreed,report,1,1,0.8447,0.8447,0.7913,0.7913,Fiorentina,Juventus,Juventus,seller,out,club,JUVE.MI,FTSEMIB.MI,direct,1,0,1,,python_fallback,ok,,2022-06-15,2022-06-15,0,120,0.001029,1.049717,1,1,-0.006467,-0.10582,-0.13555,-0.124352,0.045145,0.062893,-0.003239,-0.081171,-0.103382,-0.108468,-0.10102,-0.098795,-0.004095,-0.025199,-0.035222,-0.020175,0.01716,0.101775,0.091124,0.081657,-0.005493,0.007186,-0.002655,-0.000595,0.020053,0.086468,0.08494,0.068917,0.029206,0.024831,-0.004375,-1.073166,-0.800589,-0.887114,-0.975266,0.58092,0.086468,positive
ce8797214f2ba485,cf4d1389c62da96c,2022-06-30T08:35:55Z,2022-06-30,2022-06-30,The Guardian / Fabrizio Romano and Andy Hunter,Fabrizio Romano and Andy Hunter,Juventus,Juventus,Federico Chiesa,2021-22,out,out,permanent,0,24.0,Right Winger,65000000.0,0.0,,0.0,65000000.0,0.445,0.4825,0.9444,0.9444,0.9443,0.95,0.9558,0.9583,0.8899,0.95,0.9,0.95,2,0.78,0,0.65,official,official,1,1,0.9443,0.9443,0.9444,0.9444,Fiorentina,Juventus,Juventus,seller,out,club,JUVE.MI,FTSEMIB.MI,direct,1,0,1,,python_fallback,ok,,2022-06-30,2022-06-30,0,120,0.002598,1.014353,1,1,-0.022982,-0.026624,-0.008677,0.055427,-0.065917,0.12979,-0.012081,-0.012885,0.002065,-0.028477,-0.100889,-0.093498,-0.013326,-0.021493,-0.023782,0.058544,-0.015864,-0.007659,0.019147,-0.08698,-0.021938,-0.051708,-0.012641,-0.058624,0.00107,0.035178,0.015427,-0.055842,0.026994,0.024847,-0.002148,-0.294221,-0.463514,-0.695508,-0.575871,0.710546,0.035178,positive
6ef067197b7eede1,89c8fcfe3ef55293,2024-07-14T15:00:54Z,2024-07-14,2024-07-14,The Guardian / Will Unwin,Will Unwin,Manchester United,Manchester United,Joshua Zirkzee,2024-25,in,in,permanent,0,23.0,Centre-Forward,50000000.0,42500000.0,,0.85,7500000.0,0.7837,0.6652,0.6633,0.6633,0.7083,0.84,0.742,0.7,0.6988,0.4,0.65,0.95,22,1.06,0,0.8833,unclear,report,1,1,0.7083,0.7083,0.6633,0.6633,Manchester United,Bologna,Manchester United,buyer,in,club,MANU,^GSPC,direct,1,1,0,,python_fallback,ok,,2024-07-14,2024-07-15,1,120,-0.001677,-0.141899,1,1,-0.000593,0.057089,0.038201,0.063763,-0.018637,0.010798,0.005517,0.00688,0.008651,0.024163,0.035846,0.066148,0.001867,0.063043,0.04895,0.084136,0.018991,-0.010089,0.010089,0.012463,0.009234,-0.012601,-0.009072,-0.027035,0.024163,-0.004209,0.020035,0.028532,0.018075,0.015676,-0.002399,1.711252,1.130012,1.040679,-0.48313,0.778214,-0.004209,neutral
44cb9f305389a9df,4d1fc970e45cf2fb,2024-07-11T18:30:29Z,2024-07-11,2024-07-11,The Guardian / Jamie Jackson,Jamie Jackson,Manchester United,Manchester United,Joshua Zirkzee,2024-25,in,in,permanent,0,23.0,Centre-Forward,50000000.0,42500000.0,,0.85,7500000.0,0.7837,0.6652,0.6328,0.6328,0.6733,0.84,0.6842,0.6174,0.6295,0.4,0.65,0.95,36,0.98,0,0.8167,unclear,report,1,1,0.6733,0.6733,0.6328,0.6328,Manchester United,Bologna,Manchester United,buyer,in,club,MANU,^GSPC,direct,1,1,0,,python_fallback,ok,,2024-07-11,2024-07-11,0,120,-0.001552,-0.143728,1,1,0.055834,0.036969,0.035692,0.044045,0.012027,0.001786,0.010208,0.011985,0.022672,0.030097,0.050948,0.062056,0.058853,0.044513,0.047955,0.065255,0.001188,0.020202,-0.008913,0.015449,-0.003294,0.005909,-0.015854,-0.041657,0.003827,0.027756,-0.000906,0.027866,0.018943,0.015488,-0.003455,1.637626,1.634049,2.524485,1.951903,1.847158,0.027756,positive
f4ad1d3fc111e362,034d5fd9a51a5e34,2024-07-08T21:37:41Z,2024-07-08,2024-07-08,The Guardian / Jamie Jackson,Jamie Jackson,Manchester United,Manchester United,Joshua Zirkzee,2024-25,in,in,permanent,0,23.0,Centre-Forward,50000000.0,42500000.0,,0.85,7500000.0,0.7837,0.6652,0.73,0.73,0.7313,0.84,0.6842,0.6174,0.6295,0.82,0.65,0.85,36,0.98,0,0.8167,agreed,report,1,1,0.7313,0.7313,0.73,0.73,Manchester United,Bologna,Manchester United,buyer,in,club,MANU,^GSPC,direct,1,1,0,,python_fallback,ok,,2024-07-08,2024-07-08,0,120,-0.001505,-0.106145,1,1,0.006824,-0.005515,0.024621,0.007449,-0.056395,-0.04078,0.005449,0.016822,0.015379,0.017178,0.039813,0.046187,0.008907,0.000824,0.033776,0.024855,-0.017868,0.038817,0.022797,0.048675,0.001759,0.003116,0.011501,-0.000499,-0.014501,0.046279,0.034744,0.067093,0.018419,0.019729,0.00131,-0.435692,-1.638029,-0.903983,-0.289497,0.871466,0.046279,positive
12f32b687a430a65,d366317101b61354,20210618T170000Z,2021-06-18,2021-06-18,bundesliga.com,,Borussia Dortmund,Borussia Dortmund,Immanuel Pherai,2020-21,unclear,unclear,unclear,0,,,,,,0.0,0.0,0.0,0.0,0.4184,0.4184,0.4251,0.5,0.5,0.4167,0.1422,0.4,0.35,0.5,1,0.0,0,0.0,unclear,analysis,1,1,0.4251,0.4251,0.4184,0.4184,,,,,,,,,none,0,0,0,,python_fallback,no_public_target,no_public_target,2021-06-18,,,,,,,,,,,,,,,,,,,,,,,,,,,,,,,,,,,,,,,,,,,,,
713a5db00c5778de,15237a3435ac4a60,20210627T104500Z,2021-06-27,2021-06-27,derwesten.de,,Borussia Dortmund,Borussia Dortmund,Lukasz Piszczek,2020-21,unclear,unclear,unclear,0,,,,,,0.0,0.0,0.0,0.0,0.4252,0.4252,0.4192,0.5,0.5,0.3125,0.1422,0.4,0.65,0.5,3,0.0,0,0.0,unclear,report,1,1,0.4192,0.4192,0.4252,0.4252,,,,,,,,,none,0,0,0,,python_fallback,no_public_target,no_public_target,2021-06-27,,,,,,,,,,,,,,,,,,,,,,,,,,,,,,,,,,,,,,,,,,,,,
8be91ec32be8de34,31ba2d85ad2a7f75,20210617T014500Z,2021-06-17,2021-06-17,hitc.com,,Borussia Dortmund,Borussia Dortmund,Thomas Delaney,2021-22,out,out,permanent,0,29.0,Central Midfield,15000000.0,6000000.0,,0.4,9000000.0,0.585,0.5054,0.495,0.495,0.4709,0.5,0.5,0.5833,0.1422,0.4,0.65,0.45,1,0.63,0,0.525,unclear,report,1,1,0.4709,0.4709,0.495,0.495,Sevilla FC,Borussia Dortmund,Borussia Dortmund,seller,out,club,BVB.DE,^GDAXI,direct,1,0,1,,python_fallback,ok,,2021-06-17,2021-06-17,0,109,0.001244,0.596869,1,1,-0.000783,-0.019201,-0.017692,0.050164,0.004721,0.115284,-0.001205,0.001102,0.008307,0.006913,0.021057,0.057489,-0.001307,-0.023595,-0.028814,0.033151,-0.003916,-0.016445,-0.027408,0.002349,-0.01671,-0.004725,-0.007723,-0.006795,0.003786,-0.018532,-0.030456,-0.006608,0.01707,0.014583,-0.002486,0.731291,1.13633,-0.554386,-0.308757,0.832164,-0.018532,neutral
14dfe43b00f3fc8e,a164ff01e08d1297,20210626T160000Z,2021-06-26,2021-06-26,the-sun.com,,Manchester United,Manchester United,Sergio Romero,2020-21,unclear,unclear,unclear,0,,,,,,0.0,0.0,0.0,0.0,0.5024,0.5024,0.4852,0.5,0.5,0.4167,0.3691,0.55,0.65,0.5,1,0.0,0,0.0,talks,report,1,1,0.4852,0.4852,0.5024,0.5024,,,,,,,,,none,0,0,0,,python_fallback,no_public_target,no_public_target,2021-06-26,,,,,,,,,,,,,,,,,,,,,,,,,,,,,,,,,,,,,,,,,,,,,
d2663d045eef939b,6ebb2d42a655425f,2025-08-06T11:16:51Z,2025-08-06,2025-08-06,The Guardian / Will Unwin,Will Unwin,Manchester United,Manchester United,Benjamin Sesko,2025-26,in,in,permanent,0,22.0,Centre-Forward,70000000.0,76500000.0,,1.0929,-6500000.0,0.7041,0.5358,0.6783,0.6783,0.722,0.84,0.7752,0.7474,0.6747,0.4,0.65,0.95,28,1.06,0,0.8833,unclear,report,1,1,0.722,0.722,0.6783,0.6783,Manchester United,Leipzig,Manchester United,buyer,in,club,MANU,^GSPC,direct,1,1,0,,python_fallback,ok,,2025-08-06,2025-08-06,0,120,0.000579,0.751458,1,1,0.014648,0.023877,0.044058,-0.0,0.058167,-0.051606,-0.004858,-0.006341,-0.01125,-0.001653,0.011834,0.045479,0.01772,0.026613,0.048881,-0.003846,-0.000555,-0.017213,-0.029428,-0.034425,0.006479,0.011789,0.026573,0.015334,-0.006584,-0.028069,-0.052648,-0.052078,0.014427,0.023034,0.008607,1.441179,1.300427,-0.315808,-1.16504,0.70758,-0.028069,negative
6a08f457d43e2ad5,bf9ddc18ba8d0cb0,2025-08-09T09:33:11Z,2025-08-09,2025-08-09,The Guardian / Andy Martin,Andy Martin,Manchester United,Manchester United,Benjamin Sesko,2025-26,in,in,permanent,0,22.0,Centre-Forward,70000000.0,76500000.0,,1.0929,-6500000.0,0.7041,0.5358,0.7295,0.7295,0.7904,0.84,0.8587,0.8667,0.9533,0.4,0.65,0.95,2,1.06,0,0.8833,unclear,report,1,1,0.7904,0.7904,0.7295,0.7295,Manchester United,Leipzig,Manchester United,buyer,in,club,MANU,^GSPC,direct,1,1,0,,python_fallback,ok,,2025-08-09,2025-08-11,2,120,0.000812,0.747225,1,1,-0.027778,-0.028318,-0.003984,0.002865,-0.004551,-0.039517,0.0078,0.014329,0.024277,0.000127,0.02072,0.040454,-0.034418,-0.041442,-0.025556,-0.004794,0.004571,-0.004571,0.004571,-0.014857,0.008813,0.012378,0.009343,0.007805,-0.003582,-0.016968,-0.006898,-0.029052,0.013402,0.022607,0.009204,-0.991324,-0.110526,-0.4555,-0.303492,0.935451,-0.016968,neutral
183bc5d27d2f4360,297f744501e9d7ba,2025-08-07T14:38:46Z,2025-08-07,2025-08-07,The Guardian / Will Unwin,Will Unwin,Manchester United,Manchester United,Benjamin Sesko,2025-26,in,in,permanent,0,22.0,Centre-Forward,70000000.0,76500000.0,,1.0929,-6500000.0,0.7041,0.5358,0.8083,0.8083,0.797,0.84,0.7752,0.7474,0.6747,0.9,0.65,0.95,28,1.06,0,0.8833,medical,report,1,1,0.797,0.797,0.8083,0.8083,Manchester United,Leipzig,Manchester United,buyer,in,club,MANU,^GSPC,direct,1,1,0,,python_fallback,ok,,2025-08-07,2025-08-07,0,120,0.000708,0.749604,1,1,-0.001666,0.023335,0.022172,-0.010457,0.017544,-0.065489,0.007282,0.017161,-0.002804,-0.002178,0.01306,0.041509,-0.007833,0.008237,0.020441,-0.015299,-0.026696,-0.022247,-0.031146,-0.043938,0.006996,0.015871,0.019461,0.003957,-0.033331,-0.036727,-0.049913,-0.054853,0.011961,0.023098,0.011137,1.300427,1.272391,-1.16504,-0.174994,0.957631,-0.036727,negative
ea70a7fc70bde1a4,9ba1d7e82ada0653,2025-07-21T19:07:30Z,2025-07-21,2025-07-21,The Guardian / Will Unwin,Will Unwin,Manchester United,Manchester United,Bryan Mbeumo,2025-26,in,in,permanent,0,25.0,Right Winger,55000000.0,75000000.0,,1.3636,-20000000.0,0.6682,0.5174,0.6783,0.6783,0.722,0.84,0.7752,0.7474,0.6747,0.4,0.65,0.95,28,1.06,0,0.8833,unclear,report,1,1,0.722,0.722,0.6783,0.6783,Manchester United,Brentford,Manchester United,buyer,in,club,MANU,^GSPC,direct,1,1,0,,python_fallback,ok,,2025-07-21,2025-07-21,0,120,0.000624,0.73971,1,1,-0.005068,0.002269,0.005119,0.009714,0.021978,0.265759,-9e-05,0.008493,0.005917,0.002777,0.052822,0.054596,-0.005625,-0.005843,-0.002105,0.002551,0.019242,0.016412,-0.013582,0.004527,0.002038,0.01057,0.014766,0.005265,0.016498,0.006282,-0.027579,-0.005433,0.0288,0.013596,-0.015203,-0.199759,-0.255551,-0.995736,-0.836981,0.409606,0.006282,neutral
a18dbe230e1c1ca9,d1b29c446e884abd,2025-07-17T17:22:50Z,2025-07-17,2025-07-17,The Guardian / Will Unwin,Will Unwin,Manchester United,Manchester United,Bryan Mbeumo,2025-26,in,in,permanent,0,25.0,Right Winger,55000000.0,75000000.0,,1.3636,-20000000.0,0.6682,0.5174,0.7183,0.7183,0.747,0.84,0.7752,0.7474,0.6747,0.6,0.65,0.85,28,1.06,0,0.8833,bid,report,1,1,0.747,0.747,0.7183,0.7183,Manchester United,Brentford,Manchester United,buyer,in,club,MANU,^GSPC,direct,1,1,0,,python_fallback,ok,,2025-07-17,2025-07-17,0,120,0.000616,0.739704,1,1,0.001134,0.003982,-0.001132,0.038846,0.003982,0.251773,0.003194,0.000631,7e-05,0.010599,0.038221,0.055216,-0.001843,0.001911,-0.003989,0.02564,0.001133,0.020397,0.017564,-0.003399,0.005283,0.007331,0.015909,0.012084,-0.003974,0.012541,0.002341,-0.01812,0.028956,0.012797,-0.016159,-0.187841,-0.003467,-0.706858,-0.832832,0.434934,0.012541,neutral
9e1d8f58d89906ee,185adc6a1e646b69,2025-06-25T12:30:29Z,2025-06-25,2025-06-25,The Guardian / Jamie Jackson,Jamie Jackson,Manchester United,Manchester United,Bryan Mbeumo,2024-25,in,in,unclear,0,,,,,,0.0,0.0,0.0,0.0,0.6666,0.6666,0.694,0.84,0.707,0.65,0.4708,0.72,0.65,0.5,6,0.0,0,0.0,advanced,report,1,1,0.694,0.694,0.6666,0.6666,,,,,,,,,none,0,0,0,,python_fallback,no_public_target,no_public_target,2025-06-25,,,,,,,,,,,,,,,,,,,,,,,,,,,,,,,,,,,,,,,,,,,,,
94393adb6326ac0d,b8ce35470529c823,2025-07-18T12:09:58Z,2025-07-18,2025-07-18,The Guardian / Will Unwin,Will Unwin,Manchester United,Manchester United,Bryan Mbeumo,2025-26,in,in,permanent,0,25.0,Right Winger,55000000.0,75000000.0,,1.3636,-20000000.0,0.6682,0.5174,0.7875,0.7875,0.785,0.84,0.7752,0.7474,0.6747,0.82,0.65,0.95,28,1.06,0,0.8833,agreed,report,1,1,0.785,0.785,0.7875,0.7875,Manchester United,Brentford,Manchester United,buyer,in,club,MANU,^GSPC,direct,1,1,0,,python_fallback,ok,,2025-07-18,2025-07-18,0,120,0.000612,0.739618,1,1,0.006232,-0.007267,0.002823,0.017765,0.024812,0.251586,0.005374,0.004594,0.002691,0.011231,0.052591,0.054769,0.001646,-0.012412,-0.001944,0.004372,-0.005631,0.023086,-0.017455,-0.010698,0.001309,0.009774,0.014495,-0.009425,-0.007825,0.013405,-0.031228,-0.009643,0.028774,0.012719,-0.016055,-0.003467,-0.199759,-0.832832,-0.995736,0.315432,0.013405,neutral
332cef53bad3a259,7839f1e366b30290,2025-06-23T21:24:03Z,2025-06-23,2025-06-23,The Guardian / Jamie Jackson and Jacob Steinberg,Jamie Jackson and Jacob Steinberg,Manchester United,Manchester United,Bryan Mbeumo,2024-25,in,in,unclear,0,,,,,,0.0,0.0,0.0,0.0,0.6482,0.6482,0.683,0.84,0.742,0.7,0.371,0.6,0.65,0.5,2,0.0,0,0.0,bid,report,1,1,0.683,0.683,0.6482,0.6482,,,,,,,,,none,0,0,0,,python_fallback,no_public_target,no_public_target,2025-06-23,,,,,,,,,,,,,,,,,,,,,,,,,,,,,,,,,,,,,,,,,,,,,
2b98f089c497a496,2f20309697e90ebf,2025-06-01T13:28:35Z,2025-06-01,2025-06-01,The Guardian / Will Unwin,Will Unwin,Manchester United,Manchester United,Matheus Cunha,2024-25,in,in,unclear,0,,,,,,0.0,0.0,0.0,0.0,0.7973,0.7973,0.7945,0.84,0.7752,0.7474,0.6747,0.95,0.9,0.5,28,0.0,0,0.0,official,official,1,1,0.7945,0.7945,0.7973,0.7973,,,,,,,,,none,0,0,0,,python_fallback,no_public_target,no_public_target,2025-06-01,,,,,,,,,,,,,,,,,,,,,,,,,,,,,,,,,,,,,,,,,,,,,
119e338ebe7ac354,68ef3339a0b65707,2025-06-08T07:02:32Z,2025-06-08,2025-06-08,The Guardian / Jonathan Liew,Jonathan Liew,Manchester United,Manchester United,Matheus Cunha,2024-25,in,in,unclear,0,,,,,,0.0,0.0,0.0,0.0,0.5602,0.5602,0.638,0.84,0.742,0.7,0.371,0.4,0.35,0.5,2,0.0,0,0.0,unclear,analysis,1,1,0.638,0.638,0.5602,0.5602,,,,,,,,,none,0,0,0,,python_fallback,no_public_target,no_public_target,2025-06-08,,,,,,,,,,,,,,,,,,,,,,,,,,,,,,,,,,,,,,,,,,,,,
b54325c85c0381c4,d6049d352e5fd6d6,2025-06-24T16:15:42Z,2025-06-24,2025-06-24,The Guardian / Jacob Steinberg in Philadelphia,Jacob Steinberg in Philadelphia,Borussia Dortmund,Borussia Dortmund,Jamie Gittens,2024-25,out,out,unclear,0,,,,,,0.0,0.0,0.0,0.0,0.7054,0.7054,0.716,0.84,0.742,0.7,0.371,0.82,0.65,0.5,2,0.0,0,0.0,agreed,report,1,1,0.716,0.716,0.7054,0.7054,,,,,,,,,none,0,0,0,,python_fallback,no_public_target,no_public_target,2025-06-24,,,,,,,,,,,,,,,,,,,,,,,,,,,,,,,,,,,,,,,,,,,,,
30209a8ee051d8dc,725ac49b3878fa53,2025-06-28T18:44:16Z,2025-06-28,2025-06-28,The Guardian / Jacob Steinberg and Ed Aarons,Jacob Steinberg and Ed Aarons,Borussia Dortmund,Borussia Dortmund,Jamie Gittens,2024-25,in,in,unclear,0,,,,,,0.0,0.0,0.0,0.0,0.6112,0.6112,0.6691,0.84,0.772,0.7429,0.386,0.4,0.65,0.5,4,0.0,0,0.0,unclear,report,1,1,0.6691,0.6691,0.6112,0.6112,,,,,,,,,none,0,0,0,,python_fallback,no_public_target,no_public_target,2025-06-28,,,,,,,,,,,,,,,,,,,,,,,,,,,,,,,,,,,,,,,,,,,,,
2d2c86e40404269e,f976a701012bb1c7,2025-07-05T20:30:33Z,2025-07-05,2025-07-05,The Guardian / Jacob Steinberg and Ben Fisher,Jacob Steinberg and Ben Fisher,Borussia Dortmund,Borussia Dortmund,Jamie Gittens,2025-26,out,out,permanent,0,20.0,Left Winger,50000000.0,56000000.0,,1.12,-6000000.0,0.697,0.6265,0.7329,0.7329,0.7895,0.84,0.872,0.8857,0.88,0.4,0.65,0.95,4,0.86,0,0.7167,unclear,report,1,1,0.7895,0.7895,0.7329,0.7329,Chelsea,Borussia Dortmund,Borussia Dortmund,seller,out,club,BVB.DE,^GDAXI,direct,1,0,1,,python_fallback,ok,,2025-07-05,2025-07-07,2,120,0.001604,0.160564,1,1,-0.008951,-0.003856,-0.00641,0.011749,0.01706,0.002587,-0.006129,0.004822,-0.010226,0.01871,-0.021272,0.006681,-0.009572,-0.009383,-0.012664,-0.006961,-0.010323,0.005161,-0.002581,-0.002581,0.017634,0.028139,0.015689,0.021875,-0.016091,-0.005366,-0.0143,-0.023113,0.011032,0.011585,0.000553,0.638139,-0.946856,1.32065,0.982973,1.544343,-0.005366,neutral
4ee9be268104a850,e64c3f9eba01f56b,2025-06-10T13:53:48Z,2025-06-10,2025-06-10,The Guardian / Jacob Steinberg,Jacob Steinberg,Borussia Dortmund,Borussia Dortmund,Jamie Gittens,2024-25,in,in,unclear,0,,,,,,0.0,0.0,0.0,0.0,0.693,0.693,0.7451,0.84,0.812,0.8,0.6518,0.6,0.65,0.5,18,0.0,0,0.0,bid,report,1,1,0.7451,0.7451,0.693,0.693,,,,,,,,,none,0,0,0,,python_fallback,no_public_target,no_public_target,2025-06-10,,,,,,,,,,,,,,,,,,,,,,,,,,,,,,,,,,,,,,,,,,,,,
a4c009d9bebd953b,4e6cdc5ccdca36a7,2025-07-09T15:09:05Z,2025-07-09,2025-07-09,The Guardian / Jacob Steinberg,Jacob Steinberg,Borussia Dortmund,Borussia Dortmund,Jamie Gittens,2025-26,out,out,permanent,0,20.0,Left Winger,50000000.0,56000000.0,,1.12,-6000000.0,0.697,0.6265,0.7682,0.7682,0.7856,0.84,0.812,0.8,0.6518,0.82,0.45,0.85,18,0.82,0,0.6833,agreed,aggregate,1,1,0.7856,0.7856,0.7682,0.7682,Chelsea,Borussia Dortmund,Borussia Dortmund,seller,out,club,BVB.DE,^GDAXI,direct,1,0,1,,python_fallback,ok,,2025-07-09,2025-07-09,0,120,0.001678,0.162525,1,1,0.011873,-0.019182,-0.014139,-0.009044,0.015894,-0.021684,0.005535,0.011397,0.022541,0.023913,0.009144,-0.000808,0.009296,-0.025906,-0.025886,-0.02906,0.015645,0.007823,0.015645,0.01043,0.010324,-0.001911,-0.00816,0.001401,0.010558,0.0015,0.006926,-0.008027,0.012193,0.010318,-0.001875,-0.119545,0.096516,0.997993,0.745009,1.340402,0.0015,neutral
5da73c643e684e11,ed7f017dc179166f,2025-08-27T17:58:27Z,2025-08-27,2025-08-27,The Guardian / Jacob Steinberg,Jacob Steinberg,Manchester United,Manchester United,Alejandro Garnacho,2025-26,out,out,permanent,0,21.0,Left Winger,45000000.0,46200000.0,,1.0267,-1200000.0,0.676,0.602,0.7862,0.7862,0.8054,0.84,0.812,0.8,0.85,0.72,0.65,0.95,18,0.86,0,0.7167,advanced,report,1,1,0.8054,0.8054,0.7862,0.7862,Chelsea,Manchester United,Manchester United,seller,out,club,MANU,^GSPC,direct,1,0,1,,python_fallback,ok,,2025-08-27,2025-08-27,0,120,0.00141,0.725662,1,1,-0.00174,0.001163,-0.02049,-0.021047,-0.002319,-0.023823,0.004134,0.015034,0.008511,0.003131,0.014924,0.035584,-0.00615,-0.013697,-0.033592,-0.037012,0.013364,-0.052295,-0.066241,-0.059849,0.005555,-0.007795,0.005589,0.018795,0.006662,-0.049256,-0.076492,-0.08533,0.012568,0.027344,0.014776,-1.61938,-2.101375,0.561149,0.392173,1.066699,-0.049256,negative
766693d7c9d31fb3,b1d8510f640a921c,2025-08-28T19:34:33Z,2025-08-28,2025-08-28,"The Guardian / Jamie Jackson, Jacob Steinberg and David Hytner","Jamie Jackson, Jacob Steinberg and David Hytner",Manchester United,Manchester United,Alejandro Garnacho,2025-26,out,out,permanent,0,21.0,Left Winger,45000000.0,46200000.0,,1.0267,-1200000.0,0.676,0.602,0.7295,0.7295,0.7904,0.84,0.8587,0.8667,0.9533,0.4,0.65,0.95,2,1.06,0,0.8833,unclear,report,1,1,0.7904,0.7904,0.7295,0.7295,Chelsea,Manchester United,Manchester United,seller,out,club,MANU,^GSPC,direct,1,0,1,,python_fallback,ok,,2025-08-28,2025-08-28,0,120,0.001121,0.740936,1,1,-0.006973,-0.023986,-0.017251,-0.022311,-0.028425,-0.031728,0.002391,0.002241,0.013387,0.002292,0.018624,0.034756,-0.009865,-0.02917,-0.032583,-0.034842,0.04447,-0.06261,-0.070216,-0.039789,-0.003262,-0.005113,1.5e-05,0.015875,0.044148,-0.060799,-0.074961,-0.059129,0.011793,0.027344,0.015551,-2.101375,-0.457355,0.392173,4.179257,1.711563,-0.060799,negative
46e8f6a96ba2cbf1,84934a4720c05ee9,2025-08-06T13:10:23Z,2025-08-06,2025-08-06,The Guardian / Ed Aarons,Ed Aarons,Manchester United,Manchester United,Alejandro Garnacho,2025-26,out,out,permanent,0,21.0,Left Winger,45000000.0,46200000.0,,1.0267,-1200000.0,0.676,0.602,0.6495,0.6495,0.7259,0.84,0.7738,0.7455,0.8709,0.4,0.65,0.65,12,0.96,0,0.8,unclear,report,1,1,0.7259,0.7259,0.6495,0.6495,Chelsea,Manchester United,Manchester United,seller,out,club,MANU,^GSPC,direct,1,0,1,,python_fallback,ok,,2025-08-06,2025-08-06,0,120,0.000579,0.751458,1,1,0.014648,0.023877,0.044058,-0.0,0.058167,-0.051606,-0.004858,-0.006341,-0.01125,-0.001653,0.011834,0.045479,0.01772,0.026613,0.048881,-0.003846,-0.000555,-0.017213,-0.029428,-0.034425,0.006479,0.011789,0.026573,0.015334,-0.006584,-0.028069,-0.052648,-0.052078,0.014427,0.023034,0.008607,1.441179,1.300427,-0.315808,-1.16504,0.70758,-0.028069,negative
a2c01f85243dfb59,dcb48f2edd0674dd,2025-07-04T17:21:20Z,2025-07-04,2025-07-04,"The Guardian / Ed Aarons, Will Unwin and Jacob Steinberg","Ed Aarons, Will Unwin and Jacob Steinberg",Juventus,Juventus,Francisco Conceição,2025-26,in,in,permanent,0,22.0,Right Winger,28000000.0,32000000.0,,1.1429,-4000000.0,0.6929,0.5152,0.7771,0.7771,0.8244,0.84,0.8587,0.8667,0.9133,0.82,0.45,0.65,2,0.96,0,0.8,agreed,aggregate,1,1,0.8244,0.8244,0.7771,0.7771,Juventus,Porto,Juventus,buyer,in,club,JUVE.MI,FTSEMIB.MI,direct,2,1,1,,python_fallback,ok,,2025-07-04,2025-07-04,0,120,0.001192,0.645088,1,1,0.002667,-0.025907,-0.084044,-0.011827,-0.07275,-0.09561,0.003971,0.003795,0.015044,0.025705,-0.010798,-0.0078,-0.001088,-0.032033,-0.101952,-0.038086,-0.025931,-0.021277,-0.034574,-0.034574,-0.000726,0.021981,0.00338,0.009238,-0.028006,-0.040202,-0.04439,-0.054024,0.017101,0.007086,-0.010015,-1.478173,-1.561556,-0.518559,-1.030268,0.34203,-0.040202,negative
a2c01f85243dfb59,dcb48f2edd0674dd,2025-07-04T17:21:20Z,2025-07-04,2025-07-04,"The Guardian / Ed Aarons, Will Unwin and Jacob Steinberg","Ed Aarons, Will Unwin and Jacob Steinberg",FC Porto SAD,Juventus,Francisco Conceição,2025-26,out,in,permanent,0,22.0,Right Winger,28000000.0,32000000.0,,1.1429,-4000000.0,0.7021,0.6325,0.7771,0.7771,0.8244,0.84,0.8587,0.8667,0.9133,0.82,0.45,0.65,2,0.96,0,0.8,agreed,aggregate,1,1,0.8244,0.8244,0.7771,0.7771,Juventus,Porto,FC Porto SAD,seller,out,club,FCP.LS,PSI20.LS,direct,2,1,1,,python_fallback,ok,,2025-07-04,2025-07-04,0,120,0.000581,-0.118174,1,1,0.0,0.009524,0.009524,0.0,0.081633,0.070707,0.015987,0.040007,0.043517,0.048954,0.044855,0.051356,0.001308,0.012452,0.011701,-1.4e-05,0.0,0.037736,0.056604,0.113208,-0.002785,0.004795,-0.003553,-0.010373,-0.001402,0.035805,0.051841,0.103063,0.030347,0.022667,-0.00768,0.381528,0.623372,-0.519902,-0.254788,0.509535,0.035805,positive
50c771a4e0cf9c17,564d80c3439d4d33,2025-07-03T10:15:45Z,2025-07-03,2025-07-03,The Guardian / Tom Bassam,Tom Bassam,Juventus,Juventus,Francisco Conceição,2025-26,in,in,permanent,0,22.0,Right Winger,28000000.0,32000000.0,,1.1429,-4000000.0,0.6929,0.5152,0.6874,0.6874,0.7702,0.84,0.8587,0.8667,0.8813,0.48,0.45,0.65,2,0.88,0,0.7333,linked,aggregate,1,1,0.7702,0.7702,0.6874,0.6874,Juventus,Porto,Juventus,buyer,in,club,JUVE.MI,FTSEMIB.MI,direct,2,1,1,,python_fallback,ok,,2025-07-03,2025-07-03,0,120,0.000624,0.5827,1,1,-0.00728,-0.041534,-0.0887,-0.019608,-0.069479,-0.099099,0.005662,0.001082,0.011852,0.009285,-0.007385,-0.01889,-0.011203,-0.044592,-0.101428,-0.029326,-0.003333,-0.018667,-0.019333,-0.029333,-0.004097,0.010004,0.018675,0.008646,-0.002196,-0.026953,-0.033949,-0.041413,0.017183,0.007186,-0.009997,-1.781337,-1.478173,0.412477,-0.518559,0.673136,-0.026953,negative
50c771a4e0cf9c17,564d80c3439d4d33,2025-07-03T10:15:45Z,2025-07-03,2025-07-03,The Guardian / Tom Bassam,Tom Bassam,FC Porto SAD,Juventus,Francisco Conceição,2025-26,out,in,permanent,0,22.0,Right Winger,28000000.0,32000000.0,,1.1429,-4000000.0,0.7021,0.6325,0.6874,0.6874,0.7702,0.84,0.8587,0.8667,0.8813,0.48,0.45,0.65,2,0.88,0,0.7333,linked,aggregate,1,1,0.7702,0.7702,0.6874,0.6874,Juventus,Porto,FC Porto SAD,seller,out,club,FCP.LS,PSI20.LS,direct,2,1,1,,python_fallback,ok,,2025-07-03,2025-07-03,0,120,0.000497,-0.116413,1,1,0.009524,0.009524,0.009524,0.039216,0.104167,-0.036364,0.005054,0.014482,0.032179,0.033006,0.028658,0.037374,0.009615,0.009732,0.010761,0.03816,0.009434,0.009434,0.037736,0.169811,0.019012,0.013218,0.015096,0.008257,0.010647,0.00908,0.036343,0.15458,0.030536,0.02011,-0.010426,0.46383,0.381528,1.916051,-0.519902,0.0,0.00908,neutral
f1a9c8885c7ebe2e,83f842cabfc5e933,2025-07-18T08:44:19Z,2025-07-18,2025-07-18,The Guardian / Michael Butler,Michael Butler,Juventus,Juventus,Francisco Conceição,2025-26,in,in,permanent,0,22.0,Right Winger,28000000.0,32000000.0,,1.1429,-4000000.0,0.6929,0.5152,0.6697,0.6697,0.7378,0.84,0.772,0.7429,0.878,0.48,0.45,0.85,4,0.98,0,0.8167,linked,aggregate,1,1,0.7378,0.7378,0.6697,0.6697,Juventus,Porto,Juventus,buyer,in,club,JUVE.MI,FTSEMIB.MI,direct,2,1,1,,python_fallback,ok,,2025-07-18,2025-07-18,0,120,0.000884,0.632989,1,1,0.00622,-0.004785,-0.010197,-0.031915,-0.043364,-0.102343,0.009205,-0.001418,-0.009845,0.004657,0.030481,-0.006191,-0.000491,-0.00649,-0.008276,-0.043999,-0.006181,-0.021291,-0.021291,-0.044643,0.000947,0.014154,0.014877,-0.004635,-0.008569,-0.033952,-0.036176,-0.052665,0.016379,0.00966,-0.006719,-1.036177,-1.022506,-0.854302,-0.838027,0.333512,-0.033952,negative
f1a9c8885c7ebe2e,83f842cabfc5e933,2025-07-18T08:44:19Z,2025-07-18,2025-07-18,The Guardian / Michael Butler,Michael Butler,FC Porto SAD,Juventus,Francisco Conceição,2025-26,out,in,permanent,0,22.0,Right Winger,28000000.0,32000000.0,,1.1429,-4000000.0,0.7021,0.6325,0.6697,0.6697,0.7378,0.84,0.772,0.7429,0.878,0.48,0.45,0.85,4,0.98,0,0.8167,linked,aggregate,1,1,0.7378,0.7378,0.6697,0.6697,Juventus,Porto,FC Porto SAD,seller,out,club,FCP.LS,PSI20.LS,direct,2,1,1,,python_fallback,ok,,2025-07-18,2025-07-18,0,120,0.000655,-0.102318,1,1,0.00813,0.068966,0.127273,0.169811,0.169811,0.265306,0.000199,-0.001567,-0.006737,-0.007608,0.040973,0.036905,0.007495,0.065486,0.117541,0.151741,-0.048387,-0.064516,-0.064516,-0.032258,-0.003093,0.002882,0.001474,-0.008948,-0.050014,-0.067657,-0.069111,-0.037184,0.013135,0.037534,0.024398,2.998586,1.399056,0.156335,-0.651023,0.023643,-0.067657,negative
5f145cb534345b3b,39d70279e1d8b09f,2025-06-03T09:00:12Z,2025-06-03,2025-06-03,The Guardian / Michael Butler,Michael Butler,Borussia Dortmund,Borussia Dortmund,Jobe Bellingham,2024-25,in,in,unclear,0,,,,,,0.0,0.0,0.0,0.0,0.6704,0.6704,0.7071,0.84,0.772,0.7429,0.386,0.72,0.45,0.5,4,0.0,0,0.0,advanced,aggregate,1,1,0.7071,0.7071,0.6704,0.6704,,,,,,,,,none,0,0,0,,python_fallback,no_public_target,no_public_target,2025-06-03,,,,,,,,,,,,,,,,,,,,,,,,,,,,,,,,,,,,,,,,,,,,,
2ce77f5f9daf3678,72819b22b0bba242,2025-06-08T19:54:53Z,2025-06-08,2025-06-08,The Guardian / Louise Taylor,Louise Taylor,Borussia Dortmund,Borussia Dortmund,Jobe Bellingham,2024-25,unclear,unclear,unclear,0,,,,,,0.0,0.0,0.0,0.0,0.5962,0.5962,0.653,0.84,0.742,0.7,0.371,0.4,0.65,0.5,2,0.0,0,0.0,unclear,report,1,1,0.653,0.653,0.5962,0.5962,,,,,,,,,none,0,0,0,,python_fallback,no_public_target,no_public_target,2025-06-08,,,,,,,,,,,,,,,,,,,,,,,,,,,,,,,,,,,,,,,,,,,,,
0db19ff93a55a3c7,c8d7337dbc4bc7eb,2025-06-13T16:12:03Z,2025-06-13,2025-06-13,The Guardian / Ed Aarons,Ed Aarons,Borussia Dortmund,Borussia Dortmund,Jobe Bellingham,2024-25,in,in,unclear,0,,,,,,0.0,0.0,0.0,0.0,0.6583,0.6583,0.7106,0.84,0.7738,0.7455,0.5673,0.55,0.65,0.5,12,0.0,0,0.0,talks,report,1,1,0.7106,0.7106,0.6583,0.6583,,,,,,,,,none,0,0,0,,python_fallback,no_public_target,no_public_target,2025-06-13,,,,,,,,,,,,,,,,,,,,,,,,,,,,,,,,,,,,,,,,,,,,,
c2d3dc9b7776143d,758a1f9c52eb0b1f,2026-01-02T21:16:00Z,2026-01-02,2026-01-02,The Guardian / Jacob Steinberg,Jacob Steinberg,Lazio,Lazio,Taty Castellanos,2025-26,out,out,permanent,0,27.0,Centre-Forward,25000000.0,29000000.0,,1.16,-4000000.0,0.706,0.6513,0.6968,0.6968,0.7421,0.84,0.812,0.8,0.6967,0.4,0.65,0.95,18,0.82,0,0.6833,unclear,report,1,1,0.7421,0.7421,0.6968,0.6968,West Ham,Lazio,Lazio,seller,out,club,SSL.MI,FTSEMIB.MI,direct,1,0,1,,python_fallback,ok,,2026-01-02,2026-01-02,0,120,0.003553,0.251269,1,1,-0.02449,-0.008299,-0.020492,0.086364,0.09633,0.116822,0.011455,0.007871,0.01084,0.028443,0.039912,0.004245,-0.030921,-0.020455,-0.039717,0.044539,-0.012552,-0.004184,0.0,0.0,0.020069,0.013661,0.017221,0.019023,-0.024711,-0.021762,-0.025513,-0.043573,0.023503,0.014184,-0.009319,0.971754,0.797127,-0.367873,-0.681919,0.314663,-0.021762,negative
a2da2c370b36efc9,6661906740a3a9fd,2026-01-05T14:31:13Z,2026-01-05,2026-01-05,The Guardian / Jacob Steinberg,Jacob Steinberg,Lazio,Lazio,Taty Castellanos,2025-26,out,out,permanent,0,27.0,Centre-Forward,25000000.0,29000000.0,,1.16,-4000000.0,0.706,0.6513,0.7358,0.7358,0.7646,0.84,0.812,0.8,0.6967,0.55,0.65,0.95,18,0.78,0,0.65,talks,report,1,1,0.7646,0.7646,0.7358,0.7358,West Ham,Lazio,Lazio,seller,out,club,SSL.MI,FTSEMIB.MI,direct,1,0,1,,python_fallback,ok,,2026-01-05,2026-01-05,0,120,0.003758,0.266813,1,1,-0.004184,-0.03252,-0.048,0.076923,0.096774,0.106977,0.009545,0.017195,0.013763,0.042745,0.046521,0.031344,-0.010489,-0.048593,-0.070462,0.029625,-0.008403,-0.004202,0.004202,0.0,0.008353,0.006568,0.00789,-0.003923,-0.018154,-0.020927,-0.020354,-0.040057,0.023495,0.014202,-0.009293,0.797127,0.549571,-0.681919,-0.021094,0.978989,-0.020927,negative
77f3f6546e9802e9,e87ac6d89bf601c3,2026-01-02T09:38:06Z,2026-01-02,2026-01-02,The Guardian / Tom Davies,Tom Davies,Lazio,Lazio,Taty Castellanos,2025-26,out,out,permanent,0,27.0,Centre-Forward,25000000.0,29000000.0,,1.16,-4000000.0,0.706,0.6513,0.7304,0.7304,0.7931,0.84,0.872,0.8857,0.896,0.48,0.45,0.95,4,0.9,0,0.75,linked,aggregate,1,1,0.7931,0.7931,0.7304,0.7304,West Ham,Lazio,Lazio,seller,out,club,SSL.MI,FTSEMIB.MI,direct,1,0,1,,python_fallback,ok,,2026-01-02,2026-01-02,0,120,0.003553,0.251269,1,1,-0.02449,-0.008299,-0.020492,0.086364,0.09633,0.116822,0.011455,0.007871,0.01084,0.028443,0.039912,0.004245,-0.030921,-0.020455,-0.039717,0.044539,-0.012552,-0.004184,0.0,0.0,0.020069,0.013661,0.017221,0.019023,-0.024711,-0.021762,-0.025513,-0.043573,0.023503,0.014184,-0.009319,0.971754,0.797127,-0.367873,-0.681919,0.314663,-0.021762,negative
4eeede49a90a517c,9cba918ce89bcd63,2026-01-06T07:25:06Z,2026-01-06,2026-01-06,The Guardian / Will Unwin,Will Unwin,Lazio,Lazio,Taty Castellanos,2025-26,out,out,permanent,0,27.0,Centre-Forward,25000000.0,29000000.0,,1.16,-4000000.0,0.706,0.6513,0.6782,0.6782,0.7318,0.84,0.7752,0.7474,0.7525,0.48,0.45,0.95,28,0.78,0,0.65,linked,aggregate,1,1,0.7318,0.7318,0.6782,0.6782,West Ham,Lazio,Lazio,seller,out,club,SSL.MI,FTSEMIB.MI,direct,1,0,1,,python_fallback,ok,,2026-01-06,2026-01-06,0,120,0.003262,0.305953,1,1,-0.008403,-0.036735,-0.020747,0.067873,0.087558,0.092593,0.010424,0.031754,0.028098,0.039214,0.059826,0.047524,-0.014855,-0.056477,-0.045235,0.025585,0.008475,0.012712,0.012712,-0.038136,-0.006282,-0.002792,-0.007023,-0.024734,0.003876,0.000516,-0.00471,-0.065807,0.023653,0.014193,-0.009461,0.549571,0.481009,-0.021094,-0.960501,0.100331,0.000516,neutral
4c5e4b358b5b3519,33e2c5cc59f3fe0a,2025-06-13T17:10:08Z,2025-06-13,2025-06-13,The Guardian / Andy Hunter and Agencies,Andy Hunter and Agencies,Juventus,Juventus,Nico González,2024-25,in,in,unclear,0,,,,,,0.0,0.0,0.0,0.0,0.6186,0.6186,0.7382,0.84,0.8587,0.8667,0.8813,0.4,0.45,0.25,2,0.88,0,0.7333,unclear,aggregate,1,1,0.7382,0.7382,0.6186,0.6186,,,,,,,,,none,0,0,0,,python_fallback,no_public_target,no_public_target,2025-06-13,,,,,,,,,,,,,,,,,,,,,,,,,,,,,,,,,,,,,,,,,,,,,
c09f726e291120d6,329c9fa3403a9b9c,2026-01-01T00:01:23Z,2026-01-01,2026-01-01,The Guardian / Will Unwin,Will Unwin,Lazio,Lazio,Mattéo Guendouzi,2025-26,out,out,permanent,0,26.0,Central Midfield,28000000.0,28000000.0,,1.0,0.0,0.67,0.595,0.6974,0.6974,0.7448,0.84,0.7752,0.7474,0.7525,0.6,0.45,0.85,28,0.78,0,0.65,bid,aggregate,1,1,0.7448,0.7448,0.6974,0.6974,Fenerbahçe,Lazio,Lazio,seller,out,club,SSL.MI,FTSEMIB.MI,direct,1,0,1,,python_fallback,ok,,2026-01-01,2026-01-02,1,120,0.003553,0.251269,1,1,-0.02449,-0.008299,-0.020492,0.086364,0.09633,0.116822,0.011455,0.007871,0.01084,0.028443,0.039912,0.004245,-0.030921,-0.020455,-0.039717,0.044539,-0.012552,-0.004184,0.0,0.0,0.020069,0.013661,0.017221,0.019023,-0.024711,-0.021762,-0.025513,-0.043573,0.023503,0.014184,-0.009319,0.971754,0.797127,-0.367873,-0.681919,0.314663,-0.021762,negative
c78b2a612c568041,83ae920e52f8d6a3,2025-12-22T15:12:02Z,2025-12-22,2025-12-22,The Guardian / Jacob Steinberg,Jacob Steinberg,Lazio,Lazio,Mattéo Guendouzi,2025-26,out,out,permanent,0,26.0,Central Midfield,28000000.0,28000000.0,,1.0,0.0,0.67,0.595,0.77,0.77,0.7901,0.84,0.812,0.8,0.6967,0.82,0.65,0.65,18,0.66,0,0.55,agreed,report,1,1,0.7901,0.7901,0.77,0.77,Fenerbahçe,Lazio,Lazio,seller,out,club,SSL.MI,FTSEMIB.MI,direct,1,0,1,,python_fallback,ok,,2025-12-22,2025-12-22,0,120,0.00258,0.231574,1,1,0.02459,0.096491,0.131222,0.106195,0.126126,0.190476,0.006635,0.017459,0.028589,0.030507,0.04913,0.042872,0.020474,0.083004,0.106976,0.071723,-0.016,-0.044,-0.056,-0.044,-0.003374,0.004178,0.024331,0.021761,-0.019632,-0.055111,-0.077483,-0.077093,0.021115,0.016304,-0.004811,3.531262,1.757221,1.729585,0.83095,1.931881,-0.055111,negative
6429fcc9426cb149,924f4ff1f58af699,2026-01-08T09:14:57Z,2026-01-08,2026-01-08,The Guardian / John Brewin,John Brewin,Lazio,Lazio,Mattéo Guendouzi,2025-26,out,out,permanent,0,26.0,Central Midfield,28000000.0,28000000.0,,1.0,0.0,0.67,0.595,0.6615,0.6615,0.7193,0.84,0.7342,0.6889,0.8271,0.48,0.45,0.95,8,0.9,0,0.75,linked,aggregate,1,1,0.7193,0.7193,0.6615,0.6615,Fenerbahçe,Lazio,Lazio,seller,out,club,SSL.MI,FTSEMIB.MI,direct,1,0,1,,python_fallback,ok,,2026-01-08,2026-01-08,0,120,0.003437,0.316321,1,1,0.008475,0.0,-0.028571,-0.02459,0.096774,0.091743,-0.00424,0.004077,0.025272,0.033107,0.050206,0.068181,0.006379,-0.011546,-0.053736,-0.068078,0.004202,0.004202,0.004202,-0.07563,0.003512,-0.000746,0.006387,-0.010272,-0.003746,-0.009278,-0.01825,-0.111471,0.023645,0.014247,-0.009399,0.589565,0.423391,-0.891203,-0.890604,0.155243,-0.009278,neutral
d62e93f07bd25333,4c5dbed9a054ad3d,2025-07-31T15:56:59Z,2025-07-31,2025-07-31,The Guardian / Ed Aarons,Ed Aarons,Borussia Dortmund,Borussia Dortmund,Fábio Silva,2025-26,in,in,permanent,0,23.0,Centre-Forward,20000000.0,22500000.0,,1.125,-2500000.0,0.7219,0.5518,0.6763,0.6763,0.7181,0.84,0.7738,0.7455,0.5673,0.55,0.65,0.65,12,0.86,0,0.7167,talks,report,1,1,0.7181,0.7181,0.6763,0.6763,Borussia Dortmund,Wolves,Borussia Dortmund,buyer,in,club,BVB.DE,^GDAXI,direct,1,1,0,,python_fallback,ok,,2025-07-31,2025-07-31,0,120,0.001404,0.166972,1,1,-0.014531,-0.024837,-0.037419,-0.042362,-0.048469,-0.014531,0.001852,0.001847,0.000883,0.010531,0.019845,0.040502,-0.016244,-0.029259,-0.044744,-0.058371,-0.025469,-0.024129,-0.008043,-0.02681,-0.034467,-0.017152,-0.002874,0.004751,-0.022596,-0.027013,-0.015808,-0.042833,0.010988,0.008814,-0.002174,-2.627103,-3.540542,-0.770232,-0.011695,0.992635,-0.027013,negative
1715552c99679590,24f267760bb25e02,2025-08-25T07:00:33Z,2025-08-25,2025-08-25,The Guardian / Will Unwin,Will Unwin,Borussia Dortmund,Borussia Dortmund,Fábio Silva,2025-26,in,in,permanent,0,23.0,Centre-Forward,20000000.0,22500000.0,,1.125,-2500000.0,0.7219,0.5518,0.7337,0.7337,0.7755,0.84,0.7752,0.7474,0.8796,0.72,0.45,0.85,28,0.98,0,0.8167,advanced,aggregate,1,1,0.7755,0.7755,0.7337,0.7337,Borussia Dortmund,Wolves,Borussia Dortmund,buyer,in,club,BVB.DE,^GDAXI,direct,1,1,0,,python_fallback,ok,,2025-08-25,2025-08-25,0,120,0.000929,0.231598,1,1,0.00137,-0.006794,0.005502,-0.001366,-0.044444,-0.051881,0.002871,-0.002456,0.000156,0.008287,0.006012,0.004444,-0.000224,-0.009005,0.000883,-0.012187,0.001368,-0.008208,-0.009576,-0.008208,-0.008629,-0.013265,-0.013371,-0.02282,0.001535,-0.008802,-0.011852,-0.012738,0.010666,0.007827,-0.002839,-0.36157,-0.618341,-0.874737,-1.01633,0.571826,-0.008802,neutral
4fadf78662beadcb,5038fd8ab464e7ac,2025-08-28T12:44:24Z,2025-08-28,2025-08-28,"The Guardian / Jacob Steinberg, Ben Fisher and Ed Aarons","Jacob Steinberg, Ben Fisher and Ed Aarons",Borussia Dortmund,Borussia Dortmund,Fábio Silva,2025-26,in,in,permanent,0,23.0,Centre-Forward,20000000.0,22500000.0,,1.125,-2500000.0,0.7219,0.5518,0.7282,0.7282,0.7872,0.84,0.8587,0.8667,0.9213,0.4,0.65,0.95,2,0.98,0,0.8167,unclear,report,1,1,0.7872,0.7872,0.7282,0.7282,Borussia Dortmund,Wolves,Borussia Dortmund,buyer,in,club,BVB.DE,^GDAXI,direct,1,1,0,,python_fallback,ok,,2025-08-28,2025-08-28,0,120,0.001074,0.235476,1,1,0.0,0.001368,-0.005435,0.015257,-0.018767,-0.060334,-0.004416,-0.013007,-0.009505,-0.005763,-0.008903,0.001534,-3.4e-05,0.001245,-0.008519,0.005875,0.002732,-0.025956,-0.016393,-0.019126,-0.005988,-0.023242,-0.011473,-0.014246,0.002114,-0.024794,-0.019895,-0.027356,0.008814,0.007811,-0.001003,0.184429,-1.259411,-0.219193,-1.169456,0.519248,-0.024794,negative
9ff1af8af5e239af,6d2adc728e9ca5e2,2025-08-25T15:01:13Z,2025-08-25,2025-08-25,The Guardian / Ben Fisher,Ben Fisher,Borussia Dortmund,Borussia Dortmund,Fábio Silva,2025-26,in,in,permanent,0,23.0,Centre-Forward,20000000.0,22500000.0,,1.125,-2500000.0,0.7219,0.5518,0.7351,0.7351,0.7753,0.84,0.7945,0.775,0.8639,0.6,0.65,0.85,6,0.98,0,0.8167,bid,report,1,1,0.7753,0.7753,0.7351,0.7351,Borussia Dortmund,Wolves,Borussia Dortmund,buyer,in,club,BVB.DE,^GDAXI,direct,1,1,0,,python_fallback,ok,,2025-08-25,2025-08-25,0,120,0.000929,0.231598,1,1,0.00137,-0.006794,0.005502,-0.001366,-0.044444,-0.051881,0.002871,-0.002456,0.000156,0.008287,0.006012,0.004444,-0.000224,-0.009005,0.000883,-0.012187,0.001368,-0.008208,-0.009576,-0.008208,-0.008629,-0.013265,-0.013371,-0.02282,0.001535,-0.008802,-0.011852,-0.012738,0.010666,0.007827,-0.002839,-0.36157,-0.618341,-0.874737,-1.01633,0.571826,-0.008802,neutral
bdc56419412aada3,48d3c316a89c6382,2025-08-19T18:07:16Z,2025-08-19,2025-08-19,"The Guardian / Louise Taylor, Ben Fisher and Jacob Steinberg","Louise Taylor, Ben Fisher and Jacob Steinberg",Borussia Dortmund,Borussia Dortmund,Fábio Silva,2025-26,in,in,permanent,0,23.0,Centre-Forward,20000000.0,22500000.0,,1.125,-2500000.0,0.7219,0.5518,0.7524,0.7524,0.8126,0.84,0.8587,0.8667,0.9453,0.72,0.45,0.65,2,1.04,0,0.8667,advanced,aggregate,1,1,0.8126,0.8126,0.7524,0.7524,Borussia Dortmund,Wolves,Borussia Dortmund,buyer,in,club,BVB.DE,^GDAXI,direct,1,1,0,,python_fallback,ok,,2025-08-19,2025-08-19,0,120,0.000895,0.244336,1,1,0.002751,0.011096,0.004132,0.001374,-0.056921,-0.038259,-0.001828,0.005341,0.009693,0.023448,0.000287,0.010015,0.002303,0.007068,-0.002434,-0.01281,0.009602,0.002743,0.004115,-0.021948,-0.001555,0.001987,-0.006659,-0.03403,0.008185,-0.001253,0.00046,-0.023229,0.010844,0.007939,-0.002905,-0.755625,-0.263712,0.340621,0.07353,1.034488,-0.001253,neutral
73256c11227bf1fc,52d6ffb8cc9f9b5c,2025-08-26T09:05:15Z,2025-08-26,2025-08-26,The Guardian / Dominic Booth,Dominic Booth,Manchester United,Manchester United,Antony,2025-26,out,out,permanent,0,25.0,Right Winger,35000000.0,22000000.0,,0.6286,13000000.0,0.5864,0.4975,0.7098,0.7098,0.7762,0.84,0.8587,0.8667,0.8413,0.48,0.45,0.85,2,0.78,0,0.65,linked,aggregate,1,1,0.7762,0.7762,0.7098,0.7098,Real Betis,Manchester United,Manchester United,seller,out,club,MANU,^GSPC,direct,1,0,1,,python_fallback,ok,,2025-08-26,2025-08-26,0,120,0.001259,0.726573,1,1,-0.01542,-0.008626,-0.01934,-0.025989,-0.010901,-0.036333,-0.004266,0.006808,-0.001524,0.010335,0.007755,0.027241,-0.013579,-0.017106,-0.024414,-0.045786,-0.008701,0.035383,-0.070766,-0.045824,0.006535,0.003252,0.001388,0.014399,-0.015971,0.027856,-0.077393,-0.065854,0.012764,0.027183,0.014419,-1.604998,-1.61938,-0.037506,0.561149,1.095261,0.027856,positive
5edab381cf5605c2,8c8be8d5dbf91db1,2025-09-01T21:00:09Z,2025-09-01,2025-09-01,The Guardian / Jamie Jackson,Jamie Jackson,Manchester United,Manchester United,Antony,2025-26,out,out,permanent,0,25.0,Right Winger,35000000.0,22000000.0,,0.6286,13000000.0,0.5864,0.4975,0.6374,0.6374,0.6685,0.84,0.707,0.65,0.4708,0.4,0.65,0.95,6,0.98,0,0.8167,unclear,report,1,1,0.6685,0.6685,0.6374,0.6374,Real Betis,Manchester United,Manchester United,seller,out,club,MANU,^GSPC,direct,1,0,1,,python_fallback,ok,,2025-09-01,2025-09-02,1,120,0.001338,0.747857,1,1,0.023509,0.037188,0.019417,0.002809,0.015936,0.010187,-0.006398,-0.000878,-0.001028,0.001622,0.035628,0.025961,0.026956,0.033637,0.0139,-0.010938,-0.102521,-0.109804,-0.104762,-0.080672,-0.001858,0.003288,0.008103,0.022677,-0.105369,-0.12,-0.120346,-0.110233,0.013738,0.026556,0.012819,1.155737,-4.694036,3.418742,13.719276,4.57997,-0.12,negative
429bcd6c649f7234,b986d90ea58b9f05,2025-08-22T15:17:05Z,2025-08-22,2025-08-22,The Guardian / Jamie Jackson and Will Unwin,Jamie Jackson and Will Unwin,Manchester United,Manchester United,Antony,2025-26,out,out,permanent,0,25.0,Right Winger,35000000.0,22000000.0,,0.6286,13000000.0,0.5864,0.4975,0.7732,0.7732,0.8146,0.84,0.8587,0.8667,0.8653,0.72,0.65,0.65,2,0.84,0,0.7,advanced,report,1,1,0.8146,0.8146,0.7732,0.7732,Real Betis,Manchester United,Manchester United,seller,out,club,MANU,^GSPC,direct,1,0,1,,python_fallback,ok,,2025-08-22,2025-08-22,0,120,0.001395,0.723989,1,1,-0.011501,-0.022184,-0.013203,-0.045,-0.042873,-0.029362,-0.004004,-0.012247,-0.015207,0.004759,0.001072,0.014284,-0.009997,-0.017598,-0.008763,-0.062592,0.002909,-0.005817,0.038394,-0.087842,0.010855,0.017461,0.014142,0.01962,-0.0075,-0.023726,0.01982,-0.116461,0.013034,0.027805,0.014771,-2.035857,-0.366452,-1.028413,0.373242,1.063308,-0.023726,negative
d35b40181117126c,2bd0ae09619f21d4,2025-08-24T08:45:06Z,2025-08-24,2025-08-24,The Guardian / Exclusive by Jamie Jackson,Exclusive by Jamie Jackson,Manchester United,Manchester United,Senne Lammens,2025-26,in,in,permanent,0,23.0,Goalkeeper,9000000.0,21000000.0,,2.3333,-12000000.0,0.525,0.4458,0.7172,0.7172,0.7846,0.84,0.8587,0.8667,0.9453,0.4,0.85,0.65,2,1.04,0,0.8667,unclear,exclusive,1,1,0.7846,0.7846,0.7172,0.7172,Manchester United,Royal Antwerp,Manchester United,buyer,in,club,MANU,^GSPC,direct,1,1,0,,python_fallback,ok,,2025-08-24,2025-08-25,1,120,0.001402,0.725477,1,1,0.018615,-0.003415,-0.016292,0.000571,0.003438,-0.003982,0.015186,0.008663,0.002653,0.012123,0.012251,0.033094,0.006196,-0.013683,-0.025092,-0.021633,-0.017133,-0.003998,-0.068532,-0.087379,-0.00015,0.005404,-0.007944,0.007067,-0.019867,-0.013188,-0.069093,-0.106981,0.012298,0.027253,0.014954,-0.366452,-1.604998,0.373242,-0.037506,0.993633,-0.013188,neutral
6b244a6b9c87ec52,0bbb845640c0ece4,2025-09-01T08:32:40Z,2025-09-01,2025-09-01,The Guardian / Daniel Harris,Daniel Harris,Manchester United,Manchester United,Senne Lammens,2025-26,in,in,permanent,0,23.0,Goalkeeper,9000000.0,21000000.0,,2.3333,-12000000.0,0.525,0.4458,0.725,0.725,0.7892,0.84,0.8587,0.8667,0.9213,0.48,0.45,0.95,2,0.98,0,0.8167,linked,aggregate,1,1,0.7892,0.7892,0.725,0.725,Manchester United,Royal Antwerp,Manchester United,buyer,in,club,MANU,^GSPC,direct,1,1,0,,python_fallback,ok,,2025-09-01,2025-09-02,1,120,0.001338,0.747857,1,1,0.023509,0.037188,0.019417,0.002809,0.015936,0.010187,-0.006398,-0.000878,-0.001028,0.001622,0.035628,0.025961,0.026956,0.033637,0.0139,-0.010938,-0.102521,-0.109804,-0.104762,-0.080672,-0.001858,0.003288,0.008103,0.022677,-0.105369,-0.12,-0.120346,-0.110233,0.013738,0.026556,0.012819,1.155737,-4.694036,3.418742,13.719276,4.57997,-0.12,negative
0bf45ff7ee6be49e,b8608399aa62bbd0,2025-08-25T19:58:17Z,2025-08-25,2025-08-25,The Guardian / Ben Fisher and Jacob Steinberg,Ben Fisher and Jacob Steinberg,Borussia Dortmund,Borussia Dortmund,Carney Chukwuemeka,2025-26,in,in,permanent,0,21.0,Central Midfield,18000000.0,20000000.0,,1.1111,-2000000.0,0.675,0.4992,0.8098,0.8098,0.8312,0.84,0.8587,0.8667,0.8813,0.72,0.65,0.95,2,0.88,0,0.7333,advanced,report,1,1,0.8312,0.8312,0.8098,0.8098,Borussia Dortmund,Chelsea,Borussia Dortmund,buyer,in,club,BVB.DE,^GDAXI,direct,1,1,0,,python_fallback,ok,,2025-08-25,2025-08-25,0,120,0.000929,0.231598,1,1,0.00137,-0.006794,0.005502,-0.001366,-0.044444,-0.051881,0.002871,-0.002456,0.000156,0.008287,0.006012,0.004444,-0.000224,-0.009005,0.000883,-0.012187,0.001368,-0.008208,-0.009576,-0.008208,-0.008629,-0.013265,-0.013371,-0.02282,0.001535,-0.008802,-0.011852,-0.012738,0.010666,0.007827,-0.002839,-0.36157,-0.618341,-0.874737,-1.01633,0.571826,-0.008802,neutral
3abf3516fcffec01,66129f4e70bb691c,2025-06-12T15:01:27Z,2025-06-12,2025-06-12,The Guardian / Jamie Jackson and Ed Aarons,Jamie Jackson and Ed Aarons,Juventus,Lazio,Nicolò Rovella,2024-25,in,out,permanent,0,23.0,Defensive Midfield,30000000.0,0.0,,0.0,30000000.0,0.975,0.8208,0.7739,0.7739,0.8164,0.84,0.8587,0.8667,0.8333,0.82,0.45,0.65,2,0.76,0,0.6333,agreed,aggregate,1,1,0.8164,0.8164,0.7739,0.7739,Juventus,Lazio,Juventus,buyer,in,club,JUVE.MI,FTSEMIB.MI,direct,2,1,1,,python_fallback,ok,,2025-06-12,2025-06-12,0,120,0.000165,0.5997,1,1,0.010178,-0.011208,-0.014888,-0.0075,0.011465,0.048877,-0.000696,-0.010394,0.00247,0.001296,-0.004386,0.060858,0.010431,-0.005159,-0.016919,-0.006599,-0.035265,-0.030227,-0.041562,0.034005,-0.018442,-0.019736,-0.030811,-0.020632,-0.024788,-0.019211,-0.024492,0.044997,0.034644,0.016592,-0.018053,-0.669489,-1.377528,-0.734497,-0.6052,0.431069,-0.019211,neutral
3abf3516fcffec01,66129f4e70bb691c,2025-06-12T15:01:27Z,2025-06-12,2025-06-12,The Guardian / Jamie Jackson and Ed Aarons,Jamie Jackson and Ed Aarons,Lazio,Lazio,Nicolò Rovella,2024-25,out,out,permanent,0,23.0,Defensive Midfield,30000000.0,0.0,,0.0,30000000.0,0.445,0.4825,0.7739,0.7739,0.8164,0.84,0.8587,0.8667,0.8333,0.82,0.45,0.65,2,0.76,0,0.6333,agreed,aggregate,1,1,0.8164,0.8164,0.7739,0.7739,Juventus,Lazio,Lazio,seller,out,club,SSL.MI,FTSEMIB.MI,direct,2,1,1,,python_fallback,ok,,2025-06-12,2025-06-12,0,120,-0.001622,-0.114769,1,1,-0.019608,-0.049881,-0.036145,-0.02439,-0.033816,-0.058824,-0.000696,-0.010394,0.00247,0.001296,-0.004386,0.060858,-0.018066,-0.047057,-0.027776,-0.00725,-0.0075,0.0175,0.0,0.0175,-0.018442,-0.019736,-0.030811,-0.020632,-0.006381,0.02199,0.006679,0.033518,0.012922,0.010577,-0.002345,-3.23624,-3.044052,0.857027,-0.588331,0.363674,0.02199,positive
ed2dfa3218d31ebf,d9f6ef4692e16730,2026-01-13T08:18:59Z,2026-01-13,2026-01-13,The Guardian / Will Unwin,Will Unwin,Lazio,Lazio,Kenneth Taylor,2025-26,in,in,permanent,0,23.0,Central Midfield,23000000.0,16850000.0,,0.7326,6150000.0,0.8102,0.7137,0.6662,0.6662,0.7268,0.84,0.7752,0.7474,0.7525,0.48,0.45,0.85,28,0.98,0,0.8167,linked,aggregate,1,1,0.7268,0.7268,0.6662,0.6662,Lazio,Ajax,Lazio,buyer,in,club,SSL.MI,FTSEMIB.MI,direct,2,1,1,,python_fallback,ok,,2026-01-13,2026-01-13,0,120,0.003348,0.261983,1,1,0.0,0.004202,0.012712,-0.008299,0.081448,0.086364,0.000284,0.003797,-0.002508,0.025519,0.052932,0.081186,-0.003422,-0.006801,-0.003374,-0.047814,0.012552,0.0,-0.050209,-0.112971,-0.001859,0.001487,-0.022282,-0.006385,0.00634,-0.013632,-0.064476,-0.15292,0.021445,0.019781,-0.001665,0.483884,0.412178,-0.877496,-0.321779,0.649249,-0.013632,neutral
ed2dfa3218d31ebf,d9f6ef4692e16730,2026-01-13T08:18:59Z,2026-01-13,2026-01-13,The Guardian / Will Unwin,Will Unwin,Ajax NV,Lazio,Kenneth Taylor,2025-26,out,in,permanent,0,23.0,Central Midfield,23000000.0,16850000.0,,0.7326,6150000.0,0.6098,0.5248,0.6662,0.6662,0.7268,0.84,0.7752,0.7474,0.7525,0.48,0.45,0.85,28,0.98,0,0.8167,linked,aggregate,1,1,0.7268,0.7268,0.6662,0.6662,Lazio,Ajax,Ajax NV,seller,out,club,AJAX.AS,^AEX,direct,2,1,1,,python_fallback,ok,,2026-01-13,2026-01-13,0,120,-0.000935,0.105915,1,1,0.004515,0.022988,0.013667,-0.002242,-0.008909,-0.021978,0.005434,0.014696,0.008547,0.055419,0.052769,0.052836,0.004874,0.024123,0.01754,0.002523,0.006742,-0.002247,-0.013483,0.017978,0.003231,0.016778,-0.002385,0.008193,0.008289,-0.000216,-0.007608,0.027902,0.011758,0.018548,0.00679,0.423785,0.301007,-0.460186,-0.476002,0.458482,-0.000216,neutral
c0628df34d289cba,492a409b91e4e534,2025-08-24T19:34:23Z,2025-08-24,2025-08-24,The Guardian / Exclusive by Will Unwin,Exclusive by Will Unwin,Juventus,Juventus,Edon Zhegrova,2025-26,in,in,permanent,0,26.0,Right Winger,25000000.0,15500000.0,,0.62,9500000.0,0.8105,0.7309,0.7549,0.7549,0.8039,0.84,0.8587,0.8667,0.9133,0.55,0.85,0.65,2,0.96,0,0.8,talks,exclusive,1,1,0.8039,0.8039,0.7549,0.7549,Juventus,Lille,Juventus,buyer,in,club,JUVE.MI,FTSEMIB.MI,direct,1,1,0,,python_fallback,ok,,2025-08-24,2025-08-25,1,120,0.000821,0.539992,1,1,0.015883,0.01858,0.044218,0.049214,0.077193,0.043508,0.006905,0.006718,0.01538,0.046312,0.066749,0.068644,0.011334,0.012438,0.032006,0.01674,-0.022801,-0.033876,-0.047557,-0.037785,-0.015124,-0.019926,-0.02078,-0.03662,-0.016356,-0.026739,-0.042129,-0.026948,0.013687,0.010625,-0.003062,2.026765,1.582004,0.429465,0.813576,1.507718,-0.026739,negative
d0549a5d09ee5940,ba6caa3ec0d1b48f,2025-08-22T00:00:50Z,2025-08-22,2025-08-22,The Guardian / Jacob Steinberg and Ben Fisher,Jacob Steinberg and Ben Fisher,Juventus,Juventus,Edon Zhegrova,2025-26,in,in,permanent,0,26.0,Right Winger,25000000.0,15500000.0,,0.62,9500000.0,0.8105,0.7309,0.6729,0.6729,0.7645,0.84,0.872,0.8857,0.88,0.4,0.45,0.65,4,0.86,0,0.7167,unclear,aggregate,1,1,0.7645,0.7645,0.6729,0.6729,Juventus,Lille,Juventus,buyer,in,club,JUVE.MI,FTSEMIB.MI,direct,1,1,0,,python_fallback,ok,,2025-08-22,2025-08-22,0,120,0.000919,0.536314,1,1,0.000662,-0.013708,0.044952,0.041351,0.060351,0.026495,0.003453,0.0087,0.019604,0.048842,0.056908,0.053698,-0.002109,-0.021097,0.030039,0.007007,0.010589,-0.013236,-0.028458,-0.009927,0.004998,-0.015437,-0.018994,-0.032665,0.006145,-0.008419,-0.023807,-0.001788,0.013422,0.011296,-0.002126,1.6637,2.026765,-0.497502,0.429465,1.273105,-0.008419,neutral
1a7ac0ba5fc412ee,537890b0b89ad3eb,2025-08-14T07:59:08Z,2025-08-14,2025-08-14,The Guardian / Rob Smyth,Rob Smyth,Juventus,Juventus,Edon Zhegrova,2025-26,in,in,permanent,0,26.0,Right Winger,25000000.0,15500000.0,,0.62,9500000.0,0.8105,0.7309,0.6887,0.6887,0.7734,0.84,0.8587,0.8667,0.9133,0.48,0.45,0.65,2,0.96,0,0.8,linked,aggregate,1,1,0.7734,0.7734,0.6887,0.6887,Juventus,Lille,Juventus,buyer,in,club,JUVE.MI,FTSEMIB.MI,direct,1,1,0,,python_fallback,ok,,2025-08-14,2025-08-14,0,120,0.001245,0.576189,1,1,0.0,-0.022312,-0.003446,0.04329,-0.000691,-0.036,0.005985,0.013502,0.028676,0.013161,0.060936,0.060349,-0.004694,-0.033912,-0.025792,0.022534,0.059474,0.04426,0.061549,0.015214,0.010809,0.016095,0.026644,0.000237,0.050055,0.030206,0.038294,0.002632,0.009042,0.014313,0.005271,0.553473,1.460564,-1.152095,-0.343108,0.836295,0.030206,positive
347a14c0d88843f5,ce279253e4c27ba5,2025-08-26T21:56:39Z,2025-08-26,2025-08-26,The Guardian / Jacob Steinberg and Ed Aarons,Jacob Steinberg and Ed Aarons,Juventus,Juventus,Edon Zhegrova,2025-26,in,in,permanent,0,26.0,Right Winger,25000000.0,15500000.0,,0.62,9500000.0,0.8105,0.7309,0.6892,0.6892,0.7515,0.84,0.772,0.7429,0.91,0.55,0.45,0.85,4,1.06,0,0.8833,talks,aggregate,1,1,0.7515,0.7515,0.6892,0.6892,Juventus,Lille,Juventus,buyer,in,club,JUVE.MI,FTSEMIB.MI,direct,1,1,0,,python_fallback,ok,,2025-08-26,2025-08-26,0,120,0.000931,0.531569,1,1,-0.005212,0.011258,-0.003264,0.032454,0.071579,0.051653,-0.001893,0.008468,0.013742,0.038535,0.061435,0.078597,-0.005137,0.004041,-0.014946,0.003847,-0.023576,-0.038638,-0.051735,-0.043877,-0.020334,-0.023873,-0.0347,-0.028222,-0.014685,-0.030114,-0.039788,-0.039393,0.013806,0.011513,-0.002293,1.582004,0.860284,0.813576,0.352636,1.214499,-0.030114,negative
3a46b2793db4cb59,8b12f8952907651e,2025-08-30T17:45:26Z,2025-08-30,2025-08-30,The Guardian / Jacob Steinberg and agencies,Jacob Steinberg and agencies,Juventus,Juventus,Nicolò Savona,2025-26,out,out,permanent,0,22.0,Right-Back,12000000.0,13000000.0,,1.0833,-1000000.0,0.6887,0.6168,0.7029,0.7029,0.774,0.84,0.8587,0.8667,0.8893,0.4,0.45,0.95,2,0.9,0,0.75,unclear,aggregate,1,1,0.774,0.774,0.7029,0.7029,Nott'm Forest,Juventus,Juventus,seller,out,club,JUVE.MI,FTSEMIB.MI,direct,1,0,1,,python_fallback,ok,,2025-08-30,2025-09-01,2,120,-0.000908,0.498308,1,1,-0.010115,-0.021333,-0.043648,-0.001361,0.059163,0.008242,-0.005913,-0.010761,-0.025722,-0.010738,0.029472,0.051509,-0.00626,-0.013388,-0.026918,0.014373,-0.013624,0.002044,0.006131,0.016349,-0.011091,-0.004882,-0.011186,0.020334,-0.006361,0.008193,0.017447,0.016639,0.014261,0.012048,-0.002213,-0.094032,-0.37369,0.058693,-0.191629,0.887512,0.008193,neutral
6f0b950896ad205b,e9f8df69009725db,2025-06-27T17:47:19Z,2025-06-27,2025-06-27,The Guardian / Ed Aarons,Ed Aarons,Juventus,Juventus,Samuel Mbangula,2024-25,in,in,permanent,0,20.0,Left Winger,250000.0,,,0.0,250000.0,0.9,0.7333,0.6392,0.6392,0.7252,0.84,0.7738,0.7455,0.8389,0.55,0.65,0.25,12,0.88,0,0.7333,talks,report,1,1,0.7252,0.7252,0.6392,0.6392,Juventus,Juve Next Gen,Juventus,buyer,in,club,JUVE.MI,FTSEMIB.MI,direct,1,1,0,,python_fallback,ok,,2025-06-27,2025-06-27,0,120,3.3e-05,0.592522,1,1,-0.00243,0.045194,0.078844,0.057308,0.049872,0.023691,0.000814,0.01313,0.010503,-0.014944,-0.015807,-0.026423,-0.002946,0.036848,0.070222,0.064947,-0.059683,-0.08648,-0.089525,-0.115713,0.011207,0.011029,0.006887,0.018475,-0.067012,-0.095647,-0.096623,-0.13261,0.020841,0.01215,-0.008691,1.584721,-0.397147,-0.16654,1.952687,2.398622,-0.095647,negative
f9ef700bb21a9c85,50865a229a625ac2,2025-07-04T10:44:49Z,2025-07-04,2025-07-04,The Guardian / Ben Fisher,Ben Fisher,Borussia Dortmund,Borussia Dortmund,Soumaïla Coulibaly,2025-26,out,out,permanent,0,21.0,Centre-Back,8000000.0,7500000.0,,0.9375,500000.0,0.6559,0.5786,0.6951,0.6951,0.7503,0.84,0.7945,0.775,0.8639,0.4,0.65,0.95,6,0.78,0,0.65,unclear,report,1,1,0.7503,0.7503,0.6951,0.6951,R. Strasbourg,Borussia Dortmund,Borussia Dortmund,seller,out,club,BVB.DE,^GDAXI,direct,1,0,1,,python_fallback,ok,,2025-07-04,2025-07-04,0,120,0.001426,0.150015,1,1,-0.002551,-0.005089,0.019557,0.028947,0.034392,0.012953,0.006054,0.001026,0.012044,0.038025,-0.016011,-0.00271,-0.004886,-0.009462,0.010663,0.009036,-0.030691,-0.015345,-0.014067,0.003836,0.00583,0.025713,0.013419,0.014848,-0.034625,-0.024647,-0.024278,-0.013558,0.010891,0.011645,0.000755,1.410295,0.638139,0.879414,1.32065,1.722239,-0.024647,negative
a92756292e8890fd,681e4a7a63b59d4f,2026-02-03T13:00:07Z,2026-02-03,2026-02-03,"The Guardian / Will Magee, Niall McVeigh and Billy Munday","Will Magee, Niall McVeigh and Billy Munday",Lazio,Lazio,Adrian Przyborek,2025-26,in,in,permanent,0,19.0,Attacking Midfield,7000000.0,4500000.0,,0.6429,2500000.0,0.7304,0.634,0.7269,0.7269,0.784,0.84,0.8587,0.8667,0.8893,0.4,0.65,0.95,2,0.9,0,0.75,unclear,report,1,1,0.784,0.784,0.7269,0.7269,Lazio,Pogon Szczecin,Lazio,buyer,in,club,SSL.MI,FTSEMIB.MI,direct,1,1,0,,python_fallback,ok,,2026-02-03,2026-02-03,0,120,0.00208,0.31252,1,1,-0.004739,-0.004739,-0.032258,-0.117647,-0.110169,-0.049774,0.010499,0.019185,0.023471,0.0179,0.003446,0.042795,-0.010101,-0.016864,-0.050119,-0.14948,0.009524,-0.0,0.104762,0.119048,0.013716,-0.002782,0.017346,-0.005239,0.00109,-0.006387,0.085457,0.099207,0.014193,0.049766,0.035573,-1.600134,-1.256289,-0.815663,-0.56848,0.371749,-0.006387,neutral
16159f9ba1dea2a0,555d654836868319,2026-01-26T00:54:05Z,2026-01-26,2026-01-26,The Guardian / Guardian staff and agencies,Guardian staff and agencies,Lazio,Lazio,Adrian Przyborek,2025-26,in,in,permanent,0,19.0,Attacking Midfield,7000000.0,4500000.0,,0.6429,2500000.0,0.7304,0.634,0.8254,0.8254,0.8452,0.84,0.8587,0.8667,0.9213,0.82,0.65,0.85,2,0.98,0,0.8167,agreed,report,1,1,0.8452,0.8452,0.8254,0.8254,Lazio,Pogon Szczecin,Lazio,buyer,in,club,SSL.MI,FTSEMIB.MI,direct,1,1,0,,python_fallback,ok,,2026-01-26,2026-01-26,0,120,0.003102,0.228997,1,1,-0.018182,-0.048458,-0.096234,-0.096234,-0.136,-0.044248,-0.005744,0.002661,-0.021135,-0.019401,0.001653,0.032211,-0.019968,-0.05896,-0.110099,-0.125864,-0.018519,-0.013889,-0.027778,0.009259,0.013562,0.005443,0.026164,0.04441,-0.027715,-0.02732,-0.052348,-0.032765,0.016304,0.039179,0.022875,-2.94118,-2.319271,0.317332,-0.961009,0.102302,-0.02732,negative
f8641b6bbc484e75,b90b7efb3903776f,2026-02-15T14:00:24Z,2026-02-15,2026-02-15,The Guardian / Sarah Martin,Sarah Martin,Lazio,Lazio,Marcos Antônio,2025-26,in,in,permanent,0,25.0,Central Midfield,9000000.0,0.0,,0.0,9000000.0,0.975,0.8208,0.8291,0.8291,0.7769,0.84,0.8587,0.8667,0.8813,0.95,0.9,0.65,2,0.88,1,0.6233,official,official,1,1,0.7769,0.7769,0.8291,0.8291,Lazio,São Paulo,Lazio,buyer,in,club,SSL.MI,FTSEMIB.MI,direct,1,1,0,,python_fallback,ok,,2026-02-15,2026-02-16,1,120,0.001988,0.221136,1,1,0.024194,0.094828,0.209524,0.203792,0.062761,0.067227,-0.017134,-0.029314,-0.009722,-0.002109,-0.008057,0.001256,0.025995,0.094028,0.187903,0.172602,-0.074803,-0.055118,0.090551,-0.03937,0.00733,0.00799,0.02791,0.018688,-0.081846,-0.064725,0.077871,-0.047871,0.029793,0.046457,0.016664,2.604913,1.635536,2.348753,0.126436,1.14816,-0.064725,negative
5a3c888d31f61bdb,f0b5c53138ccadd5,2026-02-04T00:21:52Z,2026-02-04,2026-02-04,The Guardian / Tom Garry,Tom Garry,Lazio,Lazio,Marcos Antônio,2025-26,in,in,permanent,0,25.0,Central Midfield,9000000.0,0.0,,0.0,9000000.0,0.975,0.8208,0.6969,0.6969,0.7745,0.84,0.872,0.8857,0.88,0.4,0.65,0.65,4,0.86,0,0.7167,unclear,report,1,1,0.7745,0.7745,0.6969,0.6969,Lazio,São Paulo,Lazio,buyer,in,club,SSL.MI,FTSEMIB.MI,direct,1,1,0,,python_fallback,ok,,2026-02-04,2026-02-04,0,120,0.001999,0.322836,1,1,0.009524,-0.004695,0.0,-0.066079,-0.101695,-0.070175,0.009042,0.029838,0.021589,0.038199,0.0146,0.055263,0.004606,-0.02014,-0.016786,-0.099476,0.028302,0.028302,0.174528,0.132076,-0.012947,0.00866,0.001939,-0.001293,0.028458,0.0188,0.154451,0.110615,0.014532,0.050429,0.035897,-1.256289,-1.133183,-0.56848,-0.526371,0.422516,0.0188,neutral
42e01515722c56fa,a9819bfc64c9e1cc,2026-02-03T10:09:55Z,2026-02-03,2026-02-03,The Guardian / Guardian sport,Guardian sport,Lazio,Lazio,Marcos Antônio,2025-26,in,in,permanent,0,25.0,Central Midfield,9000000.0,0.0,,0.0,9000000.0,0.975,0.8208,0.6599,0.6599,0.6914,0.84,0.8587,0.8667,0.8813,0.4,0.65,0.65,2,0.88,1,0.6233,unclear,report,1,1,0.6914,0.6914,0.6599,0.6599,Lazio,São Paulo,Lazio,buyer,in,club,SSL.MI,FTSEMIB.MI,direct,1,1,0,,python_fallback,ok,,2026-02-03,2026-02-03,0,120,0.00208,0.31252,1,1,-0.004739,-0.004739,-0.032258,-0.117647,-0.110169,-0.049774,0.010499,0.019185,0.023471,0.0179,0.003446,0.042795,-0.010101,-0.016864,-0.050119,-0.14948,0.009524,-0.0,0.104762,0.119048,0.013716,-0.002782,0.017346,-0.005239,0.00109,-0.006387,0.085457,0.099207,0.014193,0.049766,0.035573,-1.600134,-1.256289,-0.815663,-0.56848,0.371749,-0.006387,neutral
080c8b2331570957,fb4491fe0f05d621,2025-07-07T09:00:24Z,2025-07-07,2025-07-07,The Guardian / John Brewin,John Brewin,Manchester United,Manchester United,Diego León,2025-26,in,in,permanent,0,18.0,Left-Back,4000000.0,4000000.0,,1.0,0.0,0.625,0.4575,0.6628,0.6628,0.7225,0.84,0.7342,0.6889,0.8591,0.48,0.45,0.95,8,0.98,0,0.8167,linked,aggregate,1,1,0.7225,0.7225,0.6628,0.6628,Manchester United,Cerro Porteño,Manchester United,buyer,in,club,MANU,^GSPC,direct,1,1,0,,python_fallback,ok,,2025-07-07,2025-07-07,0,120,0.000425,0.723204,1,1,0.002865,-0.017406,-0.039517,0.012146,0.253582,0.221214,0.008339,0.01199,0.022526,0.049906,0.051675,0.057048,-0.00359,-0.026029,-0.056945,-0.020686,-0.027429,0.012,0.022286,0.009143,-0.008573,0.000177,-0.001718,0.00418,-0.022252,0.010982,0.021792,0.002587,0.049511,0.014865,-0.034647,0.21162,-0.074487,-0.988768,-0.733799,0.514346,0.010982,neutral
842a5e948b917938,674e18726bf450d1,2025-07-01T08:26:54Z,2025-07-01,2025-07-01,The Guardian / Tom Davies,Tom Davies,Manchester United,Manchester United,Diego León,2025-26,in,in,permanent,0,18.0,Left-Back,4000000.0,4000000.0,,1.0,0.0,0.625,0.4575,0.7184,0.7184,0.7881,0.84,0.872,0.8857,0.896,0.48,0.45,0.85,4,0.9,0,0.75,linked,aggregate,1,1,0.7881,0.7881,0.7184,0.7184,Manchester United,Cerro Porteño,Manchester United,buyer,in,club,MANU,^GSPC,direct,1,1,0,,python_fallback,ok,,2025-07-01,2025-07-01,0,120,0.001141,0.715617,1,1,-0.019813,-0.032591,-0.062138,0.032464,0.256881,0.283141,0.005164,0.018514,0.029838,0.038143,0.049607,0.048677,-0.02465,-0.049472,-0.089685,-0.000738,-0.020213,-0.027513,-0.007861,-0.008984,0.003621,0.004034,0.009397,0.009468,-0.023845,-0.033889,-0.019128,-0.025744,0.048198,0.018509,-0.029689,0.636006,0.046552,-0.64507,-0.067955,0.950608,-0.033889,negative
3fbb88cfda736c60,d9d101e7c8c1b2e6,2025-06-23T07:22:34Z,2025-06-23,2025-06-23,The Guardian / Will Unwin,Will Unwin,Manchester United,Manchester United,Diego León,2024-25,in,in,unclear,0,,,,,,0.0,0.0,0.0,0.0,0.6211,0.6211,0.7015,0.84,0.7752,0.7474,0.6747,0.48,0.45,0.5,28,0.0,0,0.0,linked,aggregate,1,1,0.7015,0.7015,0.6211,0.6211,,,,,,,,,none,0,0,0,,python_fallback,no_public_target,no_public_target,2025-06-23,,,,,,,,,,,,,,,,,,,,,,,,,,,,,,,,,,,,,,,,,,,,,
94921deda8962ca6,b3983471c56515a7,2025-08-22T08:25:20Z,2025-08-22,2025-08-22,The Guardian / Yara El-Shaboury,Yara El-Shaboury,Borussia Dortmund,Borussia Dortmund,Giovanni Reyna,2025-26,out,out,permanent,0,22.0,Attacking Midfield,7000000.0,4000000.0,,0.5714,3000000.0,0.5736,0.4825,0.7304,0.7304,0.7931,0.84,0.872,0.8857,0.896,0.48,0.45,0.95,4,0.9,0,0.75,linked,aggregate,1,1,0.7931,0.7931,0.7304,0.7304,Mönchengladbach,Borussia Dortmund,Borussia Dortmund,seller,out,club,BVB.DE,^GDAXI,direct,1,0,1,,python_fallback,ok,,2025-08-22,2025-08-22,0,120,0.000904,0.231788,1,1,-0.008152,0.001372,0.00551,-0.013514,-0.041995,-0.062901,0.000674,-0.000881,-0.003452,0.004168,-0.000107,-0.006684,-0.009213,-0.001065,0.001852,-0.023173,-0.00274,0.00274,0.005479,-0.010959,-0.000832,-0.010173,-0.0161,-0.028665,-0.004352,0.001506,0.003936,-0.01385,0.010723,0.007805,-0.002918,-0.531017,-0.36157,-0.228011,-0.874737,0.629628,0.001506,neutral
7c6f0857fb0faae5,18450a233c4f9248,2025-12-16T11:49:09Z,2025-12-16,2025-12-16,The Guardian / Jacob Steinberg,Jacob Steinberg,Borussia Dortmund,Borussia Dortmund,Pascal Groß,2025-26,out,out,permanent,0,34.0,Central Midfield,3500000.0,2000000.0,,0.5714,1500000.0,0.6786,0.625,0.659,0.659,0.7226,0.84,0.812,0.8,0.6518,0.4,0.65,0.65,18,0.66,0,0.55,unclear,report,1,1,0.7226,0.7226,0.659,0.659,Brighton,Borussia Dortmund,Borussia Dortmund,seller,out,club,BVB.DE,^GDAXI,direct,1,0,1,,python_fallback,ok,,2025-12-16,2025-12-16,0,120,-0.001261,0.347707,1,1,0.0,-0.009105,-0.015083,-0.019519,0.0,-0.039706,0.001795,0.004135,0.007648,0.027151,0.027104,0.00404,0.000637,-0.006769,-0.011509,-0.016309,0.0,0.0,-0.004594,0.013782,-0.011115,0.002414,0.004546,0.027334,0.006397,0.004174,0.001385,0.018406,0.007434,0.007686,0.000252,-1.387218,-1.387218,-1.661831,-1.477785,0.0,0.004174,neutral
e810bcf74dd778c8,5b16b4b3de992a73,2026-01-02T15:53:19Z,2026-01-02,2026-01-02,The Guardian / Ed Aarons,Ed Aarons,Borussia Dortmund,Borussia Dortmund,Pascal Groß,2025-26,out,out,permanent,0,34.0,Central Midfield,3500000.0,2000000.0,,0.5714,1500000.0,0.6786,0.625,0.6733,0.6733,0.7106,0.84,0.7738,0.7455,0.5673,0.4,0.65,0.95,12,0.9,0,0.75,unclear,report,1,1,0.7106,0.7106,0.6733,0.6733,Brighton,Borussia Dortmund,Borussia Dortmund,seller,out,club,BVB.DE,^GDAXI,direct,1,0,1,,python_fallback,ok,,2026-01-02,2026-01-02,0,120,-0.001493,0.305389,1,1,0.009174,0.007634,0.01072,0.01072,-0.006024,-0.010495,0.00572,0.008501,0.012021,0.008059,0.030396,0.018667,0.008921,0.009584,0.014567,0.023203,-0.006061,0.00303,0.013636,0.019697,0.015446,0.0258,0.031491,0.03294,-0.007643,0.001379,0.013264,0.02632,0.005489,0.008076,0.002587,0.209213,-1.392698,-0.416152,0.660762,1.637421,0.001379,neutral
b1ab77bf4b1d6985,8faeec51a82c6424,2026-01-22T09:39:01Z,2026-01-22,2026-01-22,The Guardian / Yara El-Shaboury,Yara El-Shaboury,Lazio,Lazio,Edoardo Motta,2025-26,in,in,permanent,0,21.0,Goalkeeper,1200000.0,1200000.0,,1.0,0.0,0.7,0.545,0.7197,0.7197,0.7913,0.84,0.872,0.8857,0.928,0.48,0.45,0.85,4,0.98,0,0.8167,linked,aggregate,1,1,0.7913,0.7913,0.7197,0.7197,Lazio,Reggiana,Lazio,buyer,in,club,SSL.MI,FTSEMIB.MI,direct,1,1,0,,python_fallback,ok,,2026-01-22,2026-01-22,0,120,0.003318,0.243487,1,1,-0.030837,-0.079498,-0.090909,-0.07563,-0.098361,0.013825,-0.005032,-0.028646,-0.02539,-0.023508,0.008821,0.025518,-0.03293,-0.084155,-0.104005,-0.10428,-0.018182,-0.036364,-0.031818,-0.009091,0.007732,0.021399,0.013217,0.029941,-0.02672,-0.055063,-0.054984,-0.05194,0.017479,0.029836,0.012357,-4.294211,-2.996105,-0.485407,-0.889483,0.202853,-0.055063,negative
0e11c1bde551bbf5,c1b1d2968a1f57b0,2026-01-15T07:22:19Z,2026-01-15,2026-01-15,The Guardian / Will Unwin,Will Unwin,Lazio,Lazio,Edoardo Motta,2025-26,in,in,permanent,0,21.0,Goalkeeper,1200000.0,1200000.0,,1.0,0.0,0.7,0.545,0.6422,0.6422,0.7168,0.84,0.7752,0.7474,0.7525,0.48,0.45,0.65,28,0.96,0,0.8,linked,aggregate,1,1,0.7168,0.7168,0.6422,0.6422,Lazio,Reggiana,Lazio,buyer,in,club,SSL.MI,FTSEMIB.MI,direct,1,1,0,,python_fallback,ok,,2026-01-15,2026-01-15,0,120,0.003222,0.253283,1,1,0.012552,0.012552,0.016807,-0.012245,0.115207,0.110092,0.00268,-0.001575,0.001932,0.027253,0.050201,0.058358,0.008652,0.003283,0.000188,-0.050889,-0.012397,-0.061984,-0.090909,-0.119835,0.003352,-0.020461,-0.01218,-0.012509,-0.01969,-0.070489,-0.109928,-0.15781,0.021032,0.029562,0.00853,0.660512,0.224797,0.319787,-0.711199,0.292794,-0.070489,negative
4edb175b4bf0adf1,acf82f6339df9c2f,2025-03-25T13:37:06Z,2025-03-25,2025-03-25,The Guardian / Jacob Steinberg,Jacob Steinberg,Juventus,Juventus,Ênio,2024-25,in,in,permanent,0,24.0,Left Winger,400000.0,195000.0,,0.4875,205000.0,0.8903,0.8439,0.6744,0.6744,0.686,0.84,0.812,0.8,0.898,0.4,0.65,0.95,18,0.98,1,0.6942,unclear,report,1,1,0.686,0.686,0.6744,0.6744,Juventus,Amazonas,Juventus,buyer,in,club,JUVE.MI,FTSEMIB.MI,direct,1,1,0,,python_fallback,ok,,2025-03-25,2025-03-25,0,120,0.002205,0.473291,1,1,-0.031162,-0.05199,-0.056019,0.026411,0.181231,0.328633,-0.001614,-0.018634,-0.001256,0.019542,0.012996,0.04648,-0.032604,-0.050479,-0.066729,-0.002915,0.026697,-0.028627,-0.063204,-0.094886,0.002181,-0.006004,-0.010674,-0.136402,0.021653,-0.033107,-0.070983,-0.051846,0.038585,0.027153,-0.011432,-0.11394,-0.436256,-0.587571,-0.713141,0.54163,-0.033107,negative
7b22f3ab09034844,b49b7c6e3edb8ea8,2025-03-02T21:36:39Z,2025-03-02,2025-03-02,The Guardian / Tom Garry,Tom Garry,Juventus,Juventus,Ênio,2024-25,in,in,permanent,0,24.0,Left Winger,400000.0,195000.0,,0.4875,205000.0,0.8903,0.8439,0.7041,0.7041,0.7173,0.84,0.872,0.8857,0.88,0.55,0.65,0.65,4,0.86,1,0.6092,talks,report,1,1,0.7173,0.7173,0.7041,0.7041,Juventus,Amazonas,Juventus,buyer,in,club,JUVE.MI,FTSEMIB.MI,direct,1,1,0,,python_fallback,ok,,2025-03-02,2025-03-03,1,120,-0.000655,0.373868,1,1,0.065533,0.105882,0.168836,0.188463,0.222764,0.171568,0.000829,-0.00155,0.00609,0.017826,0.059854,0.065816,0.065878,0.105538,0.160157,0.189499,0.10389,0.090426,0.006981,0.094914,-0.023774,0.003234,-0.011098,0.009494,0.115719,0.095569,0.024339,0.104547,0.04285,0.03818,-0.00467,2.448951,3.732878,1.998674,2.516642,2.77869,0.095569,positive
69ec037db746611d,5850b5d54fde6406,2025-03-17T17:12:03Z,2025-03-17,2025-03-17,The Guardian,,Juventus,Juventus,Ênio,2024-25,in,in,permanent,0,24.0,Left Winger,400000.0,195000.0,,0.4875,205000.0,0.8903,0.8439,0.7498,0.7498,0.7412,0.84,0.84,0.8667,0.872,0.9,0.35,0.65,1,0.88,1,0.6233,medical,analysis,1,1,0.7412,0.7412,0.7498,0.7498,Juventus,Amazonas,Juventus,buyer,in,club,JUVE.MI,FTSEMIB.MI,direct,1,1,0,,python_fallback,ok,,2025-03-17,2025-03-17,0,120,0.00182,0.43092,1,1,0.002497,0.032969,0.006267,0.067653,0.268866,0.305488,0.017237,0.025386,0.001607,0.0,0.017826,0.059854,-0.00675,0.016466,-0.001628,0.057085,0.052156,0.017749,-0.031917,-0.09357,0.02274,0.013789,0.008227,-0.0156,0.038109,0.005415,-0.045224,-0.10731,0.050807,0.026903,-0.023904,0.892698,1.11389,-0.948482,-0.562292,0.660686,0.005415,neutral
