date,published_date,club,player,source,title,url,credibility_score,rumor_strength,rumor_count,source_diversity,max_credibility,avg_credibility,max_rumor_strength,avg_rumor_strength,season,direction,transfer_type,is_loan,age,position,market_value_eur,transfer_fee_eur,wage_eur_annual,fee_to_market,market_minus_fee_eur,transfer_quality,transfer_indicator,rumor_indicator,pre_stock_return_7d,pre_stock_return_30d,pre_stock_volatility_30d,pre_market_return_30d,stock_context_indicator,car_m1_p1,car_0_p1,car_0_p3,car_0_p7,target_car,target_label,label,market_feature_backend,market_feature_status,market_feature_notes,event_date_used,event_trading_date,event_trading_offset_days,estimation_points,market_model_alpha,market_model_beta,pre_window_ok_30d,post_window_ok_10d,pre_raw_return_m1,pre_raw_return_m3,pre_raw_return_m5,pre_raw_return_m10,pre_raw_return_m20,pre_raw_return_m30,pre_market_return_m1,pre_market_return_m3,pre_market_return_m5,pre_market_return_m10,pre_market_return_m20,pre_market_return_m30,pre_abnormal_return_m1,pre_abnormal_return_m3,pre_abnormal_return_m5,pre_abnormal_return_m10,raw_return_0_p1,raw_return_0_p3,raw_return_0_p5,raw_return_0_p10,market_return_0_p1,market_return_0_p3,market_return_0_p5,market_return_0_p10,abnormal_return_0_p1,abnormal_return_0_p3,abnormal_return_0_p5,abnormal_return_0_p10,pre_volatility_20d,post_volatility_20d,volatility_shift_20d,pre_close_zscore_20d,event_close_zscore_20d,pre_volume_zscore_20d,event_volume_zscore_20d,relative_volume_20d,target_abnormal_return_p3,target_label_p3
2021-06-23,2021-06-23,Borussia Dortmund,Jadon Sancho,The Guardian / Fabrizio Romano,Manchester United increase offer for Jadon Sancho to £73m,https://www.theguardian.com/football/2021/jun/23/manchester-united-increase-offer-for-jadon-sancho-to-73m,0.95,0.7575,1,1,0.95,0.95,0.7575,0.7575,2021-22,out,permanent,0,21.0,Left Winger,100000000.0,85000000.0,,0.85,15000000.0,0.6362,0.5556,0.7426,-0.036071,0.064407,0.018892,0.034166,0.5979,-0.032513,-0.01497,-0.01426,-0.022579,-0.01426,neutral,neutral,python_fallback,ok,,2021-06-23,2021-06-23,0,113,0.001019,0.581495,1,1,-0.013354,-0.029366,-0.017214,-0.011802,0.027823,0.054576,0.002121,-0.005808,-0.005924,-0.000273,0.011073,0.015319,-0.015607,-0.029365,-0.018806,-0.021261,-0.011147,-0.006369,-0.01035,-0.015924,-0.003012,-0.005254,-0.006734,0.003606,-0.01152,-0.007321,-0.012557,-0.028517,0.015775,0.014407,-0.001368,0.13941,-0.01912,-0.944655,-1.006409,0.432204,-0.007321,neutral
2021-06-23,2021-06-23,Manchester United,Jadon Sancho,The Guardian / Fabrizio Romano,Manchester United increase offer for Jadon Sancho to £73m,https://www.theguardian.com/football/2021/jun/23/manchester-united-increase-offer-for-jadon-sancho-to-73m,0.95,0.7575,1,1,0.95,0.95,0.7575,0.7575,2021-22,in,permanent,0,21.0,Left Winger,100000000.0,85000000.0,,0.85,15000000.0,0.7337,0.6069,0.7426,-0.005806,-0.03567,0.012439,0.022721,0.5946,0.003992,0.010124,-0.001856,0.006974,-0.001856,neutral,neutral,python_fallback,ok,,2021-06-23,2021-06-23,0,112,-0.000986,0.560898,1,1,-0.005806,-0.001296,-0.003234,-0.023447,-0.017219,-0.041667,0.005124,0.005822,-3.5e-05,0.004537,0.011768,0.01385,-0.007694,-0.001659,0.001641,-0.016308,0.00584,-0.009734,-0.014276,-0.032446,0.004722,0.010402,0.012024,0.017516,0.005154,-0.01149,-0.015009,-0.031566,0.010493,0.013051,0.002559,-1.613941,-1.054296,0.173213,-0.51405,0.62662,-0.01149,neutral
2021-07-01,2021-07-01,Borussia Dortmund,Jadon Sancho,The Guardian / Ed Aarons | The Guardian / Fabrizio Romano and Jamie Jackson,Jadon Sancho set to join Manchester United after £73m deal agreed || ‘Huge ambitions and courage’: the unstoppable rise of Jadon Sancho ,https://www.theguardian.com/football/2021/jul/01/unstoppable-rise-of-jadon-sancho-manchester-united | https://www.theguardian.com/football/2021/jun/30/jadon-sancho-set-to-join-manchester-united-after-78m-deal-agreed,0.95,0.7575,2,2,0.95,0.895,0.7575,0.7218,2021-22,out,permanent,0,21.0,Left Winger,100000000.0,85000000.0,,0.85,15000000.0,0.6362,0.5556,0.7926,-0.01035,-0.008772,0.015087,0.027623,0.5963,0.002631,0.001922,0.008237,-0.047711,0.008237,neutral,neutral,python_fallback,ok,,2021-07-01,2021-07-01,0,119,0.00087,0.58744,1,1,-0.002408,-0.011924,-0.006395,-0.026625,0.022204,-0.02203,-0.010169,-0.004929,0.00483,-0.011427,-0.004593,0.009389,0.002696,-0.011722,-0.013528,-0.028696,0.010459,0.016895,-0.037812,-0.012872,0.007665,-0.001266,-0.007108,0.00635,0.004783,0.014616,-0.03832,-0.024759,0.011205,0.017825,0.00662,-0.81251,0.548206,-0.453183,0.753662,1.388039,0.014616,neutral
2021-07-01,2021-07-01,Manchester United,Jadon Sancho,The Guardian / Ed Aarons | The Guardian / Fabrizio Romano and Jamie Jackson | kickoff.com | pressandjournal.co.uk,Manchester United agree deal with Borussia Dortmund for Jadon Sancho || Borussia Dortmund and Manchester United have confirmed Jadon Sancho || Jadon Sancho set to join Manchester United after £73m deal agreed || ‘Huge ambitions and courage’: the unstoppable rise of Jadon Sancho ,https://www.kickoff.com/news/articles/world-news/categories/news/english-premier-league/borussia-dortmund-and-manchester-united-have-confirmed-jadon-sancho-transfer-to-england/701580 | https://www.pressandjournal.co.uk/news/world/3278803/manchester-united-agree-deal-with-borussia-dortmund-for-jadon-sancho/ | https://www.theguardian.com/football/2021/jul/01/unstoppable-rise-of-jadon-sancho-manchester-united | https://www.theguardian.com/football/2021/jun/30/jadon-sancho-set-to-join-manchester-united-after-78m-deal-agreed,0.5,0.465,4,4,0.95,0.6975,0.7575,0.5934,2021-22,in,permanent,0,21.0,Left Winger,100000000.0,85000000.0,,0.85,15000000.0,0.7337,0.6069,0.9726,-0.014276,-0.027529,0.00951,0.044177,0.6123,0.007938,0.006339,-0.012291,-0.003595,-0.012291,neutral,neutral,python_fallback,ok,,2021-07-01,2021-07-01,0,118,-0.00087,0.514125,1,1,-0.001315,-0.021893,-0.0181,-0.017464,-0.029393,-0.043451,0.001328,0.003925,0.013122,0.017473,0.02124,0.041104,-0.001128,-0.021382,-0.020467,-0.01772,0.009217,-0.016458,-0.011192,-0.005925,0.012761,0.014108,0.016766,0.006902,0.004399,-0.020144,-0.014431,0.000371,0.008313,0.012834,0.004522,-2.165566,-1.304506,-0.300026,0.509687,1.318305,-0.020144,negative
2021-07-02,2021-07-02,Manchester United,Jadon Sancho,sportsmole.co.uk,Manchester United confirm Jadon Sancho agreement,https://www.sportsmole.co.uk/football/man-utd/transfer-talk/news/manchester-united-confirm-jadon-sancho-agreement_453554.html,0.5,0.675,1,1,0.5,0.5,0.675,0.675,2021-22,in,permanent,0,21.0,Left Winger,100000000.0,85000000.0,,0.85,15000000.0,0.7337,0.6069,0.6912,-0.011635,-0.018614,0.009601,0.038667,0.6158,-0.003735,-0.009798,-0.009297,0.002805,-0.009297,neutral,neutral,python_fallback,ok,,2021-07-02,2021-07-02,0,119,-0.000872,0.514033,1,1,0.006583,0.001966,-0.013548,-0.009073,-0.039573,-0.021127,0.005222,0.006836,0.012528,0.023231,0.030311,0.04963,0.004771,0.001097,-0.015512,-0.012089,-0.01308,-0.024853,-0.015697,-0.035971,0.005463,0.000204,0.014975,-0.014225,-0.014112,-0.021644,-0.018097,-0.019196,0.007385,0.012839,0.005454,-1.304506,-1.00508,0.509687,-1.291648,0.427289,-0.021644,negative
2021-07-23,2021-07-23,Borussia Dortmund,Jadon Sancho,The Guardian / Guardian sport | The Guardian / Jamie Jackson,"Jadon Sancho seals £73m Manchester United move from Dortmund || Jadon Sancho, the 'generational' player who could be a bargain for Manchester United | Jamie Jackson",https://www.theguardian.com/football/2021/jul/23/jadon-sancho-seals-73m-manchester-united-move-from-dortmund | https://www.theguardian.com/football/2021/jul/23/jadon-sancho-the-generational-player-who-could-be-a-bargain-for-manchester-united,0.84,0.686,2,2,0.84,0.84,0.686,0.686,2021-22,out,permanent,0,21.0,Left Winger,100000000.0,85000000.0,,0.85,15000000.0,0.6362,0.5556,0.7181,0.008237,-0.059908,0.015578,-0.011389,0.5671,-0.018006,-0.001309,-0.006112,0.00721,-0.006112,neutral,neutral,python_fallback,ok,,2021-07-23,2021-07-23,0,120,0.001143,0.526772,1,1,-0.012903,0.025985,-0.002445,0.023411,-0.014493,-0.06422,0.005968,0.025199,-0.007365,0.006089,-0.004791,-0.00364,-0.017189,0.00996,-0.003393,0.009633,0.003268,-0.002451,0.001634,0.041667,0.006732,0.003598,0.001924,0.015915,-0.002451,-0.008693,-0.006019,0.020487,0.017415,0.018056,0.000641,-0.408441,-0.863445,-0.038889,-1.377254,0.376282,-0.008693,neutral
2021-07-23,2021-07-23,Manchester United,Jadon Sancho,The Guardian / Guardian sport | The Guardian / Jamie Jackson,"Jadon Sancho seals £73m Manchester United move from Dortmund || Jadon Sancho, the 'generational' player who could be a bargain for Manchester United | Jamie Jackson",https://www.theguardian.com/football/2021/jul/23/jadon-sancho-seals-73m-manchester-united-move-from-dortmund | https://www.theguardian.com/football/2021/jul/23/jadon-sancho-the-generational-player-who-could-be-a-bargain-for-manchester-united,0.84,0.686,2,2,0.84,0.84,0.686,0.686,2021-22,in,permanent,0,21.0,Left Winger,100000000.0,85000000.0,,0.85,15000000.0,0.7337,0.6069,0.7181,0.0493,0.003824,0.011561,0.030265,0.6686,0.012758,0.000601,0.022553,0.032156,0.022553,positive,positive,python_fallback,ok,,2021-07-23,2021-07-23,0,120,-0.000447,0.513467,1,1,0.009615,0.068521,0.043046,0.056338,0.0181,0.00639,0.002017,0.025594,0.001709,0.010799,0.029619,0.035058,0.009026,0.055468,0.04454,0.054933,0.000635,0.012063,0.020952,0.034921,0.012552,0.007593,0.006361,0.015808,-0.004821,0.009986,0.020266,0.031611,0.01318,0.009575,-0.003605,2.556017,2.834508,7.678303,-0.129125,0.838547,0.009986,neutral
2022-01-13,2022-01-13,Juventus,Dušan Vlahović,The Guardian / Fabrizio Romano,Arsenal pushing to sign Juventus midfielder Arthur Melo on loan,https://www.theguardian.com/football/2022/jan/13/arsenal-pushing-to-sign-juventus-midfielder-arthur-melo-on-loan,0.95,0.7575,1,1,0.95,0.95,0.7575,0.7575,2021-22,in,permanent,0,22.0,Centre-Forward,70000000.0,85400000.0,,1.22,-15400000.0,0.6755,0.5044,0.7426,-0.102848,-0.215044,0.033076,0.073603,0.3759,0.010734,0.022363,0.042102,0.094287,0.042102,positive,positive,python_fallback,ok,,2022-01-13,2022-01-13,0,120,-0.004468,0.861144,1,1,-0.011047,-0.049721,-0.085484,-0.021289,-0.164538,-0.211405,0.006501,0.003476,-0.015943,0.009801,0.043802,0.064204,-0.012177,-0.039742,-0.052055,0.018656,0.00823,0.017049,0.049383,0.133451,-0.006134,-0.008335,-0.005196,-0.030021,0.022392,0.041929,0.07971,0.203062,0.034852,0.025577,-0.009275,-1.01479,-0.930819,-0.950671,-1.026067,0.199446,0.041929,positive
2022-01-25,2022-01-25,Juventus,Dušan Vlahović,The Guardian / Fabrizio Romano,Juventus strike €75m deal to sign Dusan Vlahovic from Fiorentina,https://www.theguardian.com/football/2022/jan/25/juventus-75m-deal-sign-dusan-vlahovic-from-fiorentina,0.95,0.9675,1,1,0.95,0.95,0.9675,0.9675,2021-22,in,permanent,0,22.0,Centre-Forward,70000000.0,85400000.0,,1.22,-15400000.0,0.6755,0.5044,0.8161,-0.002915,-0.181818,0.030387,-0.028029,0.4381,0.107563,0.094389,0.134715,0.080978,0.134715,positive,positive,python_fallback,ok,,2022-01-25,2022-01-25,0,120,-0.004879,0.848088,1,1,-0.025641,-0.033898,-0.006392,-0.004077,0.007067,-0.177093,-0.040205,-0.051076,-0.061974,-0.050486,-0.038607,-0.031473,0.013336,0.024254,0.072129,0.08851,0.108187,0.140351,0.090643,0.115205,0.024872,0.022793,0.048204,0.016902,0.094116,0.134321,0.079175,0.153723,0.023286,0.028787,0.005501,-0.822529,0.833058,-0.38252,0.161465,1.103103,0.134321,positive
2022-01-27,2022-01-27,Juventus,Dušan Vlahović,"The Guardian / Fabrizio Romano, Will Unwin, Jacob Steinberg and PA Media",Transfer roundup: Rangers seal Diallo loan as Juventus land €75m Vlahovic,https://www.theguardian.com/football/2022/jan/27/transfer-round-up-rangers-diallo-loan-manchester-united-nottingham-forest-reject-johnson-bid-brentford,0.95,0.7575,1,1,0.95,0.95,0.7575,0.7575,2021-22,in,permanent,0,22.0,Centre-Forward,70000000.0,85400000.0,,1.22,-15400000.0,0.6755,0.5044,0.7426,0.095376,-0.033163,0.032938,0.002335,0.6006,0.07937,0.040517,-0.014019,-0.008531,-0.014019,neutral,neutral,python_fallback,ok,,2022-01-27,2022-01-27,0,120,-0.004737,0.829807,1,1,0.052778,0.079772,0.070621,0.114051,0.090334,-0.069253,0.022667,-0.016333,-0.027474,-0.039511,-0.030097,0.002561,0.038705,0.106742,0.11717,0.191154,0.029024,-0.015831,-0.028496,0.054881,-0.002029,0.022766,0.017657,0.021451,0.039885,-0.015094,-0.014439,0.091311,0.027731,0.024008,-0.003724,2.511235,2.620274,1.20172,0.302448,1.190613,-0.015094,neutral
2022-01-30,2022-01-30,Juventus,Dušan Vlahović,The Guardian / Andy Hunter and Fabrizio Romano,Liverpool sign Luis Díaz for initial €40m and target Fulham’s Fabio Carvalho,https://www.theguardian.com/football/2022/jan/30/liverpool-luis-diaz-tottenham-kulusevski-bentancur-transfer-news,0.95,0.7575,1,1,0.95,0.95,0.7575,0.7575,2021-22,in,permanent,0,22.0,Centre-Forward,70000000.0,85400000.0,,1.22,-15400000.0,0.6755,0.5044,0.7426,0.092437,0.025776,0.032503,-0.008102,0.6222,-0.028485,-0.054779,-0.053603,0.00687,-0.053603,negative,negative,python_fallback,ok,,2022-01-30,2022-01-31,1,120,-0.004576,0.832727,1,1,0.011411,0.083333,0.111111,0.137026,0.130435,-0.00965,-0.011792,0.020592,-0.018329,-0.035543,-0.028595,-0.003788,0.025806,0.078046,0.145873,0.206793,-0.04359,-0.055897,-0.08359,-0.026154,0.024845,0.019725,-0.008884,-0.005647,-0.055373,-0.055025,-0.051906,0.032307,0.027477,0.026973,-0.000504,2.48278,1.252589,0.553614,3.431184,2.928855,-0.055025,negative
2022-01-31,2022-01-31,Juventus,Dušan Vlahović,The Guardian / PA Media and Guardian sport,Rangers sign Aaron Ramsey on loan from Juventus for rest of season,https://www.theguardian.com/football/2022/jan/31/rangers-sign-aaron-ramsey-on-loan-from-juventus-for-rest-of-season,0.84,0.686,1,1,0.84,0.84,0.686,0.686,2021-22,in,permanent,0,22.0,Centre-Forward,70000000.0,85400000.0,,1.22,-15400000.0,0.6755,0.5044,0.6681,0.092437,0.025776,0.032503,-0.008102,0.6222,-0.028485,-0.054779,-0.053603,0.00687,-0.053603,negative,negative,python_fallback,ok,,2022-01-31,2022-01-31,0,120,-0.004576,0.832727,1,1,0.011411,0.083333,0.111111,0.137026,0.130435,-0.00965,-0.011792,0.020592,-0.018329,-0.035543,-0.028595,-0.003788,0.025806,0.078046,0.145873,0.206793,-0.04359,-0.055897,-0.08359,-0.026154,0.024845,0.019725,-0.008884,-0.005647,-0.055373,-0.055025,-0.051906,0.032307,0.027477,0.026973,-0.000504,2.48278,1.252589,0.553614,3.431184,2.928855,-0.055025,negative
2022-06-13,2022-06-13,Borussia Dortmund,Erling Haaland,The Guardian / Guardian sport,‘A proud day’: Erling Haaland completes £51.5m Manchester City move,https://www.theguardian.com/football/2022/jun/13/erling-haaland-completes-manchester-city-move-proud-day-borussia-dortmund,0.84,0.686,1,1,0.84,0.84,0.686,0.686,2022-23,out,permanent,0,21.0,Centre-Forward,150000000.0,60000000.0,,0.4,90000000.0,0.535,0.4375,0.7481,-0.067509,0.013193,0.027175,-0.012715,0.4928,-0.037468,-0.030442,-0.026205,-0.004451,-0.026205,negative,negative,python_fallback,ok,,2022-06-13,2022-06-13,0,120,0.000321,1.064183,1,1,-0.03952,-0.071567,-0.067509,-0.026369,0.042911,0.026738,-0.030775,-0.0546,-0.048289,-0.048427,-0.018969,-0.023837,-0.00709,-0.015077,-0.018501,0.023509,-0.065104,-0.081771,-0.041146,-0.055208,-0.03324,-0.052561,-0.036058,-0.041837,-0.03083,-0.02711,-0.002405,-0.012071,0.018656,0.02256,0.003905,-0.294196,-1.461067,0.659222,2.12458,2.83158,-0.02711,negative
2022-06-15,2022-06-15,Juventus,Federico Chiesa,The Guardian / Fabrizio Romano,Paul Pogba reaches verbal agreement to rejoin Juventus on free transfer,https://www.theguardian.com/football/2022/jun/15/paul-pogba-reaches-verbal-agreement-to-rejoin-juventus-on-free-transfer,0.95,0.9675,1,1,0.95,0.95,0.9675,0.9675,2022-23,in,permanent,0,24.0,Right Winger,65000000.0,44600000.0,,0.6862,20400000.0,0.8456,0.7619,0.9161,-0.140824,0.077806,0.026354,-0.085976,0.4253,0.018916,0.022032,0.090604,0.093494,0.090604,positive,positive,python_fallback,ok,,2022-06-15,2022-06-15,0,120,0.001029,1.049717,1,1,-0.006467,-0.10582,-0.13555,-0.124352,0.045145,0.062893,-0.003239,-0.081171,-0.103382,-0.108468,-0.10102,-0.098795,-0.004095,-0.025199,-0.035222,-0.020175,0.01716,0.101775,0.091124,0.081657,-0.005493,0.007186,-0.002655,-0.000595,0.020053,0.086468,0.08494,0.068917,0.029206,0.024831,-0.004375,-1.073166,-0.800589,-0.887114,-0.975266,0.58092,0.086468,positive
2022-06-16,2022-06-16,Borussia Dortmund,Erling Haaland,The Guardian / Fabrizio Romano and Will Unwin,Manchester City poised to bid for Brighton left-back Marc Cucurella,https://www.theguardian.com/football/2022/jun/16/manchester-city-bid-brighton-left-back-marc-cucurella-yves-bissouma-tottenham,0.95,0.9675,1,1,0.95,0.95,0.9675,0.9675,2022-23,out,permanent,0,21.0,Centre-Forward,150000000.0,60000000.0,,0.4,90000000.0,0.535,0.4375,0.8161,-0.105899,-0.008047,0.029288,-0.030011,0.4328,0.010882,-0.004127,0.014647,0.00164,0.014647,neutral,neutral,python_fallback,ok,,2022-06-16,2022-06-16,0,120,0.000348,1.052626,1,1,0.030084,-0.036979,-0.092738,-0.101991,0.026652,-0.019098,0.013597,-0.020095,-0.066503,-0.059634,-0.037299,-0.034753,0.015423,-0.01585,-0.024796,-0.044548,-0.031909,0.000541,-0.043267,-0.03245,-0.026624,-0.014304,-0.042469,-0.052021,-0.004104,0.015279,0.000607,0.020826,0.023046,0.018929,-0.004117,-1.073015,-2.089994,0.482756,0.72413,1.57097,0.015279,neutral
2022-06-17,2022-06-17,Borussia Dortmund,Erling Haaland,The Guardian / Luke McLaughlin,Football transfer rumours: Arsenal leading race to sign Gabriel Jesus?,https://www.theguardian.com/football/2022/jun/17/football-transfer-rumours-arsenal-gabriel-jesus-lautaro-martinez-tottenham,0.84,0.686,1,1,0.84,0.84,0.686,0.686,2022-23,out,permanent,0,21.0,Centre-Forward,150000000.0,60000000.0,,0.4,90000000.0,0.535,0.4375,0.6681,-0.134936,-0.054185,0.030501,-0.046496,0.3729,0.013255,0.024786,0.020446,0.025135,0.020446,positive,positive,python_fallback,ok,,2022-06-17,2022-06-17,0,120,0.000126,1.05826,1,1,-0.046512,-0.030786,-0.118059,-0.143759,-0.021099,-0.054185,-0.033132,-0.028937,-0.081719,-0.099873,-0.060783,-0.062149,-0.011575,0.000339,-0.033724,-0.042757,0.044243,0.030062,0.019853,0.010777,0.017418,0.008114,0.006108,-0.017292,0.025196,0.021109,0.013177,0.028678,0.025322,0.016016,-0.009307,-2.089994,-1.704531,0.72413,0.855669,1.605161,0.021109,positive
2022-06-17,2022-06-17,Juventus,Federico Chiesa,The Guardian / Luke McLaughlin,Football transfer rumours: Arsenal leading race to sign Gabriel Jesus?,https://www.theguardian.com/football/2022/jun/17/football-transfer-rumours-arsenal-gabriel-jesus-lautaro-martinez-tottenham,0.84,0.686,1,1,0.84,0.84,0.686,0.686,2022-23,in,permanent,0,24.0,Right Winger,65000000.0,44600000.0,,0.6862,20400000.0,0.8456,0.7619,0.6681,-0.113918,0.118413,0.026117,-0.074502,0.4747,0.093337,0.066932,0.065803,0.062087,0.065803,positive,positive,python_fallback,ok,,2022-06-17,2022-06-17,0,120,0.00172,1.051245,1,1,-0.007506,0.010582,-0.090476,-0.149431,0.038043,0.126474,-0.033238,-0.008714,-0.086218,-0.110533,-0.097154,-0.085564,0.025716,0.013896,-0.008469,-0.054783,0.083188,0.072717,0.092496,0.046539,0.012749,0.002854,0.018042,-0.017122,0.065012,0.062116,0.061018,0.046265,0.029339,0.026276,-0.003062,-1.020501,-0.720862,-0.937924,-0.896769,0.639496,0.062116,positive
2022-06-19,2022-06-19,Borussia Dortmund,Erling Haaland,The Guardian / Jacob Steinberg,Chelsea to step up Sterling bid as Manchester City expect player to leave,https://www.theguardian.com/football/2022/jun/19/chelsea-to-step-up-sterling-bid-as-manchester-city-expect-player-to-leave,0.84,0.686,1,1,0.84,0.84,0.686,0.686,2022-23,out,permanent,0,21.0,Centre-Forward,150000000.0,60000000.0,,0.4,90000000.0,0.535,0.4375,0.6681,-0.104552,0.022857,0.028463,-0.019013,0.4571,0.027123,0.019292,0.005008,0.008386,0.005008,neutral,neutral,python_fallback,ok,,2022-06-19,2022-06-20,1,120,0.000131,1.06069,1,1,0.015315,-0.002786,-0.067708,-0.130646,-0.032955,-0.0397,0.006732,-0.013389,-0.046184,-0.092242,-0.061197,-0.040077,0.008044,0.012076,-0.018491,-0.036211,0.03352,-0.011732,0.013408,0.009497,0.012657,-0.016278,0.004557,-0.026884,0.019717,0.005712,0.008366,0.037808,0.024761,0.016648,-0.008113,-1.704531,-1.081813,0.855669,0.270534,1.19095,0.005712,neutral
2022-06-20,2022-06-20,Borussia Dortmund,Erling Haaland,The Guardian / Will Unwin,Football transfer rumours: Morata to Arsenal? Jesus to Tottenham?,https://www.theguardian.com/football/2022/jun/20/football-transfer-rumours-morata-to-arsenal-jesus-to-tottenham,0.84,0.686,1,1,0.84,0.84,0.686,0.686,2022-23,out,permanent,0,21.0,Centre-Forward,150000000.0,60000000.0,,0.4,90000000.0,0.535,0.4375,0.6681,-0.104552,0.022857,0.028463,-0.019013,0.4571,0.027123,0.019292,0.005008,0.008386,0.005008,neutral,neutral,python_fallback,ok,,2022-06-20,2022-06-20,0,120,0.000131,1.06069,1,1,0.015315,-0.002786,-0.067708,-0.130646,-0.032955,-0.0397,0.006732,-0.013389,-0.046184,-0.092242,-0.061197,-0.040077,0.008044,0.012076,-0.018491,-0.036211,0.03352,-0.011732,0.013408,0.009497,0.012657,-0.016278,0.004557,-0.026884,0.019717,0.005712,0.008366,0.037808,0.024761,0.016648,-0.008113,-1.704531,-1.081813,0.855669,0.270534,1.19095,0.005712,neutral
2022-06-24,2022-06-24,Juventus,Bremer,The Guardian / Barry Glendenning,"Football transfer rumours: Nicolò Zaniolo to Spurs, Juventus or Milan?",https://www.theguardian.com/football/2022/jun/24/football-transfer-rumours-nicolo-zaniolo-to-spurs-juventus-or-milan,0.84,0.686,1,1,0.84,0.84,0.686,0.686,2022-23,in,permanent,0,25.0,Centre-Back,35000000.0,51300000.0,,1.4657,-16300000.0,0.6452,0.5059,0.6681,0.08545,0.202815,0.027274,-0.101173,0.672,0.002484,-0.023713,-0.045682,-0.005061,-0.045682,negative,negative,python_fallback,ok,,2022-06-24,2022-06-24,0,120,0.002046,1.00776,1,1,0.019523,0.009667,0.093659,-0.005291,0.019523,0.223958,-0.007986,-0.017679,-0.005155,-0.090928,-0.119444,-0.082789,0.025524,0.021553,0.086466,0.072566,-0.004787,-0.02766,-0.043085,0.026596,0.014527,0.010132,-0.012029,0.007356,-0.023725,-0.04653,-0.044501,-0.004047,0.02773,0.024425,-0.003304,0.236232,0.196282,-0.752746,-0.982726,0.574714,-0.04653,negative
2022-06-24,2022-06-24,Juventus,Federico Chiesa,The Guardian / Barry Glendenning,"Football transfer rumours: Nicolò Zaniolo to Spurs, Juventus or Milan?",https://www.theguardian.com/football/2022/jun/24/football-transfer-rumours-nicolo-zaniolo-to-spurs-juventus-or-milan,0.84,0.686,1,1,0.84,0.84,0.686,0.686,2022-23,in,permanent,0,24.0,Right Winger,65000000.0,44600000.0,,0.6862,20400000.0,0.8456,0.7619,0.6681,0.08545,0.202815,0.027274,-0.101173,0.672,0.002484,-0.023713,-0.045682,-0.005061,-0.045682,negative,negative,python_fallback,ok,,2022-06-24,2022-06-24,0,120,0.002046,1.00776,1,1,0.019523,0.009667,0.093659,-0.005291,0.019523,0.223958,-0.007986,-0.017679,-0.005155,-0.090928,-0.119444,-0.082789,0.025524,0.021553,0.086466,0.072566,-0.004787,-0.02766,-0.043085,0.026596,0.014527,0.010132,-0.012029,0.007356,-0.023725,-0.04653,-0.044501,-0.004047,0.02773,0.024425,-0.003304,0.236232,0.196282,-0.752746,-0.982726,0.574714,-0.04653,negative
2022-06-24,2022-06-24,Juventus,Matthijs de Ligt,The Guardian / Barry Glendenning,"Football transfer rumours: Nicolò Zaniolo to Spurs, Juventus or Milan?",https://www.theguardian.com/football/2022/jun/24/football-transfer-rumours-nicolo-zaniolo-to-spurs-juventus-or-milan,0.84,0.686,1,1,0.84,0.84,0.686,0.686,2022-23,out,permanent,0,22.0,Centre-Back,70000000.0,67000000.0,,0.9571,3000000.0,0.6604,0.5838,0.6681,0.08545,0.202815,0.027274,-0.101173,0.672,0.002484,-0.023713,-0.045682,-0.005061,-0.045682,negative,negative,python_fallback,ok,,2022-06-24,2022-06-24,0,120,0.002046,1.00776,1,1,0.019523,0.009667,0.093659,-0.005291,0.019523,0.223958,-0.007986,-0.017679,-0.005155,-0.090928,-0.119444,-0.082789,0.025524,0.021553,0.086466,0.072566,-0.004787,-0.02766,-0.043085,0.026596,0.014527,0.010132,-0.012029,0.007356,-0.023725,-0.04653,-0.044501,-0.004047,0.02773,0.024425,-0.003304,0.236232,0.196282,-0.752746,-0.982726,0.574714,-0.04653,negative
2022-06-27,2022-06-27,Juventus,Bremer,The Guardian / Gregg Bakowski,Football transfer rumours: Chelsea to sign Matthijs de Ligt from Juventus? ,https://www.theguardian.com/football/2022/jun/27/football-transfer-rumours-chelsea-to-sign-matthijs-de-ligt-from-juventus,0.84,0.686,1,1,0.84,0.84,0.686,0.686,2022-23,in,permanent,0,25.0,Centre-Back,35000000.0,51300000.0,,1.4657,-16300000.0,0.6452,0.5059,0.6681,0.092496,0.18262,0.027252,-0.07964,0.6795,-0.034349,-0.00717,-0.007947,0.009692,-0.007947,neutral,neutral,python_fallback,ok,,2022-06-27,2022-06-27,0,120,0.002296,1.012679,1,1,-0.001064,0.017886,0.067652,0.047991,0.012399,0.201536,0.023317,0.001358,0.015145,-0.018983,-0.102168,-0.080215,-0.026972,0.009258,0.040188,0.045315,-0.003727,-0.037806,-0.028754,-0.019702,-0.000814,-0.037298,-0.035038,-0.024911,-0.007563,-0.009345,-0.006846,-0.018692,0.027713,0.024807,-0.002907,0.196282,0.110872,-0.982726,-0.87931,0.602844,-0.009345,neutral
2022-06-27,2022-06-27,Juventus,Federico Chiesa,The Guardian / Gregg Bakowski,Football transfer rumours: Chelsea to sign Matthijs de Ligt from Juventus? ,https://www.theguardian.com/football/2022/jun/27/football-transfer-rumours-chelsea-to-sign-matthijs-de-ligt-from-juventus,0.84,0.686,1,1,0.84,0.84,0.686,0.686,2022-23,in,permanent,0,24.0,Right Winger,65000000.0,44600000.0,,0.6862,20400000.0,0.8456,0.7619,0.6681,0.092496,0.18262,0.027252,-0.07964,0.6795,-0.034349,-0.00717,-0.007947,0.009692,-0.007947,neutral,neutral,python_fallback,ok,,2022-06-27,2022-06-27,0,120,0.002296,1.012679,1,1,-0.001064,0.017886,0.067652,0.047991,0.012399,0.201536,0.023317,0.001358,0.015145,-0.018983,-0.102168,-0.080215,-0.026972,0.009258,0.040188,0.045315,-0.003727,-0.037806,-0.028754,-0.019702,-0.000814,-0.037298,-0.035038,-0.024911,-0.007563,-0.009345,-0.006846,-0.018692,0.027713,0.024807,-0.002907,0.196282,0.110872,-0.982726,-0.87931,0.602844,-0.009345,neutral
2022-06-27,2022-06-27,Juventus,Matthijs de Ligt,The Guardian / Gregg Bakowski,Football transfer rumours: Chelsea to sign Matthijs de Ligt from Juventus? ,https://www.theguardian.com/football/2022/jun/27/football-transfer-rumours-chelsea-to-sign-matthijs-de-ligt-from-juventus,0.84,0.686,1,1,0.84,0.84,0.686,0.686,2022-23,out,permanent,0,22.0,Centre-Back,70000000.0,67000000.0,,0.9571,3000000.0,0.6604,0.5838,0.6681,0.092496,0.18262,0.027252,-0.07964,0.6795,-0.034349,-0.00717,-0.007947,0.009692,-0.007947,neutral,neutral,python_fallback,ok,,2022-06-27,2022-06-27,0,120,0.002296,1.012679,1,1,-0.001064,0.017886,0.067652,0.047991,0.012399,0.201536,0.023317,0.001358,0.015145,-0.018983,-0.102168,-0.080215,-0.026972,0.009258,0.040188,0.045315,-0.003727,-0.037806,-0.028754,-0.019702,-0.000814,-0.037298,-0.035038,-0.024911,-0.007563,-0.009345,-0.006846,-0.018692,0.027713,0.024807,-0.002907,0.196282,0.110872,-0.982726,-0.87931,0.602844,-0.009345,neutral
2022-06-30,2022-06-30,Juventus,Federico Chiesa,The Guardian / Fabrizio Romano and Andy Hunter,Tottenham seal deal to sign Richarlison from Everton for initial £50m,https://www.theguardian.com/football/2022/jun/30/tottenham-seal-deal-to-sign-richarlison-from-everton-for-initial-50m,0.95,0.9675,1,1,0.95,0.95,0.9675,0.9675,2022-23,in,permanent,0,24.0,Right Winger,65000000.0,44600000.0,,0.6862,20400000.0,0.8456,0.7619,0.8161,-0.009214,0.103865,0.027469,-0.092707,0.5457,-0.009857,0.002656,0.038501,0.004511,0.038501,positive,positive,python_fallback,ok,,2022-06-30,2022-06-30,0,120,0.002598,1.014353,1,1,-0.022982,-0.026624,-0.008677,0.055427,-0.065917,0.12979,-0.012081,-0.012885,0.002065,-0.028477,-0.100889,-0.093498,-0.013326,-0.021493,-0.023782,0.058544,-0.015864,-0.007659,0.019147,-0.08698,-0.021938,-0.051708,-0.012641,-0.058624,0.00107,0.035178,0.015427,-0.055842,0.026994,0.024847,-0.002148,-0.294221,-0.463514,-0.695508,-0.575871,0.710546,0.035178,positive
2022-07-01,2022-07-01,Manchester United,Lisandro Martínez,The Guardian / John Brewin,Football transfer rumours: Lisandro Martínez and Tielemans to Arsenal?,https://www.theguardian.com/football/2022/jul/01/football-transfer-rumours-lisandro-martinez-and-tielemans-to-arsenal,0.84,0.686,1,1,0.84,0.84,0.686,0.686,2022-23,in,permanent,0,24.0,Centre-Back,32000000.0,57370000.0,,1.7928,-25370000.0,0.5966,0.4983,0.6681,-0.033043,-0.144615,0.022934,-0.035248,0.4525,-0.018086,-0.010975,-0.039385,-0.040119,-0.039385,negative,negative,python_fallback,ok,,2022-07-01,2022-07-01,0,120,-0.000568,0.609001,1,1,-0.01331,-0.022847,-0.027972,0.013674,-0.11465,-0.162651,-0.008759,-0.029417,-0.002727,-0.001216,-0.077014,-0.074219,-0.007408,-0.003252,-0.023977,0.021825,-0.005396,-0.024281,-0.054856,-0.008993,0.012155,0.030972,0.018241,0.012012,-0.011593,-0.040626,-0.063528,-0.009252,0.023627,0.014029,-0.009599,-0.95548,-1.090918,-0.565477,-0.948351,0.601416,-0.040626,negative
2022-07-05,2022-07-05,Juventus,Matthijs de Ligt,90min.com | The Guardian / Rob Smyth,Transfer rumours : Barca shock Ronaldo interest ; Martinez wants Premier League move || Football transfer rumours: Cristiano Ronaldo to Barcelona? Really?,https://www.90min.com/posts/transfer-rumours-barca-shock-ronaldo-interest-martinez-wants-premier-league-move | https://www.theguardian.com/football/2022/jul/05/football-transfer-rumours-cristiano-ronaldo-to-barcelona-really,0.5,0.465,2,2,0.84,0.67,0.686,0.5755,2022-23,out,permanent,0,22.0,Centre-Back,70000000.0,67000000.0,,0.9571,3000000.0,0.6604,0.5838,0.7181,-0.028754,0.059849,0.025969,-0.106048,0.5065,0.024903,0.013298,0.024605,-0.070095,0.024605,positive,positive,python_fallback,ok,,2022-07-05,2022-07-05,0,120,0.002293,0.986395,1,1,0.013897,-0.002188,-0.02512,-0.020408,-0.0727,0.036364,-0.000515,-0.022442,-0.026677,-0.029995,-0.131157,-0.115714,0.012112,0.01318,-0.010208,-0.013677,-0.001096,0.058114,-0.04057,-0.008224,-0.019818,0.020146,0.006653,0.016492,0.013582,0.027545,-0.059502,-0.046329,0.024316,0.024838,0.000522,-0.094564,-0.141848,-1.582617,-1.589621,0.473242,0.027545,positive
2022-07-06,2022-07-06,Juventus,Bremer,The Guardian / Fabrizio Romano,Juventus agree deal to make Di María second free signing with Pogba,https://www.theguardian.com/football/2022/jul/06/juventus-agree-deal-angel-di-maria-second-free-signing-with-paul-pogba,0.95,0.7575,1,1,0.95,0.95,0.7575,0.7575,2022-23,in,permanent,0,25.0,Centre-Back,35000000.0,51300000.0,,1.4657,-16300000.0,0.6452,0.5059,0.7426,-0.030465,0.039542,0.025911,-0.146186,0.4756,0.002311,-0.020205,-0.036208,-0.081614,-0.036208,negative,negative,python_fallback,ok,,2022-07-06,2022-07-06,0,120,0.002435,0.984125,1,1,-0.005482,0.003874,-0.030465,-0.016802,-0.072123,0.054038,-0.029938,-0.02766,-0.063165,-0.062656,-0.15025,-0.132811,0.021545,0.023831,0.020719,0.021743,0.027012,0.014884,-0.035832,-0.012679,0.041198,0.041681,0.028061,0.031055,-0.018189,-0.03376,-0.07573,-0.065999,0.024313,0.024833,0.000519,-0.141848,0.070646,-1.589621,-0.925117,0.666153,-0.03376,negative
2022-07-07,2022-07-07,Juventus,Matthijs de Ligt,thehardtackle.com,Transfer News : Chelsea hit roadblock in Matthijs de Ligt pursuit,http://www.thehardtackle.com/transfer-news/2022/07/07/chelsea-hit-roadblock-in-matthijs-de-ligt-pursuit/,0.5,0.465,1,1,0.5,0.5,0.465,0.465,2022-23,out,permanent,0,22.0,Centre-Back,70000000.0,67000000.0,,0.9571,3000000.0,0.6604,0.5838,0.4378,-0.026189,-0.011931,0.023746,-0.147717,0.462,0.003451,0.012222,-0.075065,-0.053309,-0.075065,negative,negative,python_fallback,ok,,2022-07-07,2022-07-07,0,120,0.002599,0.980863,1,1,0.00441,0.012785,-0.003282,-0.011931,-0.060825,0.044126,0.010432,-0.020323,-0.041816,-0.039837,-0.136816,-0.137278,-0.008421,0.024666,0.025002,0.0013,0.059275,-0.039517,-0.083974,-0.031833,0.040772,0.027006,-0.017542,0.013192,0.013576,-0.074157,-0.082806,-0.070006,0.024351,0.025116,0.000765,0.070646,0.855304,-0.925117,0.095276,1.034514,-0.074157,negative
2022-07-12,2022-07-12,Juventus,Bremer,The Guardian / Jacob Steinberg and Ed Aarons in Los Angeles,Chelsea in talks over signing Napoli’s Koulibaly to fix defensive crisis,https://www.theguardian.com/football/2022/jul/12/chelsea-kalidou-koulibaly-napoli-raheem-sterling-signing,0.84,0.896,1,1,0.84,0.84,0.896,0.896,2022-23,in,permanent,0,25.0,Centre-Back,35000000.0,51300000.0,,1.4657,-16300000.0,0.6452,0.5059,0.7816,0.023346,-0.046114,0.025748,-0.119853,0.4961,-0.08073,-0.041655,-0.045093,-0.041613,-0.045093,negative,negative,python_fallback,ok,,2022-07-12,2022-07-12,0,120,0.002969,0.981034,1,1,-0.046114,0.010428,0.00932,-0.016034,0.082305,-0.035621,-0.009461,0.030926,0.010495,-0.016462,-0.015969,-0.130638,-0.039801,-0.026973,-0.014847,-0.028577,-0.049973,-0.065182,-0.017382,-0.03748,-0.013075,-0.029442,0.005935,-0.018917,-0.043077,-0.047952,-0.038817,-0.049646,0.021979,0.021303,-0.000675,0.374796,-1.263549,0.910119,7.155926,4.011494,-0.047952,negative
2022-07-14,2022-07-14,Manchester United,Lisandro Martínez,The Guardian / Fabrizio Romano,Manchester United to sign £42m Martínez and work on De Jong deal,https://www.theguardian.com/football/2022/jul/14/manchester-united-to-seal-42m-lisandro-martinez-deal-after-successful-talks,0.95,0.7575,1,1,0.95,0.95,0.7575,0.7575,2022-23,in,permanent,0,24.0,Centre-Back,32000000.0,57370000.0,,1.7928,-25370000.0,0.5966,0.4983,0.7426,-0.038879,-0.166928,0.020813,-0.079951,0.4221,0.02753,0.028672,0.031872,0.040129,0.031872,positive,positive,python_fallback,ok,,2022-07-14,2022-07-14,0,120,-0.001541,0.583686,1,1,-0.004682,-0.00932,-0.015741,-0.064261,-0.039747,-0.157018,-0.004457,-0.02503,-0.011261,-0.005173,0.013908,-0.085724,-0.000539,0.010339,-0.00126,-0.047274,0.036689,0.049859,0.062088,0.048918,0.016145,0.035486,0.051863,0.07119,0.029999,0.034541,0.040086,0.025069,0.019932,0.028342,0.00841,-1.437784,-0.866047,-1.187099,-0.348721,0.803282,0.034541,positive
2022-07-15,2022-07-15,Juventus,Matthijs de Ligt,The Guardian / Will Unwin,"Football transfer rumours: Koundé in, Zinchenko out at Manchester City?",https://www.theguardian.com/football/2022/jul/15/football-transfer-rumours-kounde-in-zinchenko-out-at-manchester-city,0.84,0.686,1,1,0.84,0.84,0.686,0.686,2022-23,out,permanent,0,22.0,Centre-Back,70000000.0,67000000.0,,0.9571,3000000.0,0.6604,0.5838,0.6681,-0.083974,-0.138358,0.026364,-0.149501,0.3413,0.014893,0.029789,0.023154,0.010399,0.023154,positive,positive,python_fallback,ok,,2022-07-15,2022-07-15,0,120,0.002793,0.960706,1,1,-0.04574,-0.093427,-0.104133,-0.07637,-0.029087,-0.174171,-0.034389,-0.047014,-0.046572,-0.034752,-0.053988,-0.158554,-0.015496,-0.058487,-0.07476,-0.070594,0.065309,0.073098,0.074895,0.074895,0.029921,0.03863,0.032013,0.090055,0.030145,0.023538,0.025999,-0.040804,0.026276,0.015587,-0.010689,-3.087799,-1.813541,0.422267,-0.737147,0.508379,0.023538,positive
2022-07-15,2022-07-15,Manchester United,Lisandro Martínez,dailypost.ng,Transfer : Hutchinson to join Chelsea as details of Man United deal for Martinez revealed,https://dailypost.ng/2022/07/15/transfer-hutchinson-to-join-chelsea-as-details-of-man-uniteds-deal-for-martinez-revealed/,0.5,0.465,1,1,0.5,0.5,0.465,0.465,2022-23,in,permanent,0,24.0,Centre-Back,32000000.0,57370000.0,,1.7928,-25370000.0,0.5966,0.4983,0.4378,-0.001852,-0.14172,0.021047,-0.075794,0.4677,0.034835,0.017906,0.01189,0.010527,0.01189,neutral,neutral,python_fallback,ok,,2022-07-15,2022-07-15,0,120,-0.001483,0.583647,1,1,0.014111,0.02569,-0.006452,-0.043478,-0.003697,-0.155172,-0.002999,-0.016617,-0.02876,-0.00745,0.014697,-0.08271,0.017344,0.039799,0.018414,-0.024488,0.022264,0.034323,0.033395,0.033395,0.010677,0.044724,0.04518,0.089677,0.018904,0.014111,0.016038,-0.000619,0.019624,0.030054,0.01043,-0.866047,-0.153662,-0.348721,-0.817643,0.549516,0.014111,neutral
2022-07-16,2022-07-16,Manchester United,Lisandro Martínez,The Guardian / Jamie Jackson in Melbourne,Lisandro Martínez flies in to complete £42m Manchester United move,https://www.theguardian.com/football/2022/jul/16/lisandro-martinez-flies-in-to-complete-42m-manchester-united-move,0.84,0.686,1,1,0.84,0.84,0.686,0.686,2022-23,in,permanent,0,24.0,Centre-Back,32000000.0,57370000.0,,1.7928,-25370000.0,0.5966,0.4983,0.7481,0.015668,-0.124006,0.021602,-0.075095,0.4898,0.015876,0.00377,0.008583,0.008567,0.008583,neutral,neutral,python_fallback,ok,,2022-07-16,2022-07-18,2,120,-0.001545,0.582733,1,1,0.022264,0.031835,0.027027,-0.008993,0.004558,-0.122611,0.019201,0.011616,-0.009289,0.020547,0.019306,-0.058048,0.012619,0.029483,0.040349,-0.004594,0.012704,0.024501,0.021779,0.014519,0.019034,0.03515,0.026838,0.06613,0.004568,0.010135,0.015383,-0.005695,0.020002,0.030965,0.010963,-0.153662,-0.161252,-0.817643,-0.892399,0.520503,0.010135,neutral
2022-07-17,2022-07-17,Juventus,Bremer,The Guardian / Fabrizio Romano,Bayern Munich agree €80m deal to sign Matthijs de Ligt from Juventus,https://www.theguardian.com/football/2022/jul/17/bayern-munich-agree-80m-deal-to-sign-matthijs-de-ligt-from-juventus,0.95,0.9675,1,1,0.95,0.95,0.9675,0.9675,2022-23,in,permanent,0,25.0,Centre-Back,35000000.0,51300000.0,,1.4657,-16300000.0,0.6452,0.5059,0.8161,-0.076221,-0.125064,0.026929,-0.147887,0.3531,0.019731,0.009467,0.00143,0.000809,0.00143,neutral,neutral,python_fallback,ok,,2022-07-17,2022-07-18,1,120,0.002801,0.968918,1,1,0.031156,-0.016571,-0.10829,-0.043357,-0.021603,-0.111513,0.018439,-0.025738,-0.038624,-0.019761,-0.039286,-0.133819,0.010489,0.000914,-0.087382,-0.049908,0.051133,0.024986,0.041836,0.054619,0.03645,0.012612,0.021497,0.071466,0.009908,0.001675,0.004025,-0.044238,0.026695,0.014552,-0.012143,-1.813541,-0.753727,-0.737147,-0.442289,0.69471,0.001675,neutral
2022-07-17,2022-07-17,Juventus,Matthijs de Ligt,The Guardian / Fabrizio Romano,Bayern Munich agree €80m deal to sign Matthijs de Ligt from Juventus,https://www.theguardian.com/football/2022/jul/17/bayern-munich-agree-80m-deal-to-sign-matthijs-de-ligt-from-juventus,0.95,0.9675,1,1,0.95,0.95,0.9675,0.9675,2022-23,out,permanent,0,22.0,Centre-Back,70000000.0,67000000.0,,0.9571,3000000.0,0.6604,0.5838,0.8161,-0.076221,-0.125064,0.026929,-0.147887,0.3531,0.019731,0.009467,0.00143,0.000809,0.00143,neutral,neutral,python_fallback,ok,,2022-07-17,2022-07-18,1,120,0.002801,0.968918,1,1,0.031156,-0.016571,-0.10829,-0.043357,-0.021603,-0.111513,0.018439,-0.025738,-0.038624,-0.019761,-0.039286,-0.133819,0.010489,0.000914,-0.087382,-0.049908,0.051133,0.024986,0.041836,0.054619,0.03645,0.012612,0.021497,0.071466,0.009908,0.001675,0.004025,-0.044238,0.026695,0.014552,-0.012143,-1.813541,-0.753727,-0.737147,-0.442289,0.69471,0.001675,neutral
2022-07-17,2022-07-17,Manchester United,Lisandro Martínez,90min.com | The Guardian / Jamie Jackson in Melbourne | tsn.ca,Man United agrees $58M fee for Ajax defender Martínez || Manchester United confirm agreement for Lisandro Martinez transfer || Manchester United agree initial £46m transfer fee for Lisandro Martínez,https://www.90min.com/posts/manchester-united-confirm-agreement-lisandro-martinez-transfer | https://www.theguardian.com/football/2022/jul/17/manchester-united-agree-46m-transfer-fee-for-lisandro-martinez | https://www.tsn.ca/man-united-agrees-58m-fee-for-ajax-defender-martinez-1.1826610,0.5,0.465,3,3,0.84,0.6133,0.686,0.6087,2022-23,in,permanent,0,24.0,Centre-Back,32000000.0,57370000.0,,1.7928,-25370000.0,0.5966,0.4983,0.9481,0.015668,-0.124006,0.021602,-0.075095,0.4898,0.015876,0.00377,0.008583,0.008567,0.008583,neutral,neutral,python_fallback,ok,,2022-07-17,2022-07-18,1,120,-0.001545,0.582733,1,1,0.022264,0.031835,0.027027,-0.008993,0.004558,-0.122611,0.019201,0.011616,-0.009289,0.020547,0.019306,-0.058048,0.012619,0.029483,0.040349,-0.004594,0.012704,0.024501,0.021779,0.014519,0.019034,0.03515,0.026838,0.06613,0.004568,0.010135,0.015383,-0.005695,0.020002,0.030965,0.010963,-0.153662,-0.161252,-0.817643,-0.892399,0.520503,0.010135,neutral
2022-07-18,2022-07-18,Juventus,Matthijs de Ligt,pakobserver.net,Bayern Munich sign Matthijs de Ligt - Pakistan Observer,https://pakobserver.net/bayern-munich-sign-matthijs-de-ligt/,0.5,0.465,1,1,0.5,0.5,0.465,0.465,2022-23,out,permanent,0,22.0,Centre-Back,70000000.0,67000000.0,,0.9571,3000000.0,0.6604,0.5838,0.4378,-0.076221,-0.125064,0.026929,-0.147887,0.3531,0.019731,0.009467,0.00143,0.000809,0.00143,neutral,neutral,python_fallback,ok,,2022-07-18,2022-07-18,0,120,0.002801,0.968918,1,1,0.031156,-0.016571,-0.10829,-0.043357,-0.021603,-0.111513,0.018439,-0.025738,-0.038624,-0.019761,-0.039286,-0.133819,0.010489,0.000914,-0.087382,-0.049908,0.051133,0.024986,0.041836,0.054619,0.03645,0.012612,0.021497,0.071466,0.009908,0.001675,0.004025,-0.044238,0.026695,0.014552,-0.012143,-1.813541,-0.753727,-0.737147,-0.442289,0.69471,0.001675,neutral
2022-07-19,2022-07-19,Juventus,Bremer,90min.com | teamtalk.com,Juventus beat Inter to Gleison Bremer signing || Euro Paper Talk : Paratici ponders reviving  old obsession  Nicolo Zaniolo to finish Tottenham business in style,https://www.90min.com/posts/juventus-beat-inter-gleison-bremer-signing | https://www.teamtalk.com/tottenham-hotspur/euro-transfer-gossip-nicolo-zaniolo-fabio-paratici-spurs-leicester-boubakary-soumare-monaco,0.5,0.465,2,2,0.5,0.5,0.465,0.465,2022-23,in,permanent,0,25.0,Centre-Back,35000000.0,51300000.0,,1.4657,-16300000.0,0.6452,0.5059,0.4878,-0.078756,-0.090537,0.027772,-0.131207,0.3725,0.011952,-0.00714,-0.004901,-0.036925,-0.004901,neutral,neutral,python_fallback,ok,,2022-07-19,2022-07-19,0,120,0.002496,0.976656,1,1,0.03312,0.016581,-0.034221,-0.025219,-0.045113,-0.096085,0.011274,-0.005497,-0.0185,-0.008199,-0.037948,-0.138281,0.019613,0.015615,-0.026574,-0.039006,0.007312,0.008999,-0.003375,0.015748,0.008456,0.002031,-0.000425,0.055836,-0.006155,-0.002999,-0.017948,-0.065095,0.024343,0.013075,-0.011268,-0.753727,-0.169085,-0.442289,-0.512364,0.641565,-0.002999,neutral
2022-07-21,2022-07-21,Juventus,Bremer,daijiworld.com,Serie A : Juventus sign Brazilian defender Bremer from Torino,https://www.daijiworld.com/news/newsDisplay?newsID=981186,0.5,0.465,1,1,0.5,0.5,0.465,0.465,2022-23,in,permanent,0,25.0,Centre-Back,35000000.0,51300000.0,,1.4657,-16300000.0,0.6452,0.5059,0.4378,0.023429,-0.052381,0.027684,-0.102158,0.4951,0.004755,0.002156,-0.013757,-0.058178,-0.013757,neutral,neutral,python_fallback,ok,,2022-07-21,2022-07-21,0,120,0.00208,0.98883,1,1,-0.00995,0.040674,0.024014,-0.017014,-0.028742,-0.076804,-0.01604,0.019825,0.002913,0.02041,-0.02024,-0.119198,0.00383,0.01446,0.011486,-0.054261,0.001675,-0.010609,0.014517,0.017867,-0.006371,-0.008806,0.027356,0.060802,0.004065,-0.010024,-0.024668,-0.06339,0.024723,0.013117,-0.011607,-0.439528,-0.84581,-0.101611,0.613173,1.437722,-0.010024,neutral
2022-07-27,2022-07-27,Manchester United,Lisandro Martínez,The Guardian / Guardian sport,Manchester United complete Lisandro Martínez signing for initial £48.3m,https://www.theguardian.com/football/2022/jul/27/manchester-united-complete-lisandro-martinez-signing-ajax,0.84,0.686,1,1,0.84,0.84,0.686,0.686,2022-23,in,permanent,0,24.0,Centre-Back,32000000.0,57370000.0,,1.7928,-25370000.0,0.5966,0.4983,0.7481,0.0,-0.004517,0.018359,0.045717,0.6046,-0.020997,-0.007743,-0.009092,0.021885,-0.009092,neutral,neutral,python_fallback,ok,,2022-07-27,2022-07-27,0,120,-0.000842,0.579011,1,1,-0.021314,-0.023915,-0.012545,0.031835,-0.031634,-0.047537,-0.011543,-0.01948,-0.003973,0.026775,0.005369,0.005176,-0.013789,-0.009976,-0.005756,0.024896,0.011797,0.014519,0.036298,0.156987,0.038607,0.05039,0.059708,0.073753,-0.008448,-0.010662,0.007292,0.120891,0.013238,0.034424,0.021186,0.038061,1.181562,0.323314,-0.095631,0.967154,-0.010662,neutral
2022-08-08,2022-08-08,Manchester United,Antony,"The Guardian / Jamie Jackson, Fabrizio Romano and Jacob Steinberg",Manchester United reach agreement to sign Adrien Rabiot for initial £15m,https://www.theguardian.com/football/2022/aug/08/manchester-united-reach-agreement-to-sign-adrien-rabiot-for-15m-transfer-window,0.95,0.9675,1,1,0.95,0.95,0.9675,0.9675,2022-23,in,permanent,0,22.0,Right Winger,35000000.0,95000000.0,,2.7143,-60000000.0,0.5,0.4167,0.9161,0.032287,-0.005186,0.013738,0.059679,0.6563,-0.015276,-0.005192,0.067167,0.172179,0.067167,positive,positive,python_fallback,ok,,2022-08-08,2022-08-08,0,120,-0.00108,0.594899,1,1,-0.012017,0.029517,0.033214,0.033214,0.072693,0.006119,-0.001626,0.013199,0.003607,0.046334,0.063038,0.092067,-0.00997,0.024956,0.03635,0.017203,-0.010426,0.066898,0.10947,0.152042,-0.005481,0.014976,0.036657,-0.001737,-0.004954,0.067501,0.097068,0.165432,0.013887,0.034911,0.021024,1.607745,1.585708,7.495619,4.41605,3.227307,0.067501,positive
2022-08-17,2022-08-17,Manchester United,Casemiro,"The Guardian / Jacob Steinberg, Jamie Jackson and Fabrizio Romano",Manchester United weigh up loan move for Chelsea’s Christian Pulisic,https://www.theguardian.com/football/2022/aug/17/manchester-united-weigh-up-loan-move-for-chelsea-christian-pulisic,0.95,0.7575,1,1,0.95,0.95,0.7575,0.7575,2022-23,in,permanent,0,30.0,Defensive Midfield,40000000.0,70650000.0,,1.7663,-30650000.0,0.4526,0.3263,0.7426,0.106493,0.183333,0.026864,0.119665,0.7932,0.092357,0.091593,0.067571,0.074696,0.067571,positive,positive,python_fallback,ok,,2022-08-17,2022-08-17,0,120,-0.000959,0.619816,1,1,0.000783,0.040717,0.122037,0.143113,0.145161,0.155515,0.001876,0.023276,0.044325,0.05231,0.093609,0.123665,0.00058,0.029375,0.101074,0.12028,0.087637,0.037559,0.050078,0.051643,-0.004985,-0.038839,-0.038193,-0.081344,0.091463,0.068112,0.081668,0.116697,0.031043,0.029143,-0.0019,2.114881,3.23022,-0.482316,16.432067,15.120712,0.068112,positive
2022-08-19,2022-08-19,Manchester United,Casemiro,"The Guardian / Jamie Jackson, Fabrizio Romano, Will Unwin and agencies | The Guardian / Scott Murray","Manchester United agree Casemiro deal after Ancelotti confirms player exit || The Fiver | Casemiro, Manchester United and crisis-baton rubbernecking",https://www.theguardian.com/football/2022/aug/19/carlo-ancelotti-confirms-casemiro-will-move-to-manchester-united | https://www.theguardian.com/football/2022/aug/19/the-fiver-casemiro-manchester-united-crisis-baton-rubbernecking,0.95,0.9675,2,2,0.95,0.895,0.9675,0.8268,2022-23,in,permanent,0,30.0,Defensive Midfield,40000000.0,70650000.0,,1.7663,-30650000.0,0.4526,0.3263,0.9461,0.090196,0.295433,0.029051,0.09857,0.8134,-0.00662,-0.023092,-0.009341,0.006004,-0.009341,neutral,neutral,python_fallback,ok,,2022-08-19,2022-08-19,0,120,-0.000296,0.692564,1,1,0.016825,0.088489,0.131922,0.193133,0.231178,0.281106,0.00227,-0.003118,0.018176,0.031744,0.071216,0.097657,0.015549,0.090277,0.116196,0.16849,-0.046043,-0.034532,-0.054676,-0.030935,-0.034024,-0.033375,-0.052776,-0.083917,-0.022183,-0.010003,-0.01635,0.03319,0.033825,0.026092,-0.007733,2.817624,2.029045,0.962871,0.009423,1.015732,-0.010003,neutral
2022-08-22,2022-08-22,Manchester United,Casemiro,The Guardian / Andy Hunter at Old Trafford,Casemiro has bewildering glimpse of topsy-turvy life at Manchester United | Andy Hunter,https://www.theguardian.com/football/blog/2022/aug/22/casemiro-bewildering-glimpse-topsy-turvy-life-manchester-united-liverpool,0.84,0.686,1,1,0.84,0.84,0.686,0.686,2022-23,in,permanent,0,30.0,Defensive Midfield,40000000.0,70650000.0,,1.7663,-30650000.0,0.4526,0.3263,0.6681,0.114007,0.301618,0.028897,0.097044,0.8195,-0.009231,-0.002513,0.00109,0.033333,0.00109,neutral,neutral,python_fallback,ok,,2022-08-22,2022-08-22,0,120,-8.3e-05,0.712772,1,1,-0.015827,0.070423,0.067083,0.188532,0.228007,0.27493,-0.0129,-0.01782,-0.012072,0.020093,0.067359,0.084398,-0.00655,0.083623,0.076505,0.169948,-0.019737,-0.008041,-0.044591,0.056287,-0.02359,-0.006943,-0.046795,-0.075746,-0.002375,-0.002409,-0.010494,0.114902,0.03392,0.025813,-0.008107,2.029045,1.314127,0.009423,-0.12743,0.797059,-0.002409,neutral
2022-08-26,2022-08-26,Manchester United,Antony,The Guardian / Gregg Bakowski,Football transfer rumours: Asensio to Manchester United? Maupay to Everton?,https://www.theguardian.com/football/2022/aug/26/football-transfer-rumours-asensio-to-manchester-united-maupay-to-everton,0.84,0.686,1,1,0.84,0.84,0.686,0.686,2022-23,in,permanent,0,22.0,Right Winger,35000000.0,95000000.0,,2.7143,-60000000.0,0.5,0.4167,0.6681,-0.007315,0.231397,0.029585,0.086965,0.6899,-0.006762,-0.008475,0.033279,0.112571,0.033279,positive,positive,python_fallback,ok,,2022-08-26,2022-08-26,0,120,0.000694,0.708286,1,1,0.011177,0.023379,-0.023741,0.105049,0.21704,0.258813,0.014092,0.014773,-0.019754,-0.001937,0.031109,0.107836,0.000502,0.01069,-0.012933,0.098026,-0.036846,-0.00958,-0.007369,0.11717,-0.04013,-0.058136,-0.065457,-0.021126,-0.009821,0.030249,0.03659,0.122092,0.034059,0.02752,-0.006539,1.255613,0.694691,-0.434952,-0.4617,0.310281,0.030249,positive
2022-08-26,2022-08-26,Manchester United,Casemiro,The Guardian / Gregg Bakowski,Football transfer rumours: Asensio to Manchester United? Maupay to Everton?,https://www.theguardian.com/football/2022/aug/26/football-transfer-rumours-asensio-to-manchester-united-maupay-to-everton,0.84,0.686,1,1,0.84,0.84,0.686,0.686,2022-23,in,permanent,0,30.0,Defensive Midfield,40000000.0,70650000.0,,1.7663,-30650000.0,0.4526,0.3263,0.6681,-0.007315,0.231397,0.029585,0.086965,0.6899,-0.006762,-0.008475,0.033279,0.112571,0.033279,positive,positive,python_fallback,ok,,2022-08-26,2022-08-26,0,120,0.000694,0.708286,1,1,0.011177,0.023379,-0.023741,0.105049,0.21704,0.258813,0.014092,0.014773,-0.019754,-0.001937,0.031109,0.107836,0.000502,0.01069,-0.012933,0.098026,-0.036846,-0.00958,-0.007369,0.11717,-0.04013,-0.058136,-0.065457,-0.021126,-0.009821,0.030249,0.03659,0.122092,0.034059,0.02752,-0.006539,1.255613,0.694691,-0.434952,-0.4617,0.310281,0.030249,positive
2022-08-29,2022-08-29,Manchester United,Antony,The Guardian / Fabrizio Romano,Manchester United agree loan deal for Dubravka as Antony completes medical,https://www.theguardian.com/football/2022/aug/29/manchester-united-agree-deal-to-sign-martin-dubravka-from-newcastle,0.95,0.9675,1,1,0.95,0.95,0.9675,0.9675,2022-23,in,permanent,0,22.0,Right Winger,35000000.0,95000000.0,,2.7143,-60000000.0,0.5,0.4167,0.9961,-0.054676,0.192377,0.03042,0.059206,0.613,0.01363,0.021223,0.036188,0.103222,0.036188,positive,positive,python_fallback,ok,,2022-08-29,2022-08-29,0,120,0.000518,0.712599,1,1,-0.031687,-0.020134,-0.039474,0.024961,0.179533,0.192377,-0.033688,-0.017214,-0.040398,-0.051982,-0.017585,0.050347,-0.0082,-0.009433,-0.013015,0.060482,0.008371,0.019787,0.099696,0.104262,-0.017621,-0.02238,-0.036836,-0.030799,0.020017,0.033779,0.12129,0.119732,0.035212,0.026753,-0.008459,0.694691,0.541484,-0.4617,-0.327922,0.511223,0.033779,positive
2022-08-30,2022-08-30,Manchester United,Antony,The Guardian / Jamie Jackson,Manchester United reach agreement on €100m deal to sign Antony,https://www.theguardian.com/football/2022/aug/30/manchester-united-reach-agreement-on-100m-deal-to-sign-antony,0.84,0.896,1,1,0.84,0.84,0.896,0.896,2022-23,in,permanent,0,22.0,Right Winger,35000000.0,95000000.0,,2.7143,-60000000.0,0.5,0.4167,0.8416,-0.044591,0.171147,0.030472,0.023858,0.594,0.04138,0.041817,0.049863,0.096179,0.049863,positive,positive,python_fallback,ok,,2022-08-30,2022-08-30,0,120,0.000686,0.705235,1,1,-0.005327,-0.026081,-0.014329,0.023493,0.169052,0.186025,-0.006666,-0.026604,-0.02595,-0.062025,-0.021371,0.052145,-0.001312,-0.009375,0.000831,0.064489,0.028309,0.030604,0.114002,0.123183,-0.018759,-0.026386,-0.012589,-0.020989,0.040029,0.046362,0.115309,0.127617,0.035333,0.026803,-0.00853,0.541484,0.67025,-0.327922,-0.459397,0.325025,0.046362,positive
2022-09-01,2022-09-01,Manchester United,Antony,The Guardian / Jamie Jackson,Antony seals €100m Manchester United move as Dubrakva joins on loan,https://www.theguardian.com/football/2022/sep/01/antony-completes-manchester-united-move-ajax,0.84,0.686,1,1,0.84,0.84,0.686,0.686,2022-23,in,permanent,0,22.0,Right Winger,35000000.0,95000000.0,,2.7143,-60000000.0,0.5,0.4167,0.6681,0.002237,0.190434,0.03049,-0.01099,0.6267,0.025905,0.006605,0.075826,0.080035,0.075826,positive,positive,python_fallback,ok,,2022-09-01,2022-09-01,0,120,0.000869,0.708495,1,1,0.01434,0.022831,0.00149,-0.016825,0.176883,0.205381,-0.007817,-0.0253,-0.044864,-0.074646,-0.048174,-0.001237,0.019009,0.038253,0.029889,0.030112,0.002232,0.083333,0.073661,0.052827,-0.007772,0.006288,0.02841,-0.02065,0.005994,0.07453,0.048393,0.060905,0.035205,0.026583,-0.008622,0.825738,0.695009,0.020332,-0.307191,0.568119,0.07453,positive
2023-06-07,2023-06-07,Borussia Dortmund,Jude Bellingham,The Guardian / Fabrizio Romano | wsnewspublishers.com,Real Madrid Signs English Player Jude Bellingham from Borussia Dortmund for Record - Breaking 103 Million Euros Plus Bonuses || Real Madrid seal initial €103m deal to buy Jude Bellingham from Dortmund,https://wsnewspublishers.com/real-madrid-signs-english-player-jude-bellingham-from-borussia-dortmund-for-record-breaking-103-million-euros-plus-bonuses/ | https://www.theguardian.com/football/2023/jun/07/real-madrid-jude-bellingham-seal-initial-100m-deal-borussia-dortmund,0.5,0.465,2,2,0.95,0.725,0.9675,0.7163,2023-24,out,permanent,0,20.0,Attacking Midfield,120000000.0,127000000.0,,1.0583,-7000000.0,0.6831,0.6103,0.8661,0.006993,-0.021518,0.064239,0.00758,0.4185,0.014634,0.016197,0.014861,0.016057,0.014861,neutral,neutral,python_fallback,ok,,2023-06-07,2023-06-07,0,120,0.001164,0.91978,1,1,0.003484,0.023697,0.04222,-0.25,-0.062907,-0.0,0.001788,0.008754,0.005251,-0.009931,0.002316,0.0081,0.000675,0.01199,0.030858,-0.244504,0.023148,0.034722,0.076389,0.00463,-0.000155,0.006592,0.019906,0.001919,0.020874,0.023843,0.04927,-0.008488,0.075687,0.015494,-0.060194,-0.688814,-0.62238,-0.664875,-0.101577,0.887737,0.023843,positive
2023-06-08,2023-06-08,Borussia Dortmund,Jude Bellingham,The Guardian / Sid Lowe in Madrid,Jude Bellingham is 19 years old but ready to be Real Madrid’s everything | Sid Lowe,https://www.theguardian.com/football/2023/jun/08/football-jude-bellingham-real-madrid-england-dortmund,0.84,0.686,1,1,0.84,0.84,0.686,0.686,2023-24,out,permanent,0,20.0,Attacking Midfield,120000000.0,127000000.0,,1.0583,-7000000.0,0.6831,0.6103,0.6681,0.047045,-0.015873,0.06424,0.010435,0.4577,0.035965,0.033268,0.024825,-0.012963,0.024825,positive,positive,python_fallback,ok,,2023-06-08,2023-06-08,0,120,0.001165,0.906877,1,1,0.00463,0.010477,0.050847,-0.246528,-0.049288,-0.016987,-0.001993,-0.005649,0.018931,0.007476,0.004047,0.005571,0.005272,0.012067,0.02702,-0.255644,0.040323,0.054147,0.06682,0.016129,-0.000672,0.016924,0.020648,0.001729,0.038201,0.033495,0.03993,0.003198,0.07566,0.015596,-0.060064,-0.62238,-0.462091,-0.101577,-0.447533,0.526045,0.033495,positive
2023-06-14,2023-06-14,Borussia Dortmund,Jude Bellingham,The Guardian / David Tindall | bignewsnetwork.com,Real Madrid confirm signing of England midfielder Bellingham || Real Madrid complete signing of Jude Bellingham from Borussia Dortmund,https://www.bignewsnetwork.com/news/273865222/real-madrid-confirm-signing-of-england-midfielder-bellingham | https://www.theguardian.com/football/2023/jun/14/real-madrid-confirm-signing-of-jude-bellingham-from-borussia-dortmund,0.5,0.465,2,2,0.84,0.67,0.686,0.5755,2023-24,out,permanent,0,20.0,Attacking Midfield,120000000.0,127000000.0,,1.0583,-7000000.0,0.6831,0.6103,0.8781,0.062718,0.079009,0.063684,0.02628,0.5262,0.021127,0.00639,-0.027869,-0.033496,-0.027869,negative,negative,python_fallback,ok,,2023-06-14,2023-06-14,0,120,0.001358,0.927953,1,1,0.02349,0.035068,0.059028,0.103739,0.026936,0.061485,0.00825,0.015054,0.014897,0.020226,0.02093,0.03203,0.014477,0.017004,0.037492,0.067338,0.012022,-0.025137,-0.051366,-0.046994,0.003662,-0.001816,-0.012787,-0.017355,0.005973,-0.028628,-0.048124,-0.045527,0.075616,0.013516,-0.0621,-0.190111,-0.073211,-0.693525,-0.505318,0.517148,-0.028628,negative
2023-06-15,2023-06-15,Borussia Dortmund,Jude Bellingham,The Guardian / Sid Lowe in Madrid | hypebeast.com,Real Madrid Complete Transfer of Jude Bellingham || Jude Bellingham makes pitch-perfect start to epic adventure at Real Madrid | Sid Lowe,https://hypebeast.com/2023/6/real-madrid-signs-jude-bellingham-borussia-dortmund | https://www.theguardian.com/football/2023/jun/15/jude-bellingham-makes-pitch-perfect-start-to-epic-adventure-at-real-madrid,0.5,0.465,2,2,0.84,0.67,0.686,0.5755,2023-24,out,permanent,0,20.0,Attacking Midfield,120000000.0,127000000.0,,1.0583,-7000000.0,0.6831,0.6103,0.7981,0.076389,0.088993,0.063718,0.036643,0.548,-0.004968,-0.01572,-0.057203,-0.06083,-0.057203,negative,negative,python_fallback,ok,,2023-06-15,2023-06-15,0,120,0.001224,0.975043,1,1,0.016394,0.0299,0.071429,0.125908,0.033333,0.096698,0.004936,0.02263,0.021943,0.04129,0.022537,0.031345,0.010357,0.004338,0.042467,0.067903,-0.010753,-0.062366,-0.051613,-0.063441,0.002872,-0.012229,-0.01978,-0.022321,-0.016034,-0.056604,-0.040045,-0.055831,0.075651,0.012976,-0.062675,-0.073211,-0.120351,-0.505318,-0.865793,0.199006,-0.056604,negative
2023-06-22,2023-06-22,Borussia Dortmund,Jude Bellingham,The Guardian / Daniel Gallan,Football transfer rumours: Newcastle to sign Rúben Neves and Sadio Mané?,https://www.theguardian.com/football/2023/jun/22/football-transfer-rumours-newcastle-ruben-neves-sadio-mane,0.84,0.686,1,1,0.84,0.84,0.686,0.686,2023-24,out,permanent,0,20.0,Attacking Midfield,120000000.0,127000000.0,,1.0583,-7000000.0,0.6831,0.6103,0.6681,-0.051366,-0.026906,0.063559,0.011886,0.3693,0.013646,0.01412,-0.010089,-0.02435,-0.010089,neutral,neutral,python_fallback,ok,,2023-06-22,2023-06-22,0,120,0.001515,0.954663,1,1,-0.004587,-0.056522,-0.066667,-0.0,-0.246528,-0.049288,-0.005474,-0.020449,-0.017636,0.00392,0.011425,0.007983,-0.000876,-0.042337,-0.058894,-0.017437,0.004608,-0.016129,0.003456,-0.019585,-0.012057,-0.011001,-0.004769,-0.030867,0.013292,-0.011477,-0.000593,-0.006137,0.061716,0.01121,-0.050506,-0.509753,-0.276065,-0.791422,-0.694224,0.229382,-0.011477,neutral
2023-06-22,2023-06-22,Manchester United,Mason Mount,The Guardian / Jacob Steinberg,Manchester United confident of Mason Mount deal despite Chelsea knockbacks,https://www.theguardian.com/football/2023/jun/22/manchester-united-confident-mason-mount-deal-chelsea,0.84,0.686,1,1,0.84,0.84,0.686,0.686,2023-24,in,permanent,0,24.0,Attacking Midfield,60000000.0,67700000.0,,1.1283,-7700000.0,0.7461,0.5796,0.6681,0.130154,0.132404,0.042627,0.059847,0.7032,0.00683,-0.005201,0.057406,0.074949,0.057406,positive,positive,python_fallback,ok,,2023-06-22,2023-06-22,0,120,0.001112,0.222063,1,1,0.011111,-0.083031,-0.00655,0.235741,0.1619,0.215278,-0.005245,-0.013591,-0.00076,0.019104,0.041277,0.054994,0.011164,-0.084573,-0.007234,0.212315,-0.006593,0.054945,0.08,0.066374,-0.003976,0.002914,0.007044,0.007619,-0.007638,0.051354,0.072988,0.054635,0.043919,0.028968,-0.014951,1.318575,1.353336,-0.33875,-0.304006,0.655489,0.051354,positive
2023-06-23,2023-06-23,Manchester United,Mason Mount,The Guardian / Jacob Steinberg,Manchester United have third bid for Mason Mount rejected by Chelsea,https://www.theguardian.com/football/2023/jun/23/manchester-united-mason-mount-third-bid-chelsea,0.84,0.686,1,1,0.84,0.84,0.686,0.686,2023-24,in,permanent,0,24.0,Attacking Midfield,60000000.0,67700000.0,,1.1283,-7700000.0,0.7461,0.5796,0.6681,0.00786,0.136946,0.042651,0.059031,0.5976,-0.016181,-0.030426,0.089178,0.061678,0.089178,positive,positive,python_fallback,ok,,2023-06-23,2023-06-23,0,120,0.000982,0.221993,1,1,0.014505,-0.024101,-0.006029,0.218585,0.203337,0.14883,0.003711,-0.006282,0.002127,0.0268,0.057003,0.06378,0.0127,-0.024563,-0.006694,0.197662,-0.031629,0.088388,0.056326,0.004333,-0.012111,-0.001148,0.01563,0.006308,-0.031126,0.084938,0.04963,-0.002669,0.043427,0.028873,-0.014554,1.353336,0.993962,-0.304006,-0.396336,0.559482,0.084938,positive
2023-06-28,2023-06-28,Manchester United,Mason Mount,The Guardian / Jacob Steinberg,Chelsea close on Caicedo and keen to sell Mount to Manchester United,https://www.theguardian.com/football/2023/jun/28/callum-hudson-odoi-chelsea-milan-fulham-nottingham-forest-target,0.84,0.686,1,1,0.84,0.84,0.686,0.686,2023-24,in,permanent,0,24.0,Attacking Midfield,60000000.0,67700000.0,,1.1283,-7700000.0,0.7461,0.5796,0.6681,0.014799,0.27321,0.039989,0.058538,0.6774,0.096448,0.024414,0.015954,-0.03223,0.015954,neutral,neutral,python_fallback,ok,,2023-06-28,2023-06-28,0,120,0.000475,0.276649,1,1,0.073825,0.039861,0.066667,0.19225,0.265156,0.323773,0.011456,-0.000794,-0.002347,0.009099,0.041128,0.06167,0.070182,0.040733,0.065825,0.184938,0.02375,0.017083,0.012917,-0.04375,0.004118,0.017627,0.007578,0.030063,0.022683,0.011513,0.009216,-0.055632,0.045713,0.023956,-0.021757,1.473441,1.816275,-0.094259,0.51281,1.522556,0.011513,neutral
2023-06-29,2023-06-29,Manchester United,Mason Mount,The Guardian / Jacob Steinberg,Mason Mount to join Manchester United from Chelsea in £60m deal,https://www.theguardian.com/football/2023/jun/29/mason-mount-set-to-join-manchester-united-from-chelsea-for-60m,0.84,0.686,1,1,0.84,0.84,0.686,0.686,2023-24,in,permanent,0,24.0,Attacking Midfield,60000000.0,67700000.0,,1.1283,-7700000.0,0.7461,0.5796,0.6681,0.116444,0.324196,0.040565,0.064955,0.7614,0.010065,-0.035569,-0.034336,-0.109676,-0.034336,negative,negative,python_fallback,ok,,2023-06-29,2023-06-29,0,120,0.000325,0.283794,1,1,0.046667,0.111504,0.104176,0.096943,0.344754,0.332626,-0.000354,0.006561,0.002559,0.001797,0.040742,0.058163,0.046443,0.106579,0.100759,0.097501,-0.029459,-0.026274,-0.034236,-0.08758,0.016797,0.015984,0.005047,0.029373,-0.035029,-0.032173,-0.037949,-0.101979,0.045801,0.021053,-0.024748,1.816275,1.368687,0.51281,-0.300303,0.708293,-0.032173,negative
2023-07-04,2023-07-04,Manchester United,Mason Mount,dostor.org,ماونت يجتاز الفحص الطبي قبل الانتقال لمانشستر يونايتد,https://www.dostor.org/4440158,0.5,0.465,1,1,0.5,0.5,0.465,0.465,2023-24,in,permanent,0,24.0,Attacking Midfield,60000000.0,67700000.0,,1.1283,-7700000.0,0.7461,0.5796,0.4378,0.080088,0.303953,0.04075,0.062884,0.7486,-0.003397,-0.003432,-0.051701,-0.07177,-0.051701,negative,negative,python_fallback,ok,,2023-07-04,2023-07-05,1,120,0.000168,0.241265,1,1,0.001231,-0.028264,0.09217,0.032135,0.297024,0.295648,0.001171,0.017988,0.029285,0.010432,0.040449,0.061348,0.00078,-0.033224,0.084253,0.032985,-0.004097,-0.050389,-0.061041,-0.095862,-0.009875,-0.010338,0.003719,0.024717,-0.002035,-0.048835,-0.063664,-0.104503,0.04517,0.028021,-0.017149,1.057997,0.982374,-0.779323,-0.277146,0.7215,-0.048835,negative
2023-07-05,2023-07-05,Manchester United,André Onana,The Guardian / Jamie Jackson and Fabrizio Romano,Manchester United sign Mason Mount for £55m and set sights on André Onana,https://www.theguardian.com/football/2023/jul/05/manchester-united-confirm-mason-mount-signing-chelsea-55m,0.95,0.7575,1,1,0.95,0.95,0.7575,0.7575,2023-24,in,permanent,0,27.0,Goalkeeper,35000000.0,50200000.0,,1.4343,-15200000.0,0.6023,0.4511,0.7426,0.080088,0.303953,0.04075,0.062884,0.7486,-0.003397,-0.003432,-0.051701,-0.07177,-0.051701,negative,negative,python_fallback,ok,,2023-07-05,2023-07-05,0,120,0.000168,0.241265,1,1,0.001231,-0.028264,0.09217,0.032135,0.297024,0.295648,0.001171,0.017988,0.029285,0.010432,0.040449,0.061348,0.00078,-0.033224,0.084253,0.032985,-0.004097,-0.050389,-0.061041,-0.095862,-0.009875,-0.010338,0.003719,0.024717,-0.002035,-0.048835,-0.063664,-0.104503,0.04517,0.028021,-0.017149,1.057997,0.982374,-0.779323,-0.277146,0.7215,-0.048835,negative
2023-07-05,2023-07-05,Manchester United,Mason Mount,The Guardian / Jamie Jackson and Fabrizio Romano | economictimes.indiatimes.com | the42.ie,Mason Mount completes Manchester United move on five - year contract || Mason Mount : Mason Mount reveals reason behind joining Manchester United . Here what it is || Manchester United sign Mason Mount for £55m and set sights on André Onana,https://economictimes.indiatimes.com/news/international/us/mason-mount-reveals-reason-behind-joining-manchester-united-heres-what-it-is/articleshow/101523261.cms | https://www.the42.ie/mason-mount-to-man-united-6110189-Jul2023/ | https://www.theguardian.com/football/2023/jul/05/manchester-united-confirm-mason-mount-signing-chelsea-55m,0.5,0.465,3,3,0.95,0.65,0.7575,0.5625,2023-24,in,permanent,0,24.0,Attacking Midfield,60000000.0,67700000.0,,1.1283,-7700000.0,0.7461,0.5796,0.9226,0.080088,0.303953,0.04075,0.062884,0.7486,-0.003397,-0.003432,-0.051701,-0.07177,-0.051701,negative,negative,python_fallback,ok,,2023-07-05,2023-07-05,0,120,0.000168,0.241265,1,1,0.001231,-0.028264,0.09217,0.032135,0.297024,0.295648,0.001171,0.017988,0.029285,0.010432,0.040449,0.061348,0.00078,-0.033224,0.084253,0.032985,-0.004097,-0.050389,-0.061041,-0.095862,-0.009875,-0.010338,0.003719,0.024717,-0.002035,-0.048835,-0.063664,-0.104503,0.04517,0.028021,-0.017149,1.057997,0.982374,-0.779323,-0.277146,0.7215,-0.048835,negative
2023-07-07,2023-07-07,Manchester United,André Onana,The Guardian / Jacob Steinberg,Manchester United close on André Onana deal and target Rasmus Højlund,https://www.theguardian.com/football/2023/jul/07/manchester-united-close-on-andre-onana-deal-and-target-rasmus-hjlund,0.84,0.686,1,1,0.84,0.84,0.686,0.686,2023-24,in,permanent,0,27.0,Goalkeeper,35000000.0,50200000.0,,1.4343,-15200000.0,0.6023,0.4511,0.6681,0.012917,0.267466,0.039927,0.064167,0.6761,-0.051302,-0.047093,-0.062837,-0.037933,-0.062837,negative,negative,python_fallback,ok,,2023-07-07,2023-07-07,0,120,0.001119,0.281642,1,1,-0.006132,-0.002871,-0.032245,0.068571,0.320478,0.241573,-0.007923,-0.008716,0.007935,0.010514,0.029819,0.052225,-0.00502,-0.003753,-0.040334,0.056461,-0.046483,-0.057178,-0.057178,-0.110654,-0.000467,0.01373,0.021269,0.028278,-0.048682,-0.065983,-0.070316,-0.133308,0.043753,0.028274,-0.01548,0.835554,0.738953,-0.544774,-0.666451,0.347963,-0.065983,negative
2023-07-07,2023-07-07,Manchester United,Rasmus Højlund,The Guardian / Jacob Steinberg,Manchester United close on André Onana deal and target Rasmus Højlund,https://www.theguardian.com/football/2023/jul/07/manchester-united-close-on-andre-onana-deal-and-target-rasmus-hjlund,0.84,0.686,1,1,0.84,0.84,0.686,0.686,2023-24,in,permanent,0,20.0,Centre-Forward,45000000.0,77800000.0,,1.7289,-32800000.0,0.511,0.3888,0.6681,0.012917,0.267466,0.039927,0.064167,0.6761,-0.051302,-0.047093,-0.062837,-0.037933,-0.062837,negative,negative,python_fallback,ok,,2023-07-07,2023-07-07,0,120,0.001119,0.281642,1,1,-0.006132,-0.002871,-0.032245,0.068571,0.320478,0.241573,-0.007923,-0.008716,0.007935,0.010514,0.029819,0.052225,-0.00502,-0.003753,-0.040334,0.056461,-0.046483,-0.057178,-0.057178,-0.110654,-0.000467,0.01373,0.021269,0.028278,-0.048682,-0.065983,-0.070316,-0.133308,0.043753,0.028274,-0.01548,0.835554,0.738953,-0.544774,-0.666451,0.347963,-0.065983,negative
2023-07-14,2023-07-14,Manchester United,André Onana,caughtoffside.com | dailypost.ng,Transfer news : Andre Onana move to Man United is now imminent || Transfer : Fabrizio Romano gives update on Man Utd pursuit of Onana,https://dailypost.ng/2023/07/14/transfer-fabrizio-romano-gives-update-on-man-utd-pursuit-of-onana/ | https://www.caughtoffside.com/2023/07/14/transfer-news-onana-to-man-united-is-imminent-saudi-clubs-pushing-for-liverpool-stars-latest-on-lukakus-future-and-more/,0.5,0.465,2,2,0.95,0.725,0.7575,0.6112,2023-24,in,permanent,0,27.0,Goalkeeper,35000000.0,50200000.0,,1.4343,-15200000.0,0.6023,0.4511,0.7926,-0.061733,0.187888,0.040476,0.079001,0.5784,0.025313,0.027508,-0.044233,-0.037448,-0.044233,negative,negative,python_fallback,ok,,2023-07-14,2023-07-14,0,120,0.001098,0.222821,1,1,0.001309,-0.009922,-0.055944,-0.086385,0.002183,0.228587,0.00847,0.022794,0.022316,0.030428,0.03228,0.07241,-0.001676,-0.018104,-0.066772,-0.106532,0.030501,-0.038344,-0.057952,-0.018736,0.002827,0.012346,0.005831,0.016006,0.027716,-0.043427,-0.064662,-0.030861,0.032337,0.042933,0.010596,-0.774161,-0.814147,-0.692712,-0.572778,0.394532,-0.043427,negative
2023-07-17,2023-07-17,Manchester United,André Onana,The Guardian / Fabrizio Romano | thepeoplesperson.com,Fabrizio Romano reveals when Andre Onana will arrive at Man United to seal his move - Man United News And Transfer News || Manchester United turn attention to Højlund after sealing €50m Onana deal,https://thepeoplesperson.com/2023/07/17/fabrizio-romano-reveals-when-andre-onana-will-arrive-at-man-united-to-seal-his-move-266757/ | https://www.theguardian.com/football/2023/jul/17/manchester-united-andre-onana-rasmus-hojlund,0.95,0.7575,2,2,0.95,0.95,0.7575,0.7575,2023-24,in,permanent,0,27.0,Goalkeeper,35000000.0,50200000.0,,1.4343,-15200000.0,0.6023,0.4511,0.7926,-0.057178,0.233585,0.03961,0.067377,0.6013,0.024344,0.02648,-0.046435,-0.037539,-0.046435,negative,negative,python_fallback,ok,,2023-07-17,2023-07-17,0,120,0.001134,0.225728,1,1,-0.001307,0.007473,-0.055235,-0.067155,-0.01292,0.186335,-0.001024,0.014903,0.024203,0.024788,0.030378,0.077895,-0.00221,0.000719,-0.066681,-0.085148,0.031414,-0.042321,-0.028796,-0.033159,0.011,0.006537,0.010925,0.018542,0.026683,-0.046442,-0.035125,-0.046541,0.032193,0.042932,0.01074,-0.814147,0.0598,-0.572778,-0.112986,0.87462,-0.046442,negative
2023-07-18,2023-07-18,Manchester United,André Onana,The Guardian / Jamie Jackson,André Onana: bold risk-taker is a brave signing for Manchester United,https://www.theguardian.com/football/2023/jul/18/andre-onana-manchester-united-risk-taker-bold-signing-passing,0.84,0.686,1,1,0.84,0.84,0.686,0.686,2023-24,in,permanent,0,27.0,Goalkeeper,35000000.0,50200000.0,,1.4343,-15200000.0,0.6023,0.4511,0.6681,-0.025144,0.256642,0.03984,0.056142,0.6338,-0.040572,-0.070683,-0.091671,-0.077073,-0.091671,negative,negative,python_fallback,ok,,2023-07-18,2023-07-18,0,120,0.000701,0.215902,1,1,0.03185,0.03185,0.020276,-0.029943,-0.046755,0.272874,0.003855,0.011321,0.025685,0.016271,0.021905,0.071492,0.030317,0.027309,0.011773,-0.039178,-0.066808,-0.085835,-0.05666,-0.14334,0.009492,0.002996,0.009877,0.011926,-0.070283,-0.090768,-0.0618,-0.157781,0.029134,0.044104,0.01497,0.0598,0.12201,-0.112986,-0.740633,0.624221,-0.090768,negative
2023-07-20,2023-07-20,Manchester United,André Onana,The Guardian / Jamie Jackson in New York,Manchester United confirm Onana signing and make Fernandes captain,https://www.theguardian.com/football/2023/jul/20/bruno-fernandes-confirmed-as-manchester-uniteds-new-captain,0.84,0.686,1,1,0.84,0.84,0.686,0.686,2023-24,in,permanent,0,27.0,Goalkeeper,35000000.0,50200000.0,,1.4343,-15200000.0,0.6023,0.4511,0.7481,-0.02989,0.198805,0.041144,0.065798,0.6025,-0.089424,-0.021362,0.006727,-0.005144,0.006727,neutral,neutral,python_fallback,ok,,2023-07-20,2023-07-20,0,120,0.000559,0.218799,1,1,-0.066413,-0.037086,-0.037086,-0.097711,-0.019111,0.222715,0.002358,0.013384,0.020921,0.026738,0.040333,0.068307,-0.067488,-0.039579,-0.042324,-0.110166,-0.02039,0.010874,-0.002719,-0.088355,-0.006435,0.000381,-0.006201,-0.01398,-0.020182,0.00905,-0.004096,-0.090505,0.029076,0.042035,0.012959,-1.802712,-1.850497,1.789186,-0.871358,0.554286,0.00905,neutral
2023-07-26,2023-07-26,Manchester United,Rasmus Højlund,The Guardian / Fabrizio Romano,Manchester United make offer worth up to £51.4m for Atalanta’s Rasmus Højlund,https://www.theguardian.com/football/2023/jul/26/manchester-united-make-offer-worth-up-to-514m-for-atalantas-rasmus-hjlund,0.95,0.7575,1,1,0.95,0.95,0.7575,0.7575,2023-24,in,permanent,0,20.0,Centre-Forward,45000000.0,77800000.0,,1.7289,-32800000.0,0.511,0.3888,0.7426,-0.05666,0.108296,0.039775,0.05267,0.5346,-0.012261,-0.013342,-0.009636,-0.081728,-0.009636,neutral,neutral,python_fallback,ok,,2023-07-26,2023-07-26,0,120,0.000916,0.233034,1,1,0.002246,0.016401,-0.056261,-0.019341,-0.00179,0.152376,0.002815,0.007186,0.00274,0.028879,0.055128,0.062482,0.000675,0.012396,-0.060261,-0.031957,-0.013447,-0.006723,-0.082922,0.028687,-0.006579,0.004707,-0.011838,-0.021839,-0.013766,-0.011056,-0.08491,0.037754,0.029291,0.042414,0.013122,-1.077084,-1.112688,-0.890347,-0.731953,0.572889,-0.011056,neutral
2023-07-27,2023-07-27,Manchester United,Rasmus Højlund,The Guardian / Jamie Jackson in Houston,Manchester United confident of signing Rasmus Højlund before season starts,https://www.theguardian.com/football/2023/jul/27/manchester-united-confident-signing-rasmus-hojlund-before-season-starts-atalanta,0.84,0.686,1,1,0.84,0.84,0.686,0.686,2023-24,in,permanent,0,20.0,Centre-Forward,45000000.0,77800000.0,,1.7289,-32800000.0,0.511,0.3888,0.6681,-0.057953,-0.027511,0.030784,0.04526,0.498,0.007305,0.009623,-0.092959,0.063254,-0.092959,negative,negative,python_fallback,ok,,2023-07-27,2023-07-27,0,120,9.8e-05,0.227919,1,1,-0.001793,0.030065,0.009062,-0.028359,-0.072083,0.106309,-0.000155,0.006704,0.000226,0.021151,0.043016,0.052506,-0.001856,0.028236,0.009034,-0.031176,0.011226,-0.090256,-0.096542,0.025595,0.00339,0.002185,-0.014203,-0.021442,0.010513,-0.091136,-0.094343,0.043543,0.023956,0.045275,0.021319,-1.112688,-1.263195,-0.731953,-1.087106,0.343475,-0.091136,negative
2023-07-28,2023-07-28,Manchester United,Rasmus Højlund,caughtoffside.com,Transfer news : Key day in the Harry Kane / Bayern Munich saga,https://www.caughtoffside.com/2023/07/28/transfer-news-man-united-and-psg-pushing-for-talented-striker-key-day-for-kane-bayern-munich-saga-good-chance-arsenal-star-will-now-stay-and-more/,0.5,0.465,1,1,0.5,0.5,0.465,0.465,2023-24,in,permanent,0,20.0,Centre-Forward,45000000.0,77800000.0,,1.7289,-32800000.0,0.511,0.3888,0.4378,-0.002719,-0.05211,0.030724,0.037694,0.5312,-0.007125,0.003641,-0.069601,0.074391,-0.069601,negative,negative,python_fallback,ok,,2023-07-28,2023-07-28,0,120,0.00031,0.270597,1,1,-0.011675,-0.011231,0.002733,-0.040959,-0.123806,-0.038865,-0.006425,-0.003783,0.00056,0.006069,0.036682,0.038544,-0.010246,-0.011131,0.001638,-0.043141,0.006815,-0.070423,-0.069514,0.040436,0.011361,-0.005294,-0.013087,-0.016168,0.003496,-0.068525,-0.065746,0.054985,0.021053,0.04531,0.024258,-1.263195,-0.645396,-1.087106,-0.567143,0.728477,-0.068525,negative
2023-07-29,2023-07-29,Manchester United,Rasmus Højlund,The Guardian / Jamie Jackson | thepeoplesperson.com,Rasmus Hojlund dropped from Atalanta friendly squad as he prepares for Manchester United move - Man United News And Transfer News || Manchester United agree deal to sign Atalanta striker Rasmus Højlund,https://thepeoplesperson.com/2023/07/29/rasmus-hojlund-dropped-from-atalantas-friendly-squad-as-he-prepares-for-manchester-united-move-267314/ | https://www.theguardian.com/football/2023/jul/29/manchester-united-agree-deal-to-sign-atalanta-striker-rasmus-hjlund,0.5,0.465,2,2,0.84,0.67,0.686,0.5755,2023-24,in,permanent,0,20.0,Centre-Forward,45000000.0,77800000.0,,1.7289,-32800000.0,0.511,0.3888,0.7181,0.025968,-0.092301,0.028179,0.035336,0.5454,-0.081609,-0.102359,-0.106687,0.03459,-0.106687,negative,negative,python_fallback,ok,,2023-07-29,2023-07-31,2,120,0.000134,0.27068,1,1,0.023171,0.009413,0.041628,-0.017452,-0.083435,-0.030146,0.009878,0.003234,0.010116,0.017048,0.042259,0.047944,0.020364,0.008409,0.038136,-0.019857,-0.100355,-0.106572,0.040853,0.073712,-0.0012,-0.017533,-0.013921,-0.020189,-0.10167,-0.104248,0.056901,0.09076,0.021672,0.045147,0.023474,-0.645396,-0.960237,-0.567143,-0.620927,0.702869,-0.104248,negative
2023-08-01,2023-08-01,Manchester United,Rasmus Højlund,caughtoffside.com,Photo : Rasmus Hojlund arrives at Man United Carrington complex for medical tests,https://www.caughtoffside.com/2023/08/01/photo-rasmus-hojlund-arrives-at-man-uniteds-carrington-complex-for-medical-tests/,0.5,0.675,1,1,0.5,0.5,0.675,0.675,2023-24,in,permanent,0,20.0,Centre-Forward,45000000.0,77800000.0,,1.7289,-32800000.0,0.511,0.3888,0.6112,0.024977,-0.063002,0.027066,0.040677,0.565,-0.090789,-0.073619,-0.072151,0.043803,-0.072151,negative,negative,python_fallback,ok,,2023-08-01,2023-08-01,0,120,0.000423,0.270161,1,1,-0.015986,-0.004939,-0.004492,-0.063002,-0.091058,-0.106812,0.001469,0.004863,0.007535,0.01463,0.031139,0.036856,-0.016806,-0.007089,-0.0082,-0.069933,-0.076715,-0.075812,0.05731,0.066336,-0.016468,-0.024173,-0.019521,-0.032927,-0.072256,-0.069707,0.072253,0.084323,0.021816,0.044941,0.023126,-0.960237,-3.022862,-0.620927,3.904944,2.920781,-0.069707,negative
2023-08-05,2023-08-05,Manchester United,Rasmus Højlund,The Guardian / John Brewin and PA Media,Manchester United unveil new signing Rasmus Højlund before Lens friendly,https://www.theguardian.com/football/2023/aug/05/manchester-united-unveil-rasmus-hojlund-lens-friendly,0.84,0.686,1,1,0.84,0.84,0.686,0.686,2023-24,in,permanent,0,20.0,Centre-Forward,45000000.0,77800000.0,,1.7289,-32800000.0,0.511,0.3888,0.6681,-0.069514,-0.093805,0.029949,0.029827,0.4518,0.16173,0.142536,0.118826,0.136812,0.118826,positive,positive,python_fallback,ok,,2023-08-05,2023-08-07,2,120,0.000805,0.304172,1,1,0.017893,0.010859,-0.090586,-0.052729,-0.155812,-0.112652,-0.0053,-0.021566,-0.02274,-0.012854,0.017977,0.02194,0.018699,0.015327,-0.087646,-0.053207,0.144043,0.115234,0.180664,0.065918,0.004768,-0.002054,0.002611,-0.017476,0.141032,0.116207,0.171694,0.07283,0.028847,0.040804,0.011957,-1.720869,1.265996,-0.828454,2.881062,2.79519,0.116207,positive
2024-06-12,2024-06-12,Juventus,Douglas Luiz,The Guardian / Thiago Rabelo,"Douglas Luiz: ‘Unai Emery is very intense in his work, very passionate’",https://www.theguardian.com/football/article/2024/jun/12/douglas-luiz-unai-emery-aston-villa-brazil-football,0.84,0.686,1,1,0.84,0.84,0.686,0.686,2024-25,in,permanent,0,26.0,Central Midfield,70000000.0,51500000.0,,0.7357,18500000.0,0.7845,0.6832,0.6681,0.053235,0.144312,0.018442,0.003763,0.7004,0.071525,0.01575,0.035085,0.119792,0.035085,positive,positive,python_fallback,ok,,2024-06-12,2024-06-12,0,120,-0.002562,0.874996,1,1,0.036923,0.04832,0.040338,0.042268,0.053125,0.137105,-0.019339,-0.027559,-0.011728,-0.022677,-0.036329,-0.012305,0.056406,0.07987,0.063179,0.088474,0.003956,0.000495,0.037834,0.097923,-0.007794,-0.028517,-0.019307,-0.009801,0.01566,0.035477,0.069297,0.130306,0.018395,0.019774,0.001379,3.055884,2.81949,9.849299,0.958066,1.604139,0.035477,positive
2024-06-14,2024-06-14,Juventus,Douglas Luiz,teamtalk.com,"Mason Greenwood : Man Utd require West Ham favour to seal £40m transfer , as Fabrizio Romano tips shock new deal",https://www.teamtalk.com/manchester-united/man-utd-require-west-ham-favour-seal-40m-mason-greenwood-transfer-fabrizio-romano-tips-shock-new-deal,0.95,0.7575,1,1,0.95,0.95,0.7575,0.7575,2024-25,in,permanent,0,26.0,Central Midfield,70000000.0,51500000.0,,0.7357,18500000.0,0.7845,0.6832,0.7426,0.046392,0.08591,0.01731,-0.000565,0.6687,0.04007,0.02126,0.05488,0.099784,0.05488,positive,positive,python_fallback,ok,,2024-06-14,2024-06-14,0,120,-0.002727,0.85735,1,1,-0.00417,0.041026,0.052468,0.051922,0.041026,0.121795,-0.021799,-0.026982,-0.035138,-0.024327,-0.050833,-0.003735,0.017247,0.07209,0.095737,0.099282,-0.003448,0.033744,0.082759,0.090394,-0.020887,-0.011604,-0.008956,-0.013567,0.019783,0.054102,0.104005,0.128623,0.018076,0.019701,0.001625,2.160901,1.544069,0.171754,0.012747,1.008086,0.054102,positive
2024-06-22,2024-06-22,Juventus,Douglas Luiz,The Guardian / Ed Aarons and Jacob Steinberg | joe.co.uk,"Douglas Luiz to join Juventus with two players heading to Aston Villa || Transfer roundup: Bayern close on Olise, Chelsea seal €60m Estêvão Willian signing",https://www.joe.co.uk/news/douglas-luiz-to-join-juventus-with-two-players-heading-to-aston-villa-443549 | https://www.theguardian.com/football/article/2024/jun/22/bayern-munich-michael-olise-crystal-palace,0.5,0.465,2,2,0.84,0.67,0.686,0.5755,2024-25,in,permanent,0,26.0,Central Midfield,70000000.0,51500000.0,,0.7357,18500000.0,0.7845,0.6832,0.7181,0.082759,0.125563,0.017383,-0.043285,0.6977,0.028573,-0.003978,0.014557,0.066339,0.014557,neutral,neutral,python_fallback,ok,,2024-06-22,2024-06-24,2,120,-0.002244,0.610345,1,1,0.020664,0.059788,0.092445,0.13945,0.179944,0.150304,-0.010869,-0.00021,0.019715,-0.038979,-0.03427,-0.038895,0.029542,0.065451,0.088509,0.178271,0.00091,0.00091,0.030027,0.100318,0.011949,-0.003663,0.012249,0.022156,-0.001906,0.012111,0.035793,0.11015,0.017223,0.02033,0.003107,2.902302,2.518146,0.104683,0.34899,1.216373,0.012111,neutral
2024-06-23,2024-06-23,Manchester United,Leny Yoro,thehardtackle.com,"Leny Yoro reaches agreement to join Real Madrid , who step up interest",https://thehardtackle.com/transfer-news/2024/06/23/leny-yoro-reaches-agreement-to-join-real-madrid-who-step-up-interest/,0.5,0.675,1,1,0.5,0.5,0.675,0.675,2024-25,in,permanent,0,18.0,Centre-Back,50000000.0,62000000.0,,1.24,-12000000.0,0.571,0.3855,0.6112,-0.058824,0.026032,0.019544,0.048051,0.5644,0.004062,-0.000182,-0.015251,0.006987,-0.015251,neutral,neutral,python_fallback,ok,,2024-06-23,2024-06-24,1,120,-0.000947,-0.037645,1,1,0.003104,-0.011621,-0.023565,-0.005538,-0.030012,0.043928,-0.001562,-0.001573,0.005683,0.02086,0.029699,0.053386,0.003992,-0.008828,-0.018728,0.006084,-0.002475,-0.019802,0.009901,-0.013614,0.000856,0.00334,0.001916,0.020561,-0.000503,-0.015822,0.016112,-0.001618,0.020582,0.018924,-0.001657,-1.422055,-1.050157,-1.090756,-1.463115,0.416667,-0.015822,neutral
2024-06-25,2024-06-25,Juventus,Douglas Luiz,The Guardian / Tom Garry,Juventus Women lead race to sign Hanna Bennison from Everton,https://www.theguardian.com/football/article/2024/jun/25/juventus-women-lead-race-to-sign-hanna-bennison-from-everton,0.86,0.699,1,1,0.86,0.86,0.699,0.699,2024-25,in,permanent,0,26.0,Central Midfield,70000000.0,51500000.0,,0.7357,18500000.0,0.7845,0.6832,0.6817,0.09841,0.151042,0.016923,-0.037438,0.7281,0.011833,0.017023,0.029038,0.103437,0.029038,positive,positive,python_fallback,ok,,2024-06-25,2024-06-25,0,120,-0.002052,0.618189,1,1,0.00546,0.053133,0.092437,0.133333,0.18486,0.131708,0.015792,0.018513,0.028169,-0.020468,-0.026667,-0.028177,-0.002251,0.046977,0.082221,0.159355,0.004525,0.001584,0.025566,0.082353,-0.00866,-0.020127,-0.010463,0.000857,0.014034,0.022422,0.044274,0.104525,0.01716,0.020333,0.003172,2.518146,2.034459,0.34899,-1.018462,0.394029,0.022422,positive
2024-06-30,2024-06-30,Juventus,Douglas Luiz,The Guardian / Ben Fisher | menafn.com,Juventus Sign Brazilian Midfielder Douglas Luiz On Five - Year Contract || ‘Obrigado’: Aston Villa sell Douglas Luiz to Juventus for £42.4m,https://menafn.com/1108390389/Juventus-Sign-Brazilian-Midfielder-Douglas-Luiz-On-Five-Year-Contract | https://www.theguardian.com/football/article/2024/jun/30/obrigado-aston-villa-sell-douglas-luiz-to-juventus-for-424m,0.5,0.465,2,2,0.84,0.67,0.686,0.5755,2024-25,in,permanent,0,26.0,Central Midfield,70000000.0,51500000.0,,0.7357,18500000.0,0.7845,0.6832,0.7181,0.027862,0.139922,0.016791,-0.047983,0.6561,0.031302,0.022315,0.079529,0.087303,0.079529,positive,positive,python_fallback,ok,,2024-06-30,2024-07-01,1,120,-0.00139,0.615953,1,1,0.006136,0.006136,0.007052,0.100149,0.147605,0.131184,-0.000994,-0.016406,-0.004653,0.01497,-0.038792,-0.06342,0.008139,0.020535,0.016853,0.10098,0.023944,0.090581,0.092613,0.103456,0.009863,0.028714,0.026935,0.036858,0.02055,0.075952,0.083775,0.094738,0.012353,0.020428,0.008075,1.506064,1.813402,-0.0671,1.2171,1.79357,0.075952,positive
2024-07-02,2024-07-02,Juventus,Douglas Luiz,The Guardian / Tom Garry,"Transfer latest: Arsenal sign Caldentey, Manchester United land Janssen",https://www.theguardian.com/football/article/2024/jul/02/arsenal-women-world-cup-football-mariona-caldentey-barcelona,0.84,0.896,1,1,0.84,0.84,0.896,0.896,2024-25,in,permanent,0,26.0,Central Midfield,70000000.0,51500000.0,,0.7357,18500000.0,0.7845,0.6832,0.7416,0.030027,0.195733,0.016136,-0.025633,0.6979,0.045199,0.03083,0.11641,0.071303,0.11641,positive,positive,python_fallback,ok,,2024-07-02,2024-07-02,0,120,-0.001478,0.623262,1,1,0.022815,0.01982,0.024434,0.11913,0.179289,0.165928,0.016981,0.005217,-0.003488,0.024584,-0.027488,-0.031816,0.013709,0.021009,0.033941,0.113152,0.029152,0.117491,0.056537,0.085468,0.003796,0.008037,0.00436,0.019337,0.029664,0.114075,0.064272,0.08948,0.012509,0.021015,0.008507,1.813402,1.637343,1.2171,-0.560591,0.641144,0.114075,positive
2024-07-02,2024-07-02,Manchester United,Joshua Zirkzee,The Guardian / Tom Garry,"Transfer latest: Arsenal sign Caldentey, Manchester United land Janssen",https://www.theguardian.com/football/article/2024/jul/02/arsenal-women-world-cup-football-mariona-caldentey-barcelona,0.84,0.896,1,1,0.84,0.84,0.896,0.896,2024-25,in,permanent,0,23.0,Centre-Forward,50000000.0,42500000.0,,0.85,7500000.0,0.7837,0.6652,0.7416,0.009901,-0.030879,0.018321,0.032399,0.5943,0.003041,-0.009395,-0.024588,0.044352,-0.024588,negative,negative,python_fallback,ok,,2024-07-02,2024-07-02,0,120,-0.001459,-0.083028,1,1,0.011152,0.009276,0.004308,-0.000612,-0.033175,-0.026253,0.002676,-0.000513,0.004996,0.008007,0.037438,0.033601,0.012833,0.014019,0.012495,0.015225,-0.012255,-0.030024,0.03125,0.026348,0.011311,0.017855,0.029008,0.020672,-0.008435,-0.022802,0.043808,0.04667,0.019118,0.018681,-0.000437,-0.457203,-0.56066,-0.241792,-0.911497,0.546622,-0.022802,negative
2024-07-08,2024-07-08,Manchester United,Joshua Zirkzee,The Guardian / Jamie Jackson,Manchester United set to sign Joshua Zirkzee and up Jarrad Branthwaite bid,https://www.theguardian.com/football/article/2024/jul/08/manchester-united-joshua-zirkzee-set-sign-fee-dilemma,0.84,0.686,1,1,0.84,0.84,0.686,0.686,2024-25,in,permanent,0,23.0,Centre-Forward,50000000.0,42500000.0,,0.85,7500000.0,0.7837,0.6652,0.6681,0.003711,-0.02581,0.018217,0.049026,0.6,-0.005488,-0.014333,0.046626,0.0476,0.046626,positive,positive,python_fallback,ok,,2024-07-08,2024-07-08,0,120,-0.001505,-0.106145,1,1,0.006824,-0.005515,0.024621,0.007449,-0.056395,-0.04078,0.005449,0.016822,0.015379,0.017178,0.039813,0.046187,0.008907,0.000824,0.033776,0.024855,-0.017868,0.038817,0.022797,0.048675,0.001759,0.003116,0.011501,-0.000499,-0.014501,0.046279,0.034744,0.067093,0.018419,0.019729,0.00131,-0.435692,-1.638029,-0.903983,-0.289497,0.871466,0.046279,positive
2024-07-11,2024-07-11,Manchester United,Joshua Zirkzee,The Guardian / Jamie Jackson,Manchester United agree £35.3m deal for Bologna’s Joshua Zirkzee,https://www.theguardian.com/football/article/2024/jul/11/manchester-united-agree-353m-deal-for-bolognas-joshua-zirkzee,0.84,0.686,1,1,0.84,0.84,0.686,0.686,2024-25,in,permanent,0,23.0,Centre-Forward,50000000.0,42500000.0,,0.85,7500000.0,0.7837,0.6652,0.6681,0.03125,0.035692,0.020351,0.061792,0.6519,0.061909,0.003657,0.026872,0.022376,0.026872,positive,positive,python_fallback,ok,,2024-07-11,2024-07-11,0,120,-0.001552,-0.143728,1,1,0.055834,0.036969,0.035692,0.044045,0.012027,0.001786,0.010208,0.011985,0.022672,0.030097,0.050948,0.062056,0.058853,0.044513,0.047955,0.065255,0.001188,0.020202,-0.008913,0.015449,-0.003294,0.005909,-0.015854,-0.041657,0.003827,0.027756,-0.000906,0.027866,0.018943,0.015488,-0.003455,1.637626,1.634049,2.524485,1.951903,1.847158,0.027756,positive
2024-07-13,2024-07-13,Manchester United,Leny Yoro,The Guardian / Jamie Jackson,Erik ten Hag’s Manchester United rollercoaster shows little sign of slowing,https://www.theguardian.com/football/article/2024/jul/13/erik-ten-hags-manchester-united-rollercoaster-shows-little-sign-of-slowing,0.84,0.686,1,1,0.84,0.84,0.686,0.686,2024-25,in,permanent,0,18.0,Centre-Back,50000000.0,62000000.0,,1.24,-12000000.0,0.571,0.3855,0.6681,0.045285,0.010192,0.019823,0.072557,0.6595,0.024985,0.023488,-0.004451,0.030506,-0.004451,neutral,neutral,python_fallback,ok,,2024-07-13,2024-07-15,2,120,-0.001677,-0.141899,1,1,-0.000593,0.057089,0.038201,0.063763,-0.018637,0.010798,0.005517,0.00688,0.008651,0.024163,0.035846,0.066148,0.001867,0.063043,0.04895,0.084136,0.018991,-0.010089,0.010089,0.012463,0.009234,-0.012601,-0.009072,-0.027035,0.024163,-0.004209,0.020035,0.028532,0.018075,0.015676,-0.002399,1.711252,1.130012,1.040679,-0.48313,0.778214,-0.004209,neutral
2024-07-14,2024-07-14,Manchester United,Joshua Zirkzee,The Guardian / Will Unwin,Manchester United sign striker Joshua Zirkzee for €42.5m from Bologna,https://www.theguardian.com/football/article/2024/jul/14/manchester-united-sign-striker-joshua-zirkzee,0.84,0.686,1,1,0.84,0.84,0.686,0.686,2024-25,in,permanent,0,23.0,Centre-Forward,50000000.0,42500000.0,,0.85,7500000.0,0.7837,0.6652,0.6681,0.045285,0.010192,0.019823,0.072557,0.6595,0.024985,0.023488,-0.004451,0.030506,-0.004451,neutral,neutral,python_fallback,ok,,2024-07-14,2024-07-15,1,120,-0.001677,-0.141899,1,1,-0.000593,0.057089,0.038201,0.063763,-0.018637,0.010798,0.005517,0.00688,0.008651,0.024163,0.035846,0.066148,0.001867,0.063043,0.04895,0.084136,0.018991,-0.010089,0.010089,0.012463,0.009234,-0.012601,-0.009072,-0.027035,0.024163,-0.004209,0.020035,0.028532,0.018075,0.015676,-0.002399,1.711252,1.130012,1.040679,-0.48313,0.778214,-0.004209,neutral
2024-07-16,2024-07-16,Manchester United,Leny Yoro,The Guardian / Jamie Jackson,Manchester United agree £52m fee with Lille for defender Leny Yoro,https://www.theguardian.com/football/article/2024/jul/16/manchester-united-agree-52m-fee-with-lille-for-defender-leny-yoro,0.84,0.686,1,1,0.84,0.84,0.686,0.686,2024-25,in,permanent,0,18.0,Centre-Back,50000000.0,62000000.0,,1.24,-12000000.0,0.571,0.3855,0.6681,0.022797,-0.016588,0.019893,0.067022,0.6241,-0.001574,0.01158,0.008769,0.035853,0.008769,neutral,neutral,python_fallback,ok,,2024-07-16,2024-07-16,0,120,-0.001924,-0.140035,1,1,-0.014837,-0.013666,0.048642,0.028501,0.003021,-0.004796,0.002826,-0.000477,0.010474,0.031268,0.036343,0.075588,-0.012517,-0.007934,0.060231,0.053752,0.009036,0.005422,0.014458,0.016867,-0.007627,-0.022414,-0.013404,-0.034589,0.012669,0.010843,0.02518,0.034493,0.016524,0.015317,-0.001207,1.130012,3.049168,-0.48313,-0.453326,0.787423,0.010843,neutral
2024-07-16,2024-07-16,Manchester United,Matthijs de Ligt,The Guardian / Jamie Jackson,Manchester United agree £52m fee with Lille for defender Leny Yoro,https://www.theguardian.com/football/article/2024/jul/16/manchester-united-agree-52m-fee-with-lille-for-defender-leny-yoro,0.84,0.686,1,1,0.84,0.84,0.686,0.686,2024-25,in,permanent,0,25.0,Centre-Back,65000000.0,45000000.0,,0.6923,20000000.0,0.8192,0.7302,0.6681,0.022797,-0.016588,0.019893,0.067022,0.6241,-0.001574,0.01158,0.008769,0.035853,0.008769,neutral,neutral,python_fallback,ok,,2024-07-16,2024-07-16,0,120,-0.001924,-0.140035,1,1,-0.014837,-0.013666,0.048642,0.028501,0.003021,-0.004796,0.002826,-0.000477,0.010474,0.031268,0.036343,0.075588,-0.012517,-0.007934,0.060231,0.053752,0.009036,0.005422,0.014458,0.016867,-0.007627,-0.022414,-0.013404,-0.034589,0.012669,0.010843,0.02518,0.034493,0.016524,0.015317,-0.001207,1.130012,3.049168,-0.48313,-0.453326,0.787423,0.010843,neutral
2024-07-17,2024-07-17,Manchester United,Joshua Zirkzee,The Guardian / Jamie Jackson,Manchester United line up Leny Yoro medical in transfer battle with Real Madrid,https://www.theguardian.com/football/article/2024/jul/17/manchester-united-leny-yoro-medical-transfer-battle-real-madrid-lille,0.84,0.896,1,1,0.84,0.84,0.896,0.896,2024-25,in,permanent,0,23.0,Centre-Forward,50000000.0,42500000.0,,0.85,7500000.0,0.7837,0.6652,0.8416,0.084649,-0.00579,0.020448,0.072643,0.6843,0.007202,-0.029427,-0.005891,-0.002722,-0.005891,neutral,neutral,python_fallback,ok,,2024-07-17,2024-07-17,0,120,-0.001852,-0.140599,1,1,0.034337,0.018387,0.077164,0.052083,0.051439,0.01718,0.006389,0.014802,0.016177,0.035088,0.043376,0.07384,0.037088,0.026536,0.088061,0.076759,-0.028538,-0.008736,0.001747,-0.000582,-0.021635,-0.018138,-0.042361,-0.025568,-0.027993,-0.003403,0.00763,0.017257,0.01778,0.013716,-0.004064,3.049168,1.231129,-0.453326,0.281269,1.132819,-0.003403,neutral
2024-07-17,2024-07-17,Manchester United,Leny Yoro,The Guardian / Jamie Jackson,Manchester United line up Leny Yoro medical in transfer battle with Real Madrid,https://www.theguardian.com/football/article/2024/jul/17/manchester-united-leny-yoro-medical-transfer-battle-real-madrid-lille,0.84,0.896,1,1,0.84,0.84,0.896,0.896,2024-25,in,permanent,0,18.0,Centre-Back,50000000.0,62000000.0,,1.24,-12000000.0,0.571,0.3855,0.8416,0.084649,-0.00579,0.020448,0.072643,0.6843,0.007202,-0.029427,-0.005891,-0.002722,-0.005891,neutral,neutral,python_fallback,ok,,2024-07-17,2024-07-17,0,120,-0.001852,-0.140599,1,1,0.034337,0.018387,0.077164,0.052083,0.051439,0.01718,0.006389,0.014802,0.016177,0.035088,0.043376,0.07384,0.037088,0.026536,0.088061,0.076759,-0.028538,-0.008736,0.001747,-0.000582,-0.021635,-0.018138,-0.042361,-0.025568,-0.027993,-0.003403,0.00763,0.017257,0.01778,0.013716,-0.004064,3.049168,1.231129,-0.453326,0.281269,1.132819,-0.003403,neutral
2024-07-18,2024-07-18,Manchester United,Leny Yoro,caughtoffside.com,Manchester United reach personal agreement with Manuel Ugarte in late transfer update || Exclusive : Man United praised for  perfect  strategy to win race for Real Madrid transfer target,https://www.caughtoffside.com/2024/07/18/1594629/ | https://www.caughtoffside.com/2024/07/18/yoro-transfer-utd-strategy-praised/,0.5,0.675,2,1,0.5,0.5,0.675,0.57,2024-25,in,permanent,0,18.0,Centre-Back,50000000.0,62000000.0,,1.24,-12000000.0,0.571,0.3855,0.6613,0.050816,-0.026163,0.020922,0.056116,0.635,-0.027537,-0.002625,0.011002,0.028087,0.011002,neutral,neutral,python_fallback,ok,,2024-07-18,2024-07-18,0,120,-0.000916,-0.119227,1,1,-0.024461,-0.005935,-0.004753,0.030769,0.024465,-0.03011,-0.013928,-0.004823,-0.008101,0.014387,0.021019,0.057703,-0.025205,-0.002774,-0.000138,0.044087,-0.003582,0.005373,0.020299,0.002388,-0.014901,-0.005821,-0.03383,-0.025337,-0.00353,0.0086,0.022042,0.010427,0.01874,0.01411,-0.004629,1.231129,0.943014,0.281269,1.994092,1.934291,0.0086,neutral
2024-07-20,2024-07-20,Manchester United,Leny Yoro,The Guardian / Jamie Jackson at Murrayfield,New recruit Leny Yoro impresses to offer pre-season promise for United,https://www.theguardian.com/football/article/2024/jul/20/new-recruit-leny-yoro-impresses-to-offer-preseason-promise-for-united,0.84,0.686,1,1,0.84,0.84,0.686,0.686,2024-25,in,permanent,0,18.0,Centre-Back,50000000.0,62000000.0,,1.24,-12000000.0,0.571,0.3855,0.6681,-0.010083,0.027077,0.018233,0.028403,0.6025,0.015125,0.013861,0.028183,0.042405,0.028183,positive,positive,python_fallback,ok,,2024-07-20,2024-07-22,2,120,-0.001097,-0.184406,1,1,0.0006,-0.027956,-0.009496,0.028343,0.036002,-0.029651,-0.00714,-0.028621,-0.019652,-0.011171,0.005816,0.028197,0.00038,-0.030076,-0.006682,0.039738,0.008987,0.023966,0.022169,-0.017975,0.009217,-0.019215,-0.007531,-0.057887,0.013093,0.025053,0.027693,-0.015758,0.01852,0.014753,-0.003767,0.886961,1.689731,-0.87863,-0.391308,0.809018,0.025053,positive
2024-07-21,2024-07-21,Manchester United,Leny Yoro,The Guardian / Jamie Jackson,Erik ten Hag impressed by Leny Yoro’s ‘mature’ Manchester United debut,https://www.theguardian.com/football/article/2024/jul/21/erik-ten-hag-impressed-by-leny-yoros-mature-manchester-united-debut,0.84,0.686,1,1,0.84,0.84,0.686,0.686,2024-25,in,permanent,0,18.0,Centre-Back,50000000.0,62000000.0,,1.24,-12000000.0,0.571,0.3855,0.6681,-0.010083,0.027077,0.018233,0.028403,0.6025,0.015125,0.013861,0.028183,0.042405,0.028183,positive,positive,python_fallback,ok,,2024-07-21,2024-07-22,1,120,-0.001097,-0.184406,1,1,0.0006,-0.027956,-0.009496,0.028343,0.036002,-0.029651,-0.00714,-0.028621,-0.019652,-0.011171,0.005816,0.028197,0.00038,-0.030076,-0.006682,0.039738,0.008987,0.023966,0.022169,-0.017975,0.009217,-0.019215,-0.007531,-0.057887,0.013093,0.025053,0.027693,-0.015758,0.01852,0.014753,-0.003767,0.886961,1.689731,-0.87863,-0.391308,0.809018,0.025053,positive
2024-08-12,2024-08-12,Juventus,Teun Koopmeiners,The Guardian / Ed Aarons,Chelsea eye permanent deal for João Félix after Omorodion deal collapses,https://www.theguardian.com/football/article/2024/aug/12/chelsea-eye-permanent-deal-for-atletico-madrids-joao-felix,0.84,0.686,1,1,0.84,0.84,0.686,0.686,2024-25,in,permanent,0,26.0,Attacking Midfield,50000000.0,58400000.0,,1.168,-8400000.0,0.6872,0.5103,0.6681,-0.045649,-0.016564,0.019211,-0.057389,0.5043,-0.025657,-0.023676,0.075399,0.020299,0.075399,positive,positive,python_fallback,ok,,2024-08-12,2024-08-12,0,120,-0.000409,0.651641,1,1,-0.001346,-0.000225,-0.023036,-0.080908,-0.083745,0.005873,0.00126,0.021699,-0.007402,-0.060038,-0.08094,-0.041383,-0.001758,-0.012986,-0.016386,-0.039547,-0.019537,0.099034,0.069391,0.061756,0.007048,0.039614,0.040715,0.062834,-0.023384,0.075121,0.048269,0.029607,0.013653,0.05265,0.038997,-1.720956,-1.840461,-1.289037,-1.104823,0.368698,0.075121,positive
2024-08-12,2024-08-12,Manchester United,Matthijs de Ligt,The Guardian / Ed Aarons,"Manchester United set to sign De Ligt and Mazraoui, Wan-Bissaka heads to West Ham",https://www.theguardian.com/football/article/2024/aug/12/manchester-united-set-to-sign-de-ligt-and-mazraoui-wan-bissaka-heads-to-west-ham,0.84,0.686,1,1,0.84,0.84,0.686,0.686,2024-25,in,permanent,0,25.0,Centre-Back,65000000.0,45000000.0,,0.6923,20000000.0,0.8192,0.7302,0.6681,0.001191,0.041512,0.017494,-0.021302,0.597,-0.024618,-0.015651,0.038119,0.067563,0.038119,positive,positive,python_fallback,ok,,2024-08-12,2024-08-12,0,120,-0.001663,-0.062157,1,1,-0.010594,0.004182,0.013872,-0.012918,-0.002374,0.061237,0.004672,0.019872,-0.000449,-0.021055,-0.048294,-0.025299,-0.008641,0.010546,0.022547,0.00332,-0.020226,0.02796,0.055324,0.017847,0.016891,0.037248,0.049417,0.051024,-0.015894,0.037271,0.067915,0.040419,0.015676,0.016283,0.000607,-0.294026,-0.469118,-1.470321,-1.04973,0.601316,0.037271,positive
2024-08-13,2024-08-13,Manchester United,Matthijs de Ligt,The Guardian / Mark Dobson,Manchester United confirm signings of Matthijs de Ligt and Noussair Mazraoui,https://www.theguardian.com/football/article/2024/aug/13/manchester-united-sign-mathijs-de-ligt-noussair-mazraoui,0.84,0.686,1,1,0.84,0.84,0.686,0.686,2024-25,in,permanent,0,25.0,Centre-Back,65000000.0,45000000.0,,0.6923,20000000.0,0.8192,0.7302,0.7481,0.01146,0.027574,0.017412,-0.023872,0.5985,0.013158,0.014711,0.041974,0.06502,0.041974,positive,positive,python_fallback,ok,,2024-08-13,2024-08-13,0,120,-0.00118,-0.027134,1,1,-0.002379,-0.011203,0.023185,-0.016999,0.010241,0.039034,4.3e-05,0.027866,0.030476,-0.021808,-0.050936,-0.02126,-0.001198,-0.006911,0.030017,-0.004963,0.008945,0.031604,0.052475,0.051282,0.020736,0.039267,0.047289,0.052655,0.012355,0.037641,0.060572,0.066168,0.015317,0.016294,0.000976,-0.469118,-1.964222,-1.04973,-0.012123,0.995217,0.037641,positive
2024-08-15,2024-08-15,Manchester United,Matthijs de Ligt,The Guardian / Will Unwin,Ten Hag insists ‘confident’ Manchester United can win Premier League,https://www.theguardian.com/football/article/2024/aug/15/manchester-united-erik-ten-hag-premier-league,0.84,0.686,1,1,0.84,0.84,0.686,0.686,2024-25,in,permanent,0,25.0,Centre-Back,65000000.0,45000000.0,,0.6923,20000000.0,0.8192,0.7302,0.6681,0.010753,0.049628,0.018301,-0.014775,0.6096,0.057544,0.028219,0.052599,0.027787,0.052599,positive,positive,python_fallback,ok,,2024-08-15,2024-08-15,0,120,-0.001753,0.141492,1,1,0.027322,0.006544,-0.002358,-0.013986,0.010149,0.041231,0.003824,0.02078,0.04918,-0.012149,-0.023811,-0.009766,0.028534,0.009381,0.000139,0.006278,0.022459,0.043144,0.041962,0.031915,0.018155,0.026014,0.02116,0.025068,0.023375,0.046146,0.04919,0.048435,0.01411,0.017609,0.003499,0.347636,1.982057,-1.000838,-0.030834,0.987372,0.046146,positive
2024-08-16,2024-08-16,Manchester United,Matthijs de Ligt,The Guardian / Xaymaca Awoyungbo (earlier) and Rob Smyth (later),Premier League returns: team news and Manchester United v Fulham buildup – as it happened,https://www.theguardian.com/football/live/2024/aug/16/premier-league-returns-team-news-and-manchester-united-v-fulham-buildup-live,0.84,0.896,1,1,0.84,0.84,0.896,0.896,2024-25,in,permanent,0,25.0,Centre-Back,65000000.0,45000000.0,,0.6923,20000000.0,0.8192,0.7302,0.7416,0.018868,0.064695,0.018623,-0.004306,0.6279,0.056319,0.031418,0.032323,0.03662,0.032323,positive,positive,python_fallback,ok,,2024-08-16,2024-08-16,0,120,-0.000687,0.231641,1,1,0.021277,0.030411,0.017069,0.029184,0.035971,0.07196,0.016133,0.037204,0.042094,0.017725,-0.000247,0.00112,0.018226,0.024245,0.011553,0.032542,0.02662,0.023727,0.003472,-0.002894,0.011731,0.014004,0.016487,0.018974,0.025252,0.023297,0.004239,0.001402,0.014755,0.018288,0.003533,1.982057,1.809279,-0.030834,-0.692359,0.772371,0.023297,positive
2024-08-19,2024-08-19,Manchester United,Manuel Ugarte,The Guardian / Jamie Jackson,Manchester United hope to force PSG into lowering Manuel Ugarte’s asking price,https://www.theguardian.com/football/article/2024/aug/19/manchester-united-hope-to-force-psg-to-lower-manuel-agartes-asking-price,0.84,0.686,1,1,0.84,0.84,0.686,0.686,2024-25,in,permanent,0,23.0,Defensive Midfield,45000000.0,50000000.0,,1.1111,-5000000.0,0.725,0.5575,0.6681,0.018246,0.092862,0.017916,-0.003338,0.6437,0.02711,0.024166,0.026074,0.024006,0.026074,positive,positive,python_fallback,ok,,2024-08-19,2024-08-19,0,120,-0.000299,0.18879,1,1,0.001157,0.050395,0.029149,0.043426,0.036549,0.065927,0.00199,0.022048,0.039312,0.038846,0.008946,-0.002324,0.001081,0.04651,0.02365,0.039287,0.020231,0.019075,-0.010983,-0.013873,0.007718,0.002951,0.011269,-0.004559,0.019497,0.019855,-0.010833,-0.008707,0.014753,0.018704,0.003951,1.809279,3.404511,-0.692359,1.825893,1.596559,0.019855,neutral
2024-08-20,2024-08-20,Juventus,Teun Koopmeiners,The Guardian / Daniel Harris,Football transfer rumours: Ramsdale to Wolves? Sterling to Juventus?,https://www.theguardian.com/football/article/2024/aug/20/football-transfer-rumours-aaron-ramsdale-wolves-sterling-juventus,0.84,0.686,1,1,0.84,0.84,0.686,0.686,2024-25,in,permanent,0,26.0,Attacking Midfield,50000000.0,58400000.0,,1.168,-8400000.0,0.6872,0.5103,0.6681,0.098228,0.012404,0.021982,-0.022939,0.6515,-0.045792,-0.042377,-0.056262,0.059624,-0.056262,negative,negative,python_fallback,ok,,2024-08-20,2024-08-20,0,120,-0.000557,0.656898,1,1,0.000613,0.121622,0.099708,0.074375,0.001227,-0.032213,0.00681,0.039368,0.046693,0.038946,-0.027765,-0.021243,-0.003303,0.095329,0.072204,0.056595,-0.041862,-0.049622,-0.034511,-0.015928,0.001383,0.011543,0.015421,0.017946,-0.042088,-0.05573,-0.041292,0.000625,0.024747,0.048967,0.02422,1.171587,0.459281,0.816159,0.954558,1.949781,-0.05573,negative
2024-08-25,2024-08-25,Manchester United,Manuel Ugarte,The Guardian / Jamie Jackson,Manchester United agree £25m fee to sell Scott McTominay to Napoli,https://www.theguardian.com/football/article/2024/aug/25/manchester-united-sale-scott-mctominay-napoli,0.84,0.896,1,1,0.84,0.84,0.896,0.896,2024-25,in,permanent,0,23.0,Defensive Midfield,45000000.0,50000000.0,,1.1111,-5000000.0,0.725,0.5575,0.7416,0.003472,0.044578,0.015651,0.000602,0.6181,-0.000299,0.018019,0.01011,-0.007585,0.01011,neutral,neutral,python_fallback,ok,,2024-08-25,2024-08-26,1,120,0.000921,0.292772,1,1,-0.016449,-0.017564,0.002312,0.031529,0.018203,0.02908,0.011483,0.006698,0.014468,0.054349,0.03215,0.00343,-0.020732,-0.022325,-0.006071,0.007442,0.016724,0.00692,-0.016148,-0.05421,-0.001564,-0.007569,-0.018755,-0.024685,0.015742,0.006019,-0.015624,-0.057267,0.014751,0.018187,0.003436,0.761987,0.132442,-1.134384,-0.461119,0.84242,0.006019,neutral
2024-08-27,2024-08-27,Manchester United,Manuel Ugarte,The Guardian / Jamie Jackson,Manchester United to sign PSG’s Manuel Ugarte for initial €50m,https://www.theguardian.com/football/article/2024/aug/27/manchester-united-agree-deal-to-sign-psg-manuel-ugarte-midfielder-scott-mctominay,0.84,0.686,1,1,0.84,0.84,0.686,0.686,2024-25,in,permanent,0,23.0,Defensive Midfield,45000000.0,50000000.0,,1.1111,-5000000.0,0.725,0.5575,0.6681,-0.010983,-0.003494,0.014595,-0.008886,0.5817,0.009773,0.022155,0.007691,-0.028073,0.007691,neutral,neutral,python_fallback,ok,,2024-08-27,2024-08-27,0,120,0.001039,0.316192,1,1,-0.013264,-0.032787,-0.035513,0.020274,0.002931,0.030723,-0.003154,-0.000713,0.001532,0.050979,0.028059,-0.002554,-0.013305,-0.03603,-0.041627,-0.00486,0.020456,0.007013,0.001753,-0.08533,-0.00439,0.005619,-0.017229,-0.011165,0.020057,0.001628,0.001568,-0.094828,0.015073,0.018054,0.002981,0.132442,1.437313,-0.461119,2.683983,1.905947,0.001628,neutral
2024-08-28,2024-08-28,Juventus,Teun Koopmeiners,The Guardian / Jacob Steinberg | The Guardian / Jamie Jackson | The Guardian / Will Unwin (now) and Yara El-Shaboury (earlier),Liverpool agree deal to sign Federico Chiesa from Juventus for £10m || Football transfer news: Liverpool agree Chiesa deal; Lukaku arrives at Napoli – as it happened || Jadon Sancho holds out hope for Chelsea offer as Juventus wait in wings,https://www.theguardian.com/football/article/2024/aug/28/jadon-sancho-holds-out-hope-for-chelsea-offer-as-juventus-wait-in-wings | https://www.theguardian.com/football/article/2024/aug/28/liverpool-agree-deal-to-sign-federico-chiesa-from-juventus-for-125m | https://www.theguardian.com/football/live/2024/aug/28/football-transfer-window-ivan-toney-raheem-sterling-jadon-sancho-live,0.84,0.686,3,3,0.84,0.84,0.686,0.686,2024-25,in,permanent,0,26.0,Attacking Midfield,50000000.0,58400000.0,,1.168,-8400000.0,0.6872,0.5103,0.7681,-0.034511,-0.038047,0.02263,-0.017167,0.5117,0.103188,0.1014,0.035604,0.04786,0.035604,positive,positive,python_fallback,ok,,2024-08-28,2024-08-28,0,120,-0.00035,0.74914,1,1,0.004888,0.016774,-0.00714,0.076748,0.001695,-0.032139,0.005178,0.014049,0.021254,0.057974,0.004102,-0.017367,0.00136,0.007257,-0.021016,0.039989,0.108714,0.023266,0.028765,0.085448,0.012227,0.016045,-0.002872,-0.017911,0.100416,0.034218,0.054331,0.122714,0.025121,0.04853,0.023408,0.623184,0.581689,2.339916,-0.428592,0.646135,0.034218,positive
2024-08-30,2024-08-30,Manchester United,Manuel Ugarte,"The Guardian / Emillia Hawkins (now), with David Tindall, Niall McVeigh and Xaymaca Awoyungbo (earlier) | The Guardian / Jamie Jackson","Manuel Ugarte joins Manchester United and promises to ‘fight for trophies’ || Transfer deadline day: Man Utd sign Ugarte, Nketiah joined Crystal Palace – as it happened",https://www.theguardian.com/football/article/2024/aug/30/manuel-ugarte-join-manchester-united-and-promises-to-fight-for-trophies | https://www.theguardian.com/football/live/2024/aug/30/transfer-deadline-day-ugarte-sancho-sterling-toney-guehi-live,0.84,0.686,2,2,0.84,0.84,0.686,0.686,2024-25,in,permanent,0,23.0,Defensive Midfield,45000000.0,50000000.0,,1.1111,-5000000.0,0.725,0.5575,0.7181,-0.013002,0.046135,0.014968,0.015797,0.6144,-0.022188,-0.021377,-0.020452,-0.112244,-0.020452,negative,negative,python_fallback,ok,,2024-08-30,2024-08-30,0,120,0.001339,0.349426,1,1,0.0,0.020456,-0.009643,0.010417,0.039905,0.046763,-3.9e-05,-0.00443,0.003827,0.008793,0.026673,0.008543,-0.001325,0.018276,-0.017025,-0.005087,-0.022909,-0.021764,-0.062428,-0.054983,-0.011272,-0.015835,-0.021622,0.007355,-0.021853,-0.021728,-0.064189,-0.071544,0.015206,0.017368,0.002162,0.82682,0.200026,-0.065152,0.066491,1.025049,-0.021728,negative
2025-06-01,2025-06-01,Manchester United,Matheus Cunha,The Guardian / Will Unwin,Manchester United confirm agreement to sign Matheus Cunha from Wolves,https://www.theguardian.com/football/2025/jun/01/manchester-united-matheus-cunha-wolves-agreement,0.84,0.896,1,1,0.84,0.84,0.896,0.896,2025-26,in,permanent,0,26.0,Centre-Forward,60000000.0,74200000.0,,1.2367,-14200000.0,0.6717,0.5025,0.9216,0.0,0.0,0.0,0.0,0.65,,,,,,,,python_fallback,ok,,2025-06-01,2025-06-02,1,120,-0.001749,0.608601,1,1,0.020158,0.005678,0.066215,0.020893,0.029049,0.026812,-8.1e-05,-0.001663,0.011927,-0.000886,0.054879,0.120551,0.021957,0.012177,0.066904,0.044296,0.001411,-0.025406,0.200423,0.240649,0.009926,0.00467,0.015933,0.020539,-0.001086,-0.021374,0.20014,0.239466,0.026715,0.048198,0.021483,0.190945,-0.077491,0.200055,-0.422491,0.7278,-0.021374,negative
2025-06-03,2025-06-03,Borussia Dortmund,Jobe Bellingham,The Guardian / Michael Butler,Football transfer rumours: Dortmund close on Jobe Bellingham signing?,https://www.theguardian.com/football/2025/jun/03/football-transfer-rumours-dortmund-close-on-jobe-bellingham-signing,0.84,0.686,1,1,0.84,0.84,0.686,0.686,2025-26,in,permanent,0,19.0,Central Midfield,22000000.0,30500000.0,,1.3864,-8500000.0,0.5631,0.3982,0.6681,0.0,0.0,0.0,0.0,0.65,,,,,,,,python_fallback,ok,,2025-06-03,2025-06-03,0,120,0.001593,0.169596,1,1,-0.009174,-0.027027,-0.036943,-0.035714,0.140271,0.245469,-0.002784,-0.004473,-0.004036,-0.00018,0.025108,0.122925,-0.010295,-0.03129,-0.044764,-0.051738,0.0,0.007937,-0.001323,0.027778,0.014451,0.01562,0.002377,-0.020727,-0.005515,-0.000961,-0.011115,0.013934,0.029127,0.010976,-0.01815,0.252577,0.002126,-0.549715,-0.625357,0.286918,-0.000961,neutral
2025-06-03,2025-06-03,Juventus,Federico Chiesa,The Guardian / Michael Butler,Football transfer rumours: Dortmund close on Jobe Bellingham signing? || Football transfer rumours: Dortmund close on Jobe Bellingham signing? || Football transfer rumours: Dortmund close on Jobe Bellingham signing? || Football transfer rumours: Dortmund close on Jobe Bellingham signing? || Football transfer rumours: Dortmund close on Jobe Bellingham signing?,https://www.theguardian.com/football/2025/jun/03/football-transfer-rumours-dortmund-close-on-jobe-bellingham-signing,0.84,0.686,8,1,0.84,0.84,0.686,0.686,2024-25,out,permanent,0,26.0,Right Winger,35000000.0,12000000.0,,0.3429,23000000.0,0.5221,0.4225,0.8181,0.0,0.0,0.0,0.0,0.65,,,,,,,,python_fallback,ok,,2025-06-03,2025-06-03,0,120,-0.00013,0.604497,1,1,0.064249,0.045625,0.060875,-0.015882,0.022616,0.119813,-0.002569,-0.003589,-0.0001,-0.004556,0.039193,0.108573,0.065933,0.04942,0.062296,-0.008136,-0.036461,-0.040048,-0.060371,-0.079498,0.002426,0.015456,0.005602,-0.014931,-0.037621,-0.048854,-0.063808,-0.071017,0.045352,0.018383,-0.02697,0.914229,0.281207,0.831729,-0.273223,0.804462,-0.048854,negative
2025-06-08,2025-06-08,Borussia Dortmund,Jobe Bellingham,The Guardian / Louise Taylor,Jobe Bellingham to follow in Jude’s footsteps as Sunderland agree deal with Dortmund,https://www.theguardian.com/football/2025/jun/08/jobe-bellingham-sunderland-borussia-dortmund,0.84,0.686,1,1,0.84,0.84,0.686,0.686,2025-26,in,permanent,0,19.0,Central Midfield,22000000.0,30500000.0,,1.3864,-8500000.0,0.5631,0.3982,0.6681,0.0,0.0,0.0,0.0,0.65,,,,,,,,python_fallback,ok,,2025-06-08,2025-06-09,1,120,0.001247,0.175257,1,1,0.007937,0.018717,-0.001311,-0.01423,0.151057,0.211447,-0.000786,0.008835,0.012792,0.028561,0.034262,0.101518,0.006828,0.013345,-0.009596,-0.031346,-0.009186,-0.020997,0.009186,0.005249,-0.013039,-0.021931,-0.024907,-0.042603,-0.009387,-0.02222,0.006413,-0.000129,0.029015,0.011032,-0.017983,0.020845,-0.204195,-0.528869,-0.870128,0.0,-0.02222,negative
2025-06-08,2025-06-08,Manchester United,Matheus Cunha,The Guardian / Jonathan Liew,Bruno Fernandes staying means Manchester United face all kinds of trade-offs | Jonathan Liew,https://www.theguardian.com/football/2025/jun/08/bruno-fernandes-staying-manchester-united-trade-offs,0.84,0.686,1,1,0.84,0.84,0.686,0.686,2025-26,in,permanent,0,26.0,Centre-Forward,60000000.0,74200000.0,,1.2367,-14200000.0,0.6717,0.5025,0.6681,0.0,0.0,0.0,0.0,0.65,,,,,,,,python_fallback,ok,,2025-06-08,2025-06-09,1,120,-0.001211,0.630864,1,1,0.188269,0.156448,0.15808,0.234763,0.14515,0.176344,0.010281,0.005023,0.014999,0.027105,0.059397,0.094004,0.182995,0.161746,0.159364,0.223307,0.036563,0.052407,0.071298,0.172456,0.006408,0.007483,0.005458,0.015302,0.034946,0.052131,0.073726,0.16807,0.048989,0.029064,-0.019925,7.010547,4.662161,5.245498,1.017746,1.849377,0.052131,positive
2025-06-10,2025-06-10,Borussia Dortmund,Jamie Gittens,The Guardian / Jacob Steinberg,Chelsea cool interest in Mike Maignan and fail with £42m bid for Jamie Gittens,https://www.theguardian.com/football/2025/jun/10/chelsea-milan-mike-maignan,0.84,0.686,1,1,0.84,0.84,0.686,0.686,2025-26,out,permanent,0,20.0,Left Winger,50000000.0,56000000.0,,1.12,-6000000.0,0.697,0.6265,0.6681,0.0,0.0,0.0,0.0,0.65,,,,,,,,python_fallback,ok,,2025-06-10,2025-06-10,0,120,0.001066,0.172006,1,1,0.0,0.007937,0.007937,-0.029299,0.059805,0.211447,-0.005355,-0.004208,0.010182,0.006104,0.02579,0.086855,-0.000145,0.00546,0.000965,-0.041155,-0.009186,-0.009186,0.019685,0.015748,-0.009325,-0.027223,-0.030597,-0.022037,-0.009713,-0.00858,0.018816,0.008485,0.022736,0.012106,-0.01063,-0.204195,-0.734248,-0.870128,-0.655933,0.251406,-0.00858,neutral
2025-06-12,2025-06-12,Manchester United,Matheus Cunha,The Guardian / Jamie Jackson,Matheus Cunha seals ‘dream’ £62.5m Manchester United move on deal to 2030,https://www.theguardian.com/football/2025/jun/12/matheus-cunha-signs-manchester-united-dream,0.84,0.686,1,1,0.84,0.84,0.686,0.686,2025-26,in,permanent,0,26.0,Centre-Forward,60000000.0,74200000.0,,1.2367,-14200000.0,0.6717,0.5025,0.6681,0.0,0.0,0.0,0.0,0.65,,,,,,,,python_fallback,ok,,2025-06-12,2025-06-12,0,120,-0.001525,0.625105,1,1,-0.007055,0.02925,0.209885,0.212491,0.17129,0.218615,-0.002744,0.003647,0.008614,0.022703,0.023051,0.082975,-0.003814,0.031797,0.209245,0.2107,0.021314,0.026051,0.028419,0.075785,-0.007517,-0.006562,-0.009033,0.025045,0.029063,0.036373,0.043298,0.079919,0.049169,0.029162,-0.020007,2.344451,2.30773,0.41097,0.144982,1.107728,0.036373,positive
2025-06-23,2025-06-23,Manchester United,Bryan Mbeumo,The Guardian / Jamie Jackson and Jacob Steinberg,Manchester United increase offer for Brentford’s Bryan Mbeumo to £60m,https://www.theguardian.com/football/2025/jun/23/manchester-united-bryan-mbeumo-brentford-transfer-window,0.84,0.686,1,1,0.84,0.84,0.686,0.686,2025-26,in,permanent,0,25.0,Right Winger,55000000.0,75000000.0,,1.3636,-20000000.0,0.6682,0.5174,0.6681,0.0,0.0,0.0,0.0,0.65,,,,,,,,python_fallback,ok,,2025-06-23,2025-06-23,0,120,-0.000198,0.692184,1,1,0.004627,-0.011945,0.00579,0.257784,0.194636,0.204577,-0.002179,-0.010819,-0.012807,0.004805,0.021084,0.059766,0.006333,-0.003804,0.015882,0.244855,0.107657,0.048935,0.025331,-0.02015,0.020835,0.029019,0.039731,0.043178,0.092478,0.033865,0.004517,-0.040545,0.0483,0.028794,-0.019507,1.241041,2.102182,-0.170527,3.147459,3.289997,0.033865,positive
2025-06-24,2025-06-24,Borussia Dortmund,Jamie Gittens,The Guardian / Jacob Steinberg in Philadelphia,Chelsea closing in on deal for Borussia Dortmund winger Jamie Gittens,https://www.theguardian.com/football/2025/jun/24/chelsea-closing-in-borussia-dortmund-winger-jamie-gittens,0.84,0.896,1,1,0.84,0.84,0.896,0.896,2025-26,out,permanent,0,20.0,Left Winger,50000000.0,56000000.0,,1.12,-6000000.0,0.697,0.6265,0.7416,0.0,0.0,0.0,0.0,0.65,,,,,,,,python_fallback,ok,,2025-06-24,2025-06-24,0,120,0.001471,0.169134,1,1,0.0,0.011889,-0.003901,0.005249,-0.024204,0.065369,-0.003492,-0.002093,-0.018149,-0.037449,-0.031574,-0.012625,-0.000881,0.007773,-0.007776,-0.002299,0.01436,0.018277,0.015666,0.001306,0.009855,0.032842,0.017374,0.040307,0.009694,0.006998,0.004111,-0.020891,0.010413,0.010423,1e-05,0.2946,1.279794,1.670054,0.352288,1.198847,0.006998,neutral
2025-06-25,2025-06-25,Manchester United,Bryan Mbeumo,The Guardian / Jamie Jackson,Manchester United close on £60m-plus deal to buy Brentford’s Bryan Mbeumo,https://www.theguardian.com/football/2025/jun/25/manchester-united-close-deal-buy-bryan-mbeumo-brentford,0.84,0.686,1,1,0.84,0.84,0.686,0.686,2025-26,in,permanent,0,25.0,Right Winger,55000000.0,75000000.0,,1.3636,-20000000.0,0.6682,0.5174,0.6681,0.0,0.0,0.0,0.0,0.65,,,,,,,,python_fallback,ok,,2025-06-25,2025-06-25,0,120,0.000321,0.680588,1,1,0.013165,0.112782,0.094425,0.131099,0.42942,0.345455,0.011122,0.018611,0.009791,0.014369,0.049865,0.076374,0.005274,0.097467,0.08619,0.11483,-0.053015,-0.074324,-0.093035,-0.079522,0.008017,0.018511,0.022199,0.030905,-0.059559,-0.089825,-0.111903,-0.10363,0.04624,0.020089,-0.026152,1.98358,1.289055,2.288793,1.375375,2.108582,-0.089825,negative
2025-06-25,2025-06-25,Manchester United,Matheus Cunha,The Guardian / Jamie Jackson,Manchester United close on £60m-plus deal to buy Brentford’s Bryan Mbeumo,https://www.theguardian.com/football/2025/jun/25/manchester-united-close-deal-buy-bryan-mbeumo-brentford,0.84,0.686,1,1,0.84,0.84,0.686,0.686,2025-26,in,permanent,0,26.0,Centre-Forward,60000000.0,74200000.0,,1.2367,-14200000.0,0.6717,0.5025,0.6681,0.0,0.0,0.0,0.0,0.65,,,,,,,,python_fallback,ok,,2025-06-25,2025-06-25,0,120,0.000321,0.680588,1,1,0.013165,0.112782,0.094425,0.131099,0.42942,0.345455,0.011122,0.018611,0.009791,0.014369,0.049865,0.076374,0.005274,0.097467,0.08619,0.11483,-0.053015,-0.074324,-0.093035,-0.079522,0.008017,0.018511,0.022199,0.030905,-0.059559,-0.089825,-0.111903,-0.10363,0.04624,0.020089,-0.026152,1.98358,1.289055,2.288793,1.375375,2.108582,-0.089825,negative
2025-06-28,2025-06-28,Borussia Dortmund,Jamie Gittens,The Guardian / Jacob Steinberg and Ed Aarons,Chelsea agree Jamie Gittens deal and battle Newcastle for João Pedro,https://www.theguardian.com/football/2025/jun/28/sunderland-agree-club-record-30m-deal-for-strasbourg-midfielder-habib-diarra,0.84,0.686,1,1,0.84,0.84,0.686,0.686,2025-26,out,permanent,0,20.0,Left Winger,50000000.0,56000000.0,,1.12,-6000000.0,0.697,0.6265,0.6681,0.0,0.0,0.0,0.0,0.65,,,,,,,,python_fallback,ok,,2025-06-28,2025-06-30,2,120,0.001493,0.160796,1,1,0.016949,0.007752,0.018277,0.033113,0.02228,-0.04878,0.016234,0.016566,0.029236,0.021984,0.001489,0.011183,0.012845,0.000806,0.00625,0.014944,-0.002564,0.002564,-0.028205,-0.008974,-0.014976,-0.004123,0.001683,0.005302,-0.003056,-0.002649,-0.037471,-0.025747,0.011154,0.009715,-0.001439,2.206718,2.537667,0.422002,2.419158,2.338953,-0.002649,neutral
2025-07-05,2025-07-05,Borussia Dortmund,Jamie Gittens,The Guardian / Jacob Steinberg and Ben Fisher,"Transfer news: Jamie Gittens completes £48.5m Chelsea move, Forest land Jesus",https://www.theguardian.com/football/2025/jul/05/transfer-news-jamie-gittens-completes-55m-chelsea-switch-nottingham-forest-sign-igor-jesus,0.84,0.896,1,1,0.84,0.84,0.896,0.896,2025-26,out,permanent,0,20.0,Left Winger,50000000.0,56000000.0,,1.12,-6000000.0,0.697,0.6265,0.8216,-0.003856,-0.003856,0.006863,0.004822,0.6225,,,,,,,,python_fallback,ok,,2025-07-05,2025-07-07,2,120,0.001604,0.160564,1,1,-0.008951,-0.003856,-0.00641,0.011749,0.01706,0.002587,-0.006129,0.004822,-0.010226,0.01871,-0.021272,0.006681,-0.009572,-0.009383,-0.012664,-0.006961,-0.010323,0.005161,-0.002581,-0.002581,0.017634,0.028139,0.015689,0.021875,-0.016091,-0.005366,-0.0143,-0.023113,0.011032,0.011585,0.000553,0.638139,-0.946856,1.32065,0.982973,1.544343,-0.005366,neutral
2025-07-17,2025-07-17,Manchester United,Bryan Mbeumo,The Guardian / Will Unwin,Manchester United make improved Bryan Mbeumo bid with £70m package,https://www.theguardian.com/football/2025/jul/17/manchester-united-bryan-mbeumo-improved-bid-70m-brentford,0.84,0.686,1,1,0.84,0.84,0.686,0.686,2025-26,in,permanent,0,25.0,Right Winger,55000000.0,75000000.0,,1.3636,-20000000.0,0.6682,0.5174,0.6681,0.037015,0.038846,0.017409,0.010599,0.6435,,,,,,,,python_fallback,ok,,2025-07-17,2025-07-17,0,120,0.000616,0.739704,1,1,0.001134,0.003982,-0.001132,0.038846,0.003982,0.251773,0.003194,0.000631,7e-05,0.010599,0.038221,0.055216,-0.001843,0.001911,-0.003989,0.02564,0.001133,0.020397,0.017564,-0.003399,0.005283,0.007331,0.015909,0.012084,-0.003974,0.012541,0.002341,-0.01812,0.028956,0.012797,-0.016159,-0.187841,-0.003467,-0.706858,-0.832832,0.434934,0.012541,neutral
2025-07-18,2025-07-18,Manchester United,Bryan Mbeumo,The Guardian / Will Unwin,Manchester United agree deal to buy Bryan Mbeumo for initial £65m,https://www.theguardian.com/football/2025/jul/18/manchester-united-agree-deal-bryan-mbeumo-brentford-initial-65m,0.84,0.686,1,1,0.84,0.84,0.686,0.686,2025-26,in,permanent,0,25.0,Right Winger,55000000.0,75000000.0,,1.3636,-20000000.0,0.6682,0.5174,0.6681,0.005093,0.045321,0.016611,0.016029,0.6241,,,,,,,,python_fallback,ok,,2025-07-18,2025-07-18,0,120,0.000612,0.739618,1,1,0.006232,-0.007267,0.002823,0.017765,0.024812,0.251586,0.005374,0.004594,0.002691,0.011231,0.052591,0.054769,0.001646,-0.012412,-0.001944,0.004372,-0.005631,0.023086,-0.017455,-0.010698,0.001309,0.009774,0.014495,-0.009425,-0.007825,0.013405,-0.031228,-0.009643,0.028774,0.012719,-0.016055,-0.003467,-0.199759,-0.832832,-0.995736,0.315432,0.013405,neutral
2025-07-21,2025-07-21,Manchester United,Bryan Mbeumo,The Guardian / Will Unwin,‘Club of my dreams’: Bryan Mbeumo seals £71m Manchester United move,https://www.theguardian.com/football/2025/jul/21/club-of-my-dreams-bryan-mbeumo-seals-71m-manchester-united-move,0.84,0.686,1,1,0.84,0.84,0.686,0.686,2025-26,in,permanent,0,25.0,Right Winger,55000000.0,75000000.0,,1.3636,-20000000.0,0.6682,0.5174,0.6681,-0.002259,0.040024,0.016108,0.015937,0.6169,,,,,,,,python_fallback,ok,,2025-07-21,2025-07-21,0,120,0.000624,0.73971,1,1,-0.005068,0.002269,0.005119,0.009714,0.021978,0.265759,-9e-05,0.008493,0.005917,0.002777,0.052822,0.054596,-0.005625,-0.005843,-0.002105,0.002551,0.019242,0.016412,-0.013582,0.004527,0.002038,0.01057,0.014766,0.005265,0.016498,0.006282,-0.027579,-0.005433,0.0288,0.013596,-0.015203,-0.199759,-0.255551,-0.995736,-0.836981,0.409606,0.006282,neutral
2025-08-05,2025-08-05,Manchester United,Benjamin Sesko,The Guardian / Louise Taylor and Will Unwin,Manchester United rival Newcastle with Sesko bid and believe he prefers Old Trafford,https://www.theguardian.com/football/2025/aug/05/manchester-united-newcastle-benjamin-sesko-bids,0.84,0.686,1,1,0.84,0.84,0.686,0.686,2025-26,in,permanent,0,22.0,Centre-Forward,70000000.0,76500000.0,,1.0929,-6500000.0,0.7041,0.5358,0.6681,0.017192,0.044732,0.014998,0.021286,0.6429,,,,,,,,python_fallback,ok,,2025-08-05,2025-08-05,0,120,0.000711,0.752062,1,1,0.010245,0.009096,0.018359,0.005096,0.024827,0.021877,0.014737,-0.00518,-0.009363,0.00386,0.016045,0.060675,-0.00155,0.010696,0.021822,-0.004134,0.012958,-0.014085,-0.009577,-0.010141,0.002389,0.009401,0.018297,0.012864,0.009736,-0.023618,-0.027041,-0.02683,0.014806,0.023257,0.008451,0.468413,1.441179,-1.239188,-0.315808,0.868518,-0.023618,negative
2025-08-06,2025-08-06,Manchester United,Alejandro Garnacho,The Guardian / Ed Aarons,Chelsea step up efforts to sign Garnacho and Simons in attacking reshuffle,https://www.theguardian.com/football/2025/aug/06/transfer-news-chelsea-alejandro-garnacho-xavi-simons-nicolas-jackson-manchester-united-rb-leipzig,0.84,0.686,1,1,0.84,0.84,0.686,0.686,2025-26,out,permanent,0,21.0,Left Winger,45000000.0,46200000.0,,1.0267,-1200000.0,0.676,0.602,0.6681,0.033276,0.060035,0.014898,0.016325,0.6621,,,,,,,,python_fallback,ok,,2025-08-06,2025-08-06,0,120,0.000579,0.751458,1,1,0.014648,0.023877,0.044058,-0.0,0.058167,-0.051606,-0.004858,-0.006341,-0.01125,-0.001653,0.011834,0.045479,0.01772,0.026613,0.048881,-0.003846,-0.000555,-0.017213,-0.029428,-0.034425,0.006479,0.011789,0.026573,0.015334,-0.006584,-0.028069,-0.052648,-0.052078,0.014427,0.023034,0.008607,1.441179,1.300427,-0.315808,-1.16504,0.70758,-0.028069,negative
2025-08-06,2025-08-06,Manchester United,Benjamin Sesko,The Guardian / Will Unwin,Manchester United confident of beating Newcastle to signing Benjamin Sesko || Manchester United confident of beating Newcastle to signing Benjamin Sesko || Manchester United confident of beating Newcastle to signing Benjamin Sesko,https://www.theguardian.com/football/2025/aug/06/manchester-united-confident-of-beating-newcastle-to-benjamin-sesko-signing,0.84,0.686,3,1,0.84,0.84,0.686,0.686,2025-26,in,permanent,0,22.0,Centre-Forward,70000000.0,76500000.0,,1.0929,-6500000.0,0.7041,0.5358,0.7681,0.033276,0.060035,0.014898,0.016325,0.6621,,,,,,,,python_fallback,ok,,2025-08-06,2025-08-06,0,120,0.000579,0.751458,1,1,0.014648,0.023877,0.044058,-0.0,0.058167,-0.051606,-0.004858,-0.006341,-0.01125,-0.001653,0.011834,0.045479,0.01772,0.026613,0.048881,-0.003846,-0.000555,-0.017213,-0.029428,-0.034425,0.006479,0.011789,0.026573,0.015334,-0.006584,-0.028069,-0.052648,-0.052078,0.014427,0.023034,0.008607,1.441179,1.300427,-0.315808,-1.16504,0.70758,-0.028069,negative
2025-08-07,2025-08-07,Manchester United,Benjamin Sesko,The Guardian / Will Unwin,Manchester United agree £73.3m deal to sign Benjamin Sesko from RB Leipzig,https://www.theguardian.com/football/2025/aug/07/manchester-united-agree-deal-to-sign-benjamin-sesko-rb-leipzig,0.84,0.896,1,1,0.84,0.84,0.896,0.896,2025-26,in,permanent,0,22.0,Centre-Forward,70000000.0,76500000.0,,1.0929,-6500000.0,0.7041,0.5358,0.7416,0.042319,0.05827,0.01462,0.023725,0.6739,,,,,,,,python_fallback,ok,,2025-08-07,2025-08-07,0,120,0.000708,0.749604,1,1,-0.001666,0.023335,0.022172,-0.010457,0.017544,-0.065489,0.007282,0.017161,-0.002804,-0.002178,0.01306,0.041509,-0.007833,0.008237,0.020441,-0.015299,-0.026696,-0.022247,-0.031146,-0.043938,0.006996,0.015871,0.019461,0.003957,-0.033331,-0.036727,-0.049913,-0.054853,0.011961,0.023098,0.011137,1.300427,1.272391,-1.16504,-0.174994,0.957631,-0.036727,negative
2025-08-09,2025-08-09,Manchester United,Benjamin Sesko,The Guardian / Andy Martin,Manchester United seal £73.7m deal for Benjamin Sesko from RB Leipzig,https://www.theguardian.com/football/2025/aug/09/manchester-united-seal-76m-deal-benjamin-sesko-leipzig,0.84,0.686,1,1,0.84,0.84,0.686,0.686,2025-26,in,permanent,0,22.0,Centre-Forward,70000000.0,76500000.0,,1.0929,-6500000.0,0.7041,0.5358,0.6681,-0.005117,0.030018,0.015175,0.030887,0.6205,,,,,,,,python_fallback,ok,,2025-08-09,2025-08-11,2,120,0.000812,0.747225,1,1,-0.027778,-0.028318,-0.003984,0.002865,-0.004551,-0.039517,0.0078,0.014329,0.024277,0.000127,0.02072,0.040454,-0.034418,-0.041442,-0.025556,-0.004794,0.004571,-0.004571,0.004571,-0.014857,0.008813,0.012378,0.009343,0.007805,-0.003582,-0.016968,-0.006898,-0.029052,0.013402,0.022607,0.009204,-0.991324,-0.110526,-0.4555,-0.303492,0.935451,-0.016968,neutral
2025-08-13,2025-08-13,Manchester United,Benjamin Sesko,The Guardian / Andy Brassell,Manchester United show patience and hope for big things from Benjamin Sesko | Andy Brassell,https://www.theguardian.com/football/2025/aug/13/manchester-united-benjamin-sesko,0.84,0.686,1,1,0.84,0.84,0.686,0.686,2025-26,in,permanent,0,22.0,Centre-Forward,70000000.0,76500000.0,,1.0929,-6500000.0,0.7041,0.5358,0.6681,-0.009577,0.034726,0.014839,0.039973,0.6246,,,,,,,,python_fallback,ok,,2025-08-13,2025-08-13,0,120,0.00087,0.740499,1,1,-0.00678,-0.023333,-0.023876,0.01913,-0.002836,-0.012914,0.011345,0.016681,0.023268,0.011757,0.032352,0.038809,-0.016051,-0.038062,-0.045157,0.002146,-0.009101,-0.0,-0.010808,-0.027873,0.003534,0.000526,-0.007754,0.005529,-0.013477,-0.003543,-0.009958,-0.04128,0.012742,0.024121,0.011379,-0.587769,-1.002496,-1.601316,0.239117,1.045546,-0.003543,neutral
2025-08-22,2025-08-22,Borussia Dortmund,Giovanni Reyna,The Guardian / Yara El-Shaboury,Football transfer rumours: Crystal Palace to pursue Pino or hijack Dibling move?,https://www.theguardian.com/football/2025/aug/22/football-transfer-rumours-palace-to-pursue-pino-or-hijack-dibling-move,0.84,0.686,1,1,0.84,0.84,0.686,0.686,2025-26,out,permanent,0,22.0,Attacking Midfield,7000000.0,4000000.0,,0.5714,3000000.0,0.5736,0.4825,0.6681,0.012483,-0.053178,0.010154,0.001568,0.6001,-0.00453,0.001765,0.014845,0.005668,0.014845,neutral,neutral,python_fallback,ok,,2025-08-22,2025-08-22,0,120,0.000904,0.231788,1,1,-0.008152,0.001372,0.00551,-0.013514,-0.041995,-0.062901,0.000674,-0.000881,-0.003452,0.004168,-0.000107,-0.006684,-0.009213,-0.001065,0.001852,-0.023173,-0.00274,0.00274,0.005479,-0.010959,-0.000832,-0.010173,-0.0161,-0.028665,-0.004352,0.001506,0.003936,-0.01385,0.010723,0.007805,-0.002918,-0.531017,-0.36157,-0.228011,-0.874737,0.629628,0.001506,neutral
2025-08-22,2025-08-22,Manchester United,Senne Lammens,The Guardian / Jamie Jackson and Will Unwin,Manchester United close on signing Antwerp goalkeeper Senne Lammens in €20m deal || Manchester United close on signing Antwerp goalkeeper Senne Lammens in €20m deal,https://www.theguardian.com/football/2025/aug/22/manchester-united-close-on-royal-antwerp-goalkeeper-senne-lammens-20m-deal,0.84,0.686,2,1,0.84,0.84,0.686,0.686,2025-26,in,permanent,0,23.0,Goalkeeper,9000000.0,21000000.0,,2.3333,-12000000.0,0.525,0.4458,0.7181,-0.01659,-0.022184,0.012684,0.01764,0.5881,-0.018233,-0.007805,-0.024466,-0.087849,-0.024466,negative,negative,python_fallback,ok,,2025-08-22,2025-08-22,0,120,0.001395,0.723989,1,1,-0.011501,-0.022184,-0.013203,-0.045,-0.042873,-0.029362,-0.004004,-0.012247,-0.015207,0.004759,0.001072,0.014284,-0.009997,-0.017598,-0.008763,-0.062592,0.002909,-0.005817,0.038394,-0.087842,0.010855,0.017461,0.014142,0.01962,-0.0075,-0.023726,0.01982,-0.116461,0.013034,0.027805,0.014771,-2.035857,-0.366452,-1.028413,0.373242,1.063308,-0.023726,negative
2025-08-24,2025-08-24,Manchester United,Senne Lammens,The Guardian / Exclusive by Jamie Jackson,Senne Lammens to miss Antwerp game as Manchester United move draws near,https://www.theguardian.com/football/2025/aug/24/senne-lammens-goalkeeper-manchester-united-move-draws-closer,0.84,0.686,1,1,0.84,0.84,0.686,0.686,2025-26,in,permanent,0,23.0,Goalkeeper,9000000.0,21000000.0,,2.3333,-12000000.0,0.525,0.4458,0.6681,0.005166,-0.021241,0.012734,0.031642,0.6145,-0.007392,-0.018494,-0.008871,-0.08914,-0.008871,neutral,neutral,python_fallback,ok,,2025-08-24,2025-08-25,1,120,0.001402,0.725477,1,1,0.018615,-0.003415,-0.016292,0.000571,0.003438,-0.003982,0.015186,0.008663,0.002653,0.012123,0.012251,0.033094,0.006196,-0.013683,-0.025092,-0.021633,-0.017133,-0.003998,-0.068532,-0.087379,-0.00015,0.005404,-0.007944,0.007067,-0.019867,-0.013188,-0.069093,-0.106981,0.012298,0.027253,0.014954,-0.366452,-1.604998,0.373242,-0.037506,0.993633,-0.013188,neutral
2025-08-26,2025-08-26,Manchester United,Antony,The Guardian / Dominic Booth,Football transfer rumours: Kobbie Mainoo to consider Manchester United exit?,https://www.theguardian.com/football/2025/aug/26/football-transfer-rumours-kobbie-mainoo-to-consider-manchester-united-exit,0.84,0.686,1,1,0.84,0.84,0.686,0.686,2025-26,out,permanent,0,25.0,Right Winger,35000000.0,22000000.0,,0.6286,13000000.0,0.5864,0.4975,0.6681,-0.031461,-0.022121,0.012769,0.031321,0.5816,-0.028542,-0.013686,0.029287,-0.088867,0.029287,positive,positive,python_fallback,ok,,2025-08-26,2025-08-26,0,120,0.001259,0.726573,1,1,-0.01542,-0.008626,-0.01934,-0.025989,-0.010901,-0.036333,-0.004266,0.006808,-0.001524,0.010335,0.007755,0.027241,-0.013579,-0.017106,-0.024414,-0.045786,-0.008701,0.035383,-0.070766,-0.045824,0.006535,0.003252,0.001388,0.014399,-0.015971,0.027856,-0.077393,-0.065854,0.012764,0.027183,0.014419,-1.604998,-1.61938,-0.037506,0.561149,1.095261,0.027856,positive
2025-08-27,2025-08-27,Manchester United,Alejandro Garnacho,The Guardian / Jacob Steinberg,Chelsea close in on deal for Manchester United’s Alejandro Garnacho,https://www.theguardian.com/football/2025/aug/27/chelsea-close-in-on-deal-for-manchester-uniteds-alejandro-garnacho,0.84,0.686,1,1,0.84,0.84,0.686,0.686,2025-26,out,permanent,0,21.0,Left Winger,45000000.0,46200000.0,,1.0267,-1200000.0,0.676,0.602,0.6681,-0.021047,-0.024929,0.012765,0.032288,0.5899,0.006303,0.010125,-0.050598,-0.096809,-0.050598,negative,negative,python_fallback,ok,,2025-08-27,2025-08-27,0,120,0.00141,0.725662,1,1,-0.00174,0.001163,-0.02049,-0.021047,-0.002319,-0.023823,0.004134,0.015034,0.008511,0.003131,0.014924,0.035584,-0.00615,-0.013697,-0.033592,-0.037012,0.013364,-0.052295,-0.066241,-0.059849,0.005555,-0.007795,0.005589,0.018795,0.006662,-0.049256,-0.076492,-0.08533,0.012568,0.027344,0.014776,-1.61938,-2.101375,0.561149,0.392173,1.066699,-0.049256,negative
2025-08-28,2025-08-28,Manchester United,Alejandro Garnacho,"The Guardian / Jamie Jackson, Jacob Steinberg and David Hytner",Manchester United agree £40m fee with Chelsea for sale of Alejandro Garnacho,https://www.theguardian.com/football/2025/aug/28/christopher-nkunku-milan-chelsea,0.84,0.686,1,1,0.84,0.84,0.686,0.686,2025-26,out,permanent,0,21.0,Left Winger,45000000.0,46200000.0,,1.0267,-1200000.0,0.676,0.602,0.6681,-0.027319,-0.037725,0.012742,0.029225,0.5769,0.035266,0.043557,-0.06132,-0.06887,-0.06132,negative,negative,python_fallback,ok,,2025-08-28,2025-08-28,0,120,0.001121,0.740936,1,1,-0.006973,-0.023986,-0.017251,-0.022311,-0.028425,-0.031728,0.002391,0.002241,0.013387,0.002292,0.018624,0.034756,-0.009865,-0.02917,-0.032583,-0.034842,0.04447,-0.06261,-0.070216,-0.039789,-0.003262,-0.005113,1.5e-05,0.015875,0.044148,-0.060799,-0.074961,-0.059129,0.011793,0.027344,0.015551,-2.101375,-0.457355,0.392173,4.179257,1.711563,-0.060799,negative
2025-09-01,2025-09-01,Manchester United,Jadon Sancho,The Guardian / Ben Fisher | The Guardian / Daniel Harris,"Aston Villa snap up Jadon Sancho and Harvey Elliott in loan deals || Football transfer rumours: Lookman in, Bissouma out at Tottenham?",https://www.theguardian.com/football/2025/sep/01/aston-villa-jadon-sancho-harvey-elliott-loan-deals-transfer-deadline-day | https://www.theguardian.com/football/2025/sep/01/football-transfer-rumours-victor-lindelof-to-aston-villa,0.84,0.686,2,2,0.84,0.84,0.686,0.686,2025-26,out,permanent,0,25.0,Left Winger,28000000.0,0.0,,0.0,28000000.0,0.445,0.4825,0.7181,0.038394,0.010759,0.014011,0.024527,0.6506,-0.082904,-0.106338,-0.118061,-0.107578,-0.118061,negative,negative,python_fallback,ok,,2025-09-01,2025-09-02,1,120,0.001338,0.747857,1,1,0.023509,0.037188,0.019417,0.002809,0.015936,0.010187,-0.006398,-0.000878,-0.001028,0.001622,0.035628,0.025961,0.026956,0.033637,0.0139,-0.010938,-0.102521,-0.109804,-0.104762,-0.080672,-0.001858,0.003288,0.008103,0.022677,-0.105369,-0.12,-0.120346,-0.110233,0.013738,0.026556,0.012819,1.155737,-4.694036,3.418742,13.719276,4.57997,-0.12,negative
2025-09-01,2025-09-01,Manchester United,Senne Lammens,The Guardian / Jamie Jackson,Manchester United seal €21m deal for goalkeeper Senne Lammens || Manchester United seal €21m deal for goalkeeper Senne Lammens,https://www.theguardian.com/football/2025/sep/01/manchester-united-keen-on-senne-lammens-or-emiliano-martinez-as-new-goalkeeper-option,0.84,0.686,2,1,0.84,0.84,0.686,0.686,2025-26,in,permanent,0,23.0,Goalkeeper,9000000.0,21000000.0,,2.3333,-12000000.0,0.525,0.4458,0.7181,0.038394,0.010759,0.014011,0.024527,0.6506,-0.082904,-0.106338,-0.118061,-0.107578,-0.118061,negative,negative,python_fallback,ok,,2025-09-01,2025-09-02,1,120,0.001338,0.747857,1,1,0.023509,0.037188,0.019417,0.002809,0.015936,0.010187,-0.006398,-0.000878,-0.001028,0.001622,0.035628,0.025961,0.026956,0.033637,0.0139,-0.010938,-0.102521,-0.109804,-0.104762,-0.080672,-0.001858,0.003288,0.008103,0.022677,-0.105369,-0.12,-0.120346,-0.110233,0.013738,0.026556,0.012819,1.155737,-4.694036,3.418742,13.719276,4.57997,-0.12,negative
2026-01-02,2026-01-02,Lazio,Taty Castellanos,The Guardian / Jacob Steinberg,West Ham sign striker Pablo and agree deal for Castellanos in £47m spree || West Ham sign striker Pablo and agree deal for Castellanos in £47m spree || West Ham sign striker Pablo and agree deal for Castellanos in £47m spree || West Ham sign striker Pablo and agree deal for Castellanos in £47m spree || West Ham sign striker Pablo and agree deal for Castellanos in £47m spree,https://www.theguardian.com/football/2026/jan/02/west-ham-taty-castellanos-pablo-felipe-agree-deals-buy-strikers,0.84,0.686,5,1,0.84,0.84,0.686,0.686,2025-26,out,permanent,0,27.0,Centre-Forward,25000000.0,29000000.0,,1.16,-4000000.0,0.706,0.6513,0.8181,-0.020492,0.111628,0.020788,0.021593,0.6207,-0.053338,-0.023173,-0.018438,-0.024769,-0.018438,neutral,neutral,python_fallback,ok,,2026-01-02,2026-01-02,0,120,0.003553,0.251269,1,1,-0.02449,-0.008299,-0.020492,0.086364,0.09633,0.116822,0.011455,0.007871,0.01084,0.028443,0.039912,0.004245,-0.030921,-0.020455,-0.039717,0.044539,-0.012552,-0.004184,0.0,0.0,0.020069,0.013661,0.017221,0.019023,-0.024711,-0.021762,-0.025513,-0.043573,0.023503,0.014184,-0.009319,0.971754,0.797127,-0.367873,-0.681919,0.314663,-0.021762,negative
